country,state,city,station,last_update,latitude,longitude,pollutant_id,pollutant_min,pollutant_max,pollutant_avg
India,Bihar,Bihar Sharif,"D M Colony, Bihar Sharif - BSPCB",14-12-2025 23:00,25.204762,85.51496,PM2.5,57,308,166
India,Bihar,Bihar Sharif,"D M Colony, Bihar Sharif - BSPCB",14-12-2025 23:00,25.204762,85.51496,SO2,10,10,10
India,Bihar,Bihar Sharif,"D M Colony, Bihar Sharif - BSPCB",14-12-2025 23:00,25.204762,85.51496,CO,1,102,54
India,Bihar,Bihar Sharif,"D M Colony, Bihar Sharif - BSPCB",14-12-2025 23:00,25.204762,85.51496,OZONE,1,25,2
India,Bihar,Buxar,"Charitra Van, Buxar - BSPCB",14-12-2025 23:00,25.56752,83.966379,PM2.5,62,253,159
India,Bihar,Chhapra,"Darshan Nagar, Chhapra - BSPCB",14-12-2025 23:00,25.7808257,84.7446768,SO2,20,27,23
India,Bihar,Gaya,"Collectorate, Gaya - BSPCB",14-12-2025 23:00,24.7955,84.9994,PM2.5,NA,NA,NA
India,Bihar,Gaya,"Kareemganj, Gaya - BSPCB",14-12-2025 23:00,24.792403,84.992416,PM2.5,40,233,113
India,Bihar,Kishanganj,"SDM Office_Khagra, Kishanganj - BSPCB",14-12-2025 23:00,26.0881305,87.93840336,OZONE,16,18,17
India,Bihar,Manguraha,"Forest Rest House, Manguraha - BSPCB",14-12-2025 23:00,27.308328,84.531742,PM2.5,27,313,64
India,Bihar,Manguraha,"Forest Rest House, Manguraha - BSPCB",14-12-2025 23:00,27.308328,84.531742,CO,32,34,33
India,Bihar,Munger,"Town Hall, Munger - BSPCB",14-12-2025 23:00,25.376776,86.471523,CO,8,46,33
India,Bihar,Muzaffarpur,"Buddha Colony, Muzaffarpur - BSPCB",14-12-2025 23:00,26.11442,85.39813,PM2.5,41,277,180
India,Bihar,Muzaffarpur,"MIT-Daudpur Kothi, Muzaffarpur - BSPCB",14-12-2025 23:00,26.1403345,85.3650192,PM2.5,88,127,101
India,Assam,Silchar,"Tarapur, Silchar - PCBA",14-12-2025 23:00,24.82827,92.79525,NO2,19,26,22
India,Assam,Silchar,"Tarapur, Silchar - PCBA",14-12-2025 23:00,24.82827,92.79525,OZONE,1,3,1
India,Assam,Sivasagar,"Girls College, Sivasagar - PCBA",14-12-2025 23:00,26.987634,94.636574,PM2.5,NA,NA,NA
India,Assam,Sivasagar,"Girls College, Sivasagar - PCBA",14-12-2025 23:00,26.987634,94.636574,PM10,NA,NA,NA
India,Assam,Sivasagar,"Girls College, Sivasagar - PCBA",14-12-2025 23:00,26.987634,94.636574,NH3,5,20,12
India,Bihar,Araria,"Kharahiya Basti, Araria - BSPCB",14-12-2025 23:00,26.146529,87.454184,PM10,19,169,92
India,Bihar,Arrah,"New DM Office, Arrah - BSPCB",14-12-2025 23:00,25.5626095,84.663264,PM10,29,117,82
India,Andhra_Pradesh,Visakhapatnam,"GVM Corporation, Visakhapatnam - APPCB",14-12-2025 23:00,17.72,83.3,SO2,22,42,29
India,Arunachal_Pradesh,Naharlagun,"Naharlagun, Naharlagun - APSPCB",14-12-2025 23:00,27.103358,93.679645,SO2,8,10,9
India,Assam,Byrnihat,"Central Academy for SFS, Byrnihat - PCBA",14-12-2025 23:00,26.071318,91.87488,PM10,60,106,85
India,Assam,Guwahati,"LGBI Airport, Guwahati - PCBA",14-12-2025 23:00,26.10887,91.589544,PM10,89,152,119
India,Andhra_Pradesh,Vijayawada,"HB Colony, Vijayawada - APPCB",14-12-2025 23:00,16.536107,80.594233,PM10,54,81,67
India,Andhra_Pradesh,Vijayawada,"HB Colony, Vijayawada - APPCB",14-12-2025 23:00,16.536107,80.594233,OZONE,13,29,21
India,Andhra_Pradesh,Vijayawada,"Kanuru, Vijayawada - APPCB",14-12-2025 23:00,16.486692,80.699436,PM10,NA,NA,NA
India,Andhra_Pradesh,Vijayawada,"Rajiv Gandhi Park, Vijayawada - APPCB",14-12-2025 23:00,16.509717,80.612222,PM2.5,75,98,85
India,Andhra_Pradesh,Vijayawada,"Rajiv Gandhi Park, Vijayawada - APPCB",14-12-2025 23:00,16.509717,80.612222,SO2,13,17,15
India,Andhra_Pradesh,Vijayawada,"Rajiv Nagar, Vijayawada - APPCB",14-12-2025 23:00,16.554731,80.64911,PM10,50,73,55
India,Andhra_Pradesh,Rajamahendravaram,"Anand Kala Kshetram, Rajamahendravaram - APPCB",14-12-2025 23:00,16.9872867,81.7363176,PM2.5,90,282,167
India,Andhra_Pradesh,Rajamahendravaram,"Anand Kala Kshetram, Rajamahendravaram - APPCB",14-12-2025 23:00,16.9872867,81.7363176,CO,19,66,45
India,Andhra_Pradesh,Tirupati,"Vaikuntapuram, Tirupati - APPCB",14-12-2025 23:00,13.615387,79.40923,PM2.5,56,62,59
India,Andhra_Pradesh,Tirupati,"Vaikuntapuram, Tirupati - APPCB",14-12-2025 23:00,13.615387,79.40923,NO2,14,17,15
India,Assam,Guwahati,"Pan Bazaar, Guwahati - PCBA",14-12-2025 23:00,26.1875,91.744194,PM2.5,30,227,93
India,Assam,Guwahati,"Pan Bazaar, Guwahati - PCBA",14-12-2025 23:00,26.1875,91.744194,SO2,16,37,25
India,Assam,Nagaon,"Christianpatty, Nagaon - PCBA",14-12-2025 23:00,26.349082,92.68449,CO,8,25,18
India,Assam,Nalbari,"Bata Chowk, Nalbari - PCBA",14-12-2025 23:00,26.446912,91.439057,NH3,6,6,6
India,Bihar,Gaya,"Kareemganj, Gaya - BSPCB",14-12-2025 23:00,24.792403,84.992416,CO,38,44,39
India,Bihar,Gaya,"Kareemganj, Gaya - BSPCB",14-12-2025 23:00,24.792403,84.992416,OZONE,1,29,12
India,Bihar,Hajipur,"Industrial Area, Hajipur - BSPCB",14-12-2025 23:00,25.697189,85.2459,PM10,42,138,89
India,Bihar,Hajipur,"Industrial Area, Hajipur - BSPCB",14-12-2025 23:00,25.697189,85.2459,SO2,8,10,9
India,Bihar,Hajipur,"Industrial Area, Hajipur - BSPCB",14-12-2025 23:00,25.697189,85.2459,OZONE,5,88,34
India,Bihar,Bettiah,"Kamalnath Nagar, Bettiah - BSPCB",14-12-2025 23:00,26.80365,84.51954,PM2.5,18,140,77
India,Bihar,Bettiah,"Kamalnath Nagar, Bettiah - BSPCB",14-12-2025 23:00,26.80365,84.51954,PM10,22,126,84
India,Bihar,Bhagalpur,"DM Office_Kachari Chowk, Bhagalpur - BSPCB",14-12-2025 23:00,25.251013,86.989001,PM10,26,138,85
India,Bihar,Bhagalpur,"DM Office_Kachari Chowk, Bhagalpur - BSPCB",14-12-2025 23:00,25.251013,86.989001,OZONE,9,25,16
India,Andaman and Nicobar,Sri Vijaya Puram,"Police Line, Sri Vijaya Puram - ANPCC",14-12-2025 23:00,11.654054,92.734055,OZONE,1,9,3
India,Andhra_Pradesh,Amaravati,"Secretariat, Amaravati - APPCB",14-12-2025 23:00,16.5150833,80.5181667,SO2,1,26,5
India,Bihar,Purnia,"Mariam Nagar, Purnia - BSPCB",14-12-2025 23:00,25.366336,87.117468,OZONE,19,30,24
India,Bihar,Saharsa,"Police Line, Saharsa - BSPCB",14-12-2025 23:00,25.892357,86.590325,SO2,14,19,16
India,Bihar,Saharsa,"Police Line, Saharsa - BSPCB",14-12-2025 23:00,25.892357,86.590325,OZONE,1,13,7
India,Bihar,Samastipur,"DM Office_Kasipur, Samastipur - BSPCB",14-12-2025 23:00,25.859655,85.77944,NH3,1,1,1
India,Bihar,Samastipur,"DM Office_Kasipur, Samastipur - BSPCB",14-12-2025 23:00,25.859655,85.77944,SO2,20,28,25
India,Bihar,Samastipur,"DM Office_Kasipur, Samastipur - BSPCB",14-12-2025 23:00,25.859655,85.77944,CO,26,136,66
India,Bihar,Sasaram,"Dada Peer, Sasaram - BSPCB",14-12-2025 23:00,24.952822,84.002396,PM10,82,202,132
India,Bihar,Patna,"Muradpur, Patna - BSPCB",14-12-2025 23:00,25.619651,85.147382,NO2,6,12,9
India,Bihar,Patna,"Muradpur, Patna - BSPCB",14-12-2025 23:00,25.619651,85.147382,NH3,4,5,5
India,Bihar,Patna,"Muradpur, Patna - BSPCB",14-12-2025 23:00,25.619651,85.147382,OZONE,4,23,15
India,Bihar,Patna,"Rajbansi Nagar, Patna - BSPCB",14-12-2025 23:00,25.599486,85.113666,SO2,5,8,7
India,Bihar,Patna,"Rajbansi Nagar, Patna - BSPCB",14-12-2025 23:00,25.599486,85.113666,CO,19,109,81
India,Bihar,Patna,"Samanpura, Patna - BSPCB",14-12-2025 23:00,25.596727,85.085624,NH3,5,5,5
India,Bihar,Patna,"Samanpura, Patna - BSPCB",14-12-2025 23:00,25.596727,85.085624,SO2,3,4,4
India,Bihar,Purnia,"Mariam Nagar, Purnia - BSPCB",14-12-2025 23:00,25.366336,87.117468,NO2,5,7,6
India,Delhi,Delhi,"Alipur, Delhi - DPCC",14-12-2025 23:00,28.815329,77.15301,SO2,2,7,4
India,Delhi,Delhi,"Alipur, Delhi - DPCC",14-12-2025 23:00,28.815329,77.15301,CO,88,119,102
India,Delhi,Delhi,"Alipur, Delhi - DPCC",14-12-2025 23:00,28.815329,77.15301,OZONE,6,35,17
India,Delhi,Delhi,"Anand Vihar, Delhi - DPCC",14-12-2025 23:00,28.647622,77.315809,PM10,413,500,479
India,Delhi,Delhi,"Aya Nagar, Delhi - IMD",14-12-2025 23:00,28.4706914,77.1099364,PM2.5,327,468,405
India,Delhi,Delhi,"Aya Nagar, Delhi - IMD",14-12-2025 23:00,28.4706914,77.1099364,PM10,363,500,439
India,Delhi,Delhi,"Bawana, Delhi - DPCC",14-12-2025 23:00,28.7762,77.051074,PM2.5,447,500,491
India,Bihar,Siwan,"Chitragupta Nagar, Siwan - BSPCB",14-12-2025 23:00,26.2271665,84.3570427,SO2,3,3,3
India,Bihar,Siwan,"Chitragupta Nagar, Siwan - BSPCB",14-12-2025 23:00,26.2271665,84.3570427,CO,27,30,30
India,Chandigarh,Chandigarh,"Sector 22, Chandigarh - CPCC",14-12-2025 23:00,30.735567,76.775714,CO,32,125,98
India,Chandigarh,Chandigarh,"Sector-53, Chandigarh - CPCC",14-12-2025 23:00,30.719859,76.738637,NH3,6,10,8
India,Chhattisgarh,Bhilai,"32Bungalows, Bhilai - CECB",14-12-2025 23:00,21.194815,81.31477,PM2.5,14,40,26
India,Bihar,Muzaffarpur,"MIT-Daudpur Kothi, Muzaffarpur - BSPCB",14-12-2025 23:00,26.1403345,85.3650192,SO2,9,22,13
India,Bihar,Muzaffarpur,"Muzaffarpur Collectorate, Muzaffarpur - BSPCB",14-12-2025 23:00,26.1209,85.3647,NO2,12,15,14
India,Bihar,Patna,"DRM Office Danapur, Patna - BSPCB",14-12-2025 23:00,25.586562,85.043586,NO2,36,127,63
India,Bihar,Patna,"IGSC Planetarium Complex, Patna - BSPCB",14-12-2025 23:00,25.610369,85.132568,SO2,1,23,10
India,Chhattisgarh,Bhilai,"Civic Center, Bhilai - Bhilai Steel Plant",14-12-2025 23:00,21.185571,81.343175,OZONE,3,14,9
India,Chhattisgarh,Bilaspur,"Mangala, Bilaspur - NTPC",14-12-2025 23:00,22.08815,82.13737,SO2,6,14,8
India,Chhattisgarh,Chhal,"Nawapara SECL Colony, Chhal - CECB",14-12-2025 23:00,22.118125,83.140608,NH3,5,5,5
India,Chhattisgarh,Chhal,"Nawapara SECL Colony, Chhal - CECB",14-12-2025 23:00,22.118125,83.140608,CO,30,65,46
India,Chhattisgarh,Korba,"Rampur, Korba - CECB",14-12-2025 23:00,22.368195,82.746431,SO2,NA,NA,NA
India,Chhattisgarh,Kunjemura,"OP Jindal School, Kunjemura - CECB",14-12-2025 23:00,22.12665,83.483212,PM2.5,26,60,43
India,Chhattisgarh,Kunjemura,"OP Jindal School, Kunjemura - CECB",14-12-2025 23:00,22.12665,83.483212,PM10,39,83,57
India,Chhattisgarh,Milupara,"Govt. Higher Secondary School, Milupara - CECB",14-12-2025 23:00,22.1910172,83.5197009,CO,1,30,26
India,Chhattisgarh,Raipur,"Krishak Nagar, Raipur - CECB",14-12-2025 23:00,21.237755,81.705301,PM10,52,109,83
India,Chhattisgarh,Raipur,"Siltara Phase-II, Raipur - CECB",14-12-2025 23:00,21.371751,81.664929,PM10,NA,NA,NA
India,Delhi,Delhi,"Burari Crossing, Delhi - IMD",14-12-2025 23:00,28.7256504,77.2011573,PM10,349,500,465
India,Delhi,Delhi,"Dr. Karni Singh Shooting Range, Delhi - DPCC",14-12-2025 23:00,28.498571,77.26484,SO2,10,19,15
India,Delhi,Delhi,"Dr. Karni Singh Shooting Range, Delhi - DPCC",14-12-2025 23:00,28.498571,77.26484,CO,2,60,30
India,Delhi,Delhi,"Dr. Karni Singh Shooting Range, Delhi - DPCC",14-12-2025 23:00,28.498571,77.26484,OZONE,8,312,117
India,Delhi,Delhi,"Dwarka-Sector 8, Delhi - DPCC ",14-12-2025 23:00,28.5710274,77.0719006,PM10,342,493,419
India,Delhi,Delhi,"Dwarka-Sector 8, Delhi - DPCC ",14-12-2025 23:00,28.5710274,77.0719006,CO,61,180,133
India,Delhi,Delhi,"IHBAS, Dilshad Garden, Delhi - CPCB",14-12-2025 23:00,28.6811736,77.3025234,PM2.5,405,500,476
India,Delhi,Delhi,"IHBAS, Dilshad Garden, Delhi - CPCB",14-12-2025 23:00,28.6811736,77.3025234,PM10,354,448,404
India,Delhi,Delhi,"IHBAS, Dilshad Garden, Delhi - CPCB",14-12-2025 23:00,28.6811736,77.3025234,NO2,79,193,135
India,Delhi,Delhi,"IHBAS, Dilshad Garden, Delhi - CPCB",14-12-2025 23:00,28.6811736,77.3025234,NH3,11,16,13
India,Delhi,Delhi,"IHBAS, Dilshad Garden, Delhi - CPCB",14-12-2025 23:00,28.6811736,77.3025234,SO2,7,24,17
India,Delhi,Delhi,"IIT Delhi, Delhi - IITM",14-12-2025 23:00,28.54246,77.191651,OZONE,8,58,27
India,Delhi,Delhi,"ITO, Delhi - CPCB",14-12-2025 23:00,28.628624,77.24106,PM2.5,451,500,482
India,Delhi,Delhi,"ITO, Delhi - CPCB",14-12-2025 23:00,28.628624,77.24106,PM10,405,500,449
India,Delhi,Delhi,"ITO, Delhi - CPCB",14-12-2025 23:00,28.628624,77.24106,OZONE,13,16,14
India,Delhi,Delhi,"Jahangirpuri, Delhi - DPCC",14-12-2025 23:00,28.73282,77.170633,PM2.5,490,500,499
India,Delhi,Delhi,"Jahangirpuri, Delhi - DPCC",14-12-2025 23:00,28.73282,77.170633,NO2,102,157,133
India,Delhi,Delhi,"Jahangirpuri, Delhi - DPCC",14-12-2025 23:00,28.73282,77.170633,CO,103,192,192
India,Delhi,Delhi,"Jawaharlal Nehru Stadium, Delhi - DPCC",14-12-2025 23:00,28.58028,77.233829,PM10,422,500,459
India,Delhi,Delhi,"Jawaharlal Nehru Stadium, Delhi - DPCC",14-12-2025 23:00,28.58028,77.233829,NO2,47,163,97
India,Delhi,Delhi,"Jawaharlal Nehru Stadium, Delhi - DPCC",14-12-2025 23:00,28.58028,77.233829,NH3,5,5,5
India,Delhi,Delhi,"Lodhi Road, Delhi - IMD",14-12-2025 23:00,28.5918245,77.2273074,NO2,NA,NA,NA
India,Delhi,Delhi,"Lodhi Road, Delhi - IMD",14-12-2025 23:00,28.5918245,77.2273074,CO,57,102,74
India,Gujarat,Ahmedabad,"Rakhial, Ahmedabad - IITM",14-12-2025 23:00,23.016834,72.625775,OZONE,1,84,35
India,Gujarat,Ahmedabad,"SAC ISRO Bopal, Ahmedabad - IITM",14-12-2025 23:00,23.041137,72.456691,PM10,89,184,124
India,Gujarat,Ahmedabad,"SAC ISRO Bopal, Ahmedabad - IITM",14-12-2025 23:00,23.041137,72.456691,CO,2,30,7
India,Gujarat,Ahmedabad,"SAC ISRO Satellite, Ahmedabad - IITM",14-12-2025 23:00,23.023389,72.515201,PM10,66,108,84
India,Gujarat,Ahmedabad,"SAC ISRO Satellite, Ahmedabad - IITM",14-12-2025 23:00,23.023389,72.515201,NO2,13,74,35
India,Gujarat,Ahmedabad,"SAC ISRO Satellite, Ahmedabad - IITM",14-12-2025 23:00,23.023389,72.515201,CO,2,92,38
India,Gujarat,Ahmedabad,"SVPI Airport Hansol, Ahmedabad - IITM",14-12-2025 23:00,23.076793,72.627874,PM10,83,198,122
India,Gujarat,Ahmedabad,"SVPI Airport Hansol, Ahmedabad - IITM",14-12-2025 23:00,23.076793,72.627874,SO2,5,11,7
India,Delhi,Delhi,"Najafgarh, Delhi - DPCC",14-12-2025 23:00,28.570173,76.933762,PM10,150,500,342
India,Delhi,Delhi,"Najafgarh, Delhi - DPCC",14-12-2025 23:00,28.570173,76.933762,SO2,20,63,31
India,Delhi,Delhi,"Najafgarh, Delhi - DPCC",14-12-2025 23:00,28.570173,76.933762,CO,78,124,106
India,Delhi,Delhi,"Nehru Nagar, Delhi - DPCC",14-12-2025 23:00,28.56789,77.250515,PM2.5,462,500,493
India,Delhi,Delhi,"Nehru Nagar, Delhi - DPCC",14-12-2025 23:00,28.56789,77.250515,NH3,18,47,36
India,Delhi,Delhi,"Nehru Nagar, Delhi - DPCC",14-12-2025 23:00,28.56789,77.250515,OZONE,2,227,60
India,Delhi,Delhi,"North Campus, DU, Delhi - IMD",14-12-2025 23:00,28.6573814,77.1585447,PM2.5,442,500,480
India,Delhi,Delhi,"North Campus, DU, Delhi - IMD",14-12-2025 23:00,28.6573814,77.1585447,OZONE,15,112,42
India,Delhi,Delhi,"Wazirpur, Delhi - DPCC",14-12-2025 23:00,28.699793,77.165453,CO,105,139,116
India,Gujarat,Ahmedabad,"Chandkheda, Ahmedabad - IITM",14-12-2025 23:00,23.107969,72.574648,NO2,16,142,62
India,Gujarat,Ahmedabad,"Gyaspur, Ahmedabad - IITM",14-12-2025 23:00,22.977134,72.553024,NH3,5,43,17
India,Gujarat,Ahmedabad,"Gyaspur, Ahmedabad - IITM",14-12-2025 23:00,22.977134,72.553024,CO,27,120,71
India,Gujarat,Ahmedabad,"Raikhad, Ahmedabad - IITM",14-12-2025 23:00,23.020509,72.579261,PM2.5,74,171,113
India,Gujarat,Ahmedabad,"Raikhad, Ahmedabad - IITM",14-12-2025 23:00,23.020509,72.579261,NH3,12,28,17
India,Gujarat,Ahmedabad,"Raikhad, Ahmedabad - IITM",14-12-2025 23:00,23.020509,72.579261,CO,7,80,30
India,Delhi,Delhi,"Okhla Phase-2, Delhi - DPCC",14-12-2025 23:00,28.530785,77.271255,NH3,27,40,33
India,Delhi,Delhi,"Patparganj, Delhi - DPCC",14-12-2025 23:00,28.623763,77.287209,SO2,3,13,8
India,Delhi,Delhi,"Patparganj, Delhi - DPCC",14-12-2025 23:00,28.623763,77.287209,CO,37,158,92
India,Delhi,Delhi,"Punjabi Bagh, Delhi - DPCC",14-12-2025 23:00,28.674045,77.131023,PM2.5,435,500,477
India,Delhi,Delhi,"Punjabi Bagh, Delhi - DPCC",14-12-2025 23:00,28.674045,77.131023,CO,24,107,82
India,Delhi,Delhi,"Pusa, Delhi - DPCC",14-12-2025 23:00,28.639652,77.146275,PM2.5,361,500,450
India,Delhi,Delhi,"Major Dhyan Chand National Stadium, Delhi - DPCC",14-12-2025 23:00,28.611281,77.237738,NH3,29,34,31
India,Delhi,Delhi,"Major Dhyan Chand National Stadium, Delhi - DPCC",14-12-2025 23:00,28.611281,77.237738,OZONE,1,129,33
India,Delhi,Delhi,"Mandir Marg, Delhi - DPCC",14-12-2025 23:00,28.636429,77.201067,PM2.5,380,468,422
India,Delhi,Delhi,"Mandir Marg, Delhi - DPCC",14-12-2025 23:00,28.636429,77.201067,NO2,58,122,87
India,Delhi,Delhi,"NSIT Dwarka, Delhi - CPCB",14-12-2025 23:00,28.60909,77.0325413,NH3,15,37,22
India,Delhi,Delhi,"Sonia Vihar, Delhi - DPCC",14-12-2025 23:00,28.710508,77.249485,NH3,10,16,12
India,Delhi,Delhi,"Sonia Vihar, Delhi - DPCC",14-12-2025 23:00,28.710508,77.249485,CO,114,192,123
India,Delhi,Delhi,"Sri Aurobindo Marg, Delhi - DPCC",14-12-2025 23:00,28.531346,77.190156,NO2,11,79,29
India,Delhi,Delhi,"Vivek Vihar, Delhi - DPCC",14-12-2025 23:00,28.672342,77.31526,NH3,14,21,17
India,Delhi,Delhi,"Pusa, Delhi - IMD",14-12-2025 23:00,28.63611,77.173332,OZONE,31,58,37
India,Delhi,Delhi,"Shadipur, Delhi - CPCB",14-12-2025 23:00,28.6514781,77.1473105,PM10,264,500,364
India,Delhi,Delhi,"Shadipur, Delhi - CPCB",14-12-2025 23:00,28.6514781,77.1473105,CO,50,113,91
India,Haryana,Kaithal,"Rishi Nagar, Kaithal - HSPCB",14-12-2025 23:00,29.8006,76.4155,SO2,27,34,31
India,Haryana,Kaithal,"Rishi Nagar, Kaithal - HSPCB",14-12-2025 23:00,29.8006,76.4155,CO,5,119,61
India,Haryana,Kurukshetra,"Sector-7, Kurukshetra - HSPCB",14-12-2025 23:00,29.966942,76.875879,PM10,104,243,167
India,Haryana,Kurukshetra,"Sector-7, Kurukshetra - HSPCB",14-12-2025 23:00,29.966942,76.875879,NO2,16,20,18
India,Haryana,Mandikhera,"General Hospital, Mandikhera(Nuh) - HSPCB",14-12-2025 23:00,27.9002,76.9938,PM10,147,213,177
India,Haryana,Mandikhera,"General Hospital, Mandikhera(Nuh) - HSPCB",14-12-2025 23:00,27.9002,76.9938,CO,44,90,74
India,Haryana,Mandikhera,"General Hospital, Mandikhera(Nuh) - HSPCB",14-12-2025 23:00,27.9002,76.9938,OZONE,22,31,28
India,Haryana,Faridabad,"New Industrial Town, Faridabad - HSPCB",14-12-2025 23:00,28.39072,77.30059,NH3,11,12,11
India,Haryana,Faridabad,"Sector 30, Faridabad - HSPCB",14-12-2025 23:00,28.4417,77.3217,PM2.5,78,125,94
India,Haryana,Faridabad,"Sector 30, Faridabad - HSPCB",14-12-2025 23:00,28.4417,77.3217,PM10,93,122,106
India,Haryana,Faridabad,"Sector 30, Faridabad - HSPCB",14-12-2025 23:00,28.4417,77.3217,NH3,11,12,11
India,Haryana,Fatehabad,"Huda Sector, Fatehabad - HSPCB",14-12-2025 23:00,29.503664,75.467934,NO2,18,20,19
India,Haryana,Gurugram,"NISE Gwal Pahari, Gurugram - IMD",14-12-2025 23:00,28.422681,77.148944,CO,58,97,63
India,Gujarat,Vatva,"Phase-4 GIDC, Vatva - GPCB",14-12-2025 23:00,22.969611,72.6435,OZONE,13,46,26
India,Haryana,Bahadurgarh,"Arya Nagar, Bahadurgarh - HSPCB",14-12-2025 23:00,28.6701,76.9254,SO2,7,7,7
India,Haryana,Ballabgarh,"Nathu Colony, Ballabgarh - HSPCB",14-12-2025 23:00,28.3419248,77.319699,PM10,186,317,241
India,Haryana,Ballabgarh,"Nathu Colony, Ballabgarh - HSPCB",14-12-2025 23:00,28.3419248,77.319699,NO2,19,21,20
India,Haryana,Narnaul,"Shastri Nagar, Narnaul - HSPCB",14-12-2025 23:00,28.060249,76.113115,CO,6,56,23
India,Haryana,Palwal,"Shyam Nagar, Palwal - HSPCB",14-12-2025 23:00,28.1485564,77.3320667,PM10,132,168,150
India,Haryana,Palwal,"Shyam Nagar, Palwal - HSPCB",14-12-2025 23:00,28.1485564,77.3320667,NH3,8,9,9
India,Haryana,Panchkula,"Sector-6, Panchkula - HSPCB ",14-12-2025 23:00,30.7057778,76.85318056,NO2,24,26,25
India,Gujarat,Gandhinagar,"IIPHG Lekawada, Gandhinagar - IITM",14-12-2025 23:00,23.243639,72.68994,CO,6,62,41
India,Gujarat,Gandhinagar,"Sector-10, Gandhinagar - GPCB",14-12-2025 23:00,23.221714,72.654328,PM10,50,134,85
India,Gujarat,Gandhinagar,"Sector-10, Gandhinagar - GPCB",14-12-2025 23:00,23.221714,72.654328,SO2,8,16,13
India,Gujarat,Surat,"Science Center, Surat - SMC",14-12-2025 23:00,21.170046,72.795405,SO2,32,46,36
India,Haryana,Bhiwani,"H.B. Colony, Bhiwani - HSPCB",14-12-2025 23:00,28.806223,76.141105,NH3,1,8,8
India,Haryana,Dharuhera,"Municipal Corporation Office, Dharuhera -  HSPCB",14-12-2025 23:00,28.2068,76.7997,PM2.5,259,500,393
India,Haryana,Faridabad,"New Industrial Town, Faridabad - HSPCB",14-12-2025 23:00,28.39072,77.30059,PM2.5,177,194,184
India,Haryana,Gurugram,"Sector-51, Gurugram - HSPCB",14-12-2025 23:00,28.4227,77.0667,OZONE,10,46,25
India,Haryana,Gurugram,"Teri Gram, Gurugram - HSPCB",14-12-2025 23:00,28.4275,77.1465,PM10,190,403,285
India,Gujarat,Ankleshwar,"GIDC, Ankleshwar - GPCB",14-12-2025 23:00,21.613267,73.010555,NO2,21,22,21
India,Gujarat,Ankleshwar,"GIDC, Ankleshwar - GPCB",14-12-2025 23:00,21.613267,73.010555,OZONE,58,63,60
India,Haryana,Gurugram,"Vikas Sadan, Gurugram - HSPCB",14-12-2025 23:00,28.4501238,77.0263051,OZONE,8,55,35
India,Haryana,Yamuna Nagar,"Gobind Pura, Yamuna Nagar - HSPCB",14-12-2025 23:00,30.1480566,77.2893471,PM2.5,114,299,193
India,Haryana,Yamuna Nagar,"Gobind Pura, Yamuna Nagar - HSPCB",14-12-2025 23:00,30.1480566,77.2893471,NO2,12,21,18
India,Haryana,Yamuna Nagar,"Gobind Pura, Yamuna Nagar - HSPCB",14-12-2025 23:00,30.1480566,77.2893471,SO2,10,15,10
India,Himachal Pradesh,Baddi,"HIMUDA Complex Phase-1, Baddi - HPPCB",14-12-2025 23:00,30.943887,76.801991,PM10,55,434,201
India,Himachal Pradesh,Baddi,"HIMUDA Complex Phase-1, Baddi - HPPCB",14-12-2025 23:00,30.943887,76.801991,NH3,4,8,6
India,Himachal Pradesh,Baddi,"HIMUDA Complex Phase-1, Baddi - HPPCB",14-12-2025 23:00,30.943887,76.801991,SO2,34,127,53
India,Jammu_and_Kashmir,Srinagar,"Rajbagh, Srinagar - JKSPCB",14-12-2025 23:00,34.066206,74.81982,CO,21,26,23
India,Jammu_and_Kashmir,Srinagar,"Rajbagh, Srinagar - JKSPCB",14-12-2025 23:00,34.066206,74.81982,OZONE,1,2,1
India,Jharkhand,Dhanbad,"Sardar Patel Nagar, Dhanbad - JSPCB",14-12-2025 23:00,23.80569,86.44268,PM2.5,20,240,111
India,Jharkhand,Dhanbad,"Sardar Patel Nagar, Dhanbad - JSPCB",14-12-2025 23:00,23.80569,86.44268,CO,6,29,13
India,Jharkhand,Jorapokhar,"Tata Stadium, Jorapokhar - JSPCB",14-12-2025 23:00,23.707909,86.41467,PM10,NA,NA,NA
India,Karnataka,Bengaluru,"BTM Layout, Bengaluru - CPCB",14-12-2025 23:00,12.9135218,77.5950804,NH3,5,9,7
India,Karnataka,Bengaluru,"BWSSB Kadabesanahalli, Bengaluru - CPCB",14-12-2025 23:00,12.9352049,77.6814488,PM2.5,NA,NA,NA
India,Karnataka,Bengaluru,"BWSSB Kadabesanahalli, Bengaluru - CPCB",14-12-2025 23:00,12.9352049,77.6814488,PM10,102,198,140
India,Karnataka,Bengaluru,"BWSSB Kadabesanahalli, Bengaluru - CPCB",14-12-2025 23:00,12.9352049,77.6814488,NH3,1,1,1
India,Karnataka,Bengaluru,"Hebbal, Bengaluru - KSPCB",14-12-2025 23:00,13.029152,77.585901,PM2.5,37,258,102
India,Karnataka,Bengaluru,"Hebbal, Bengaluru - KSPCB",14-12-2025 23:00,13.029152,77.585901,PM10,45,162,95
India,Karnataka,Bengaluru,"Hebbal, Bengaluru - KSPCB",14-12-2025 23:00,13.029152,77.585901,OZONE,7,12,9
India,Karnataka,Bengaluru,"Hombegowda Nagar, Bengaluru - KSPCB",14-12-2025 23:00,12.938539,77.5901,PM2.5,30,71,55
India,Karnataka,Mangalore,"Kadri, Mangalore - KSPCB",14-12-2025 23:00,12.88925,74.853,PM10,76,179,108
India,Karnataka,Mysuru,"Hebbal 1st Stage, Mysuru - KSPCB",14-12-2025 23:00,12.21041,76.37376,PM10,54,134,92
India,Karnataka,Shivamogga,"Vinoba Nagara, Shivamogga - KSPCB",14-12-2025 23:00,13.94,75.555917,PM2.5,49,51,50
India,Karnataka,Shivamogga,"Vinoba Nagara, Shivamogga - KSPCB",14-12-2025 23:00,13.94,75.555917,CO,16,26,24
India,Karnataka,Yadgir,"Collector Office, Yadgir - KSPCB",14-12-2025 23:00,16.7602,77.1428,PM2.5,57,110,83
India,Karnataka,Hubballi,"Lingaraj Nagar, Hubballi - KSPCB",14-12-2025 23:00,15.3714823,75.1160168,CO,19,28,21
India,Karnataka,Kalaburagi,"Mahatma Basaveswar Colony, Kalaburgi - KSPCB",14-12-2025 23:00,17.336318,76.847397,NO2,12,18,15
India,Karnataka,Koppal,"Diwator Nagar, Koppal - KSPCB",14-12-2025 23:00,15.34763,76.181767,CO,25,46,42
India,Karnataka,Mangalore,"Kadri, Mangalore - KSPCB",14-12-2025 23:00,12.88925,74.853,PM2.5,74,308,131
India,Kerala,Thiruvananthapuram,"Kariavattom, Thiruvananthapuram - Kerala PCB",14-12-2025 23:00,8.5637,76.8865,CO,26,77,51
India,Kerala,Thiruvananthapuram,"Plammoodu, Thiruvananthapuram - Kerala PCB",14-12-2025 23:00,8.5149093,76.9435879,OZONE,11,37,24
India,Madhya Pradesh,Bhopal,"Idgah Hills, Bhopal - MPPCB",14-12-2025 23:00,23.264759,77.381568,PM10,80,230,128
India,Karnataka,Bengaluru,"RVCE-Mailasandra, Bengaluru - KSPCB",14-12-2025 23:00,12.921418,77.502466,CO,24,49,36
India,Karnataka,Bengaluru,"Sanegurava Halli, Bengaluru - KSPCB",14-12-2025 23:00,12.990328,77.5431385,SO2,7,7,7
India,Karnataka,Bengaluru,"Silk Board, Bengaluru - KSPCB",14-12-2025 23:00,12.917348,77.622813,PM2.5,50,288,105
India,Karnataka,Bengaluru,"Silk Board, Bengaluru - KSPCB",14-12-2025 23:00,12.917348,77.622813,NH3,1,2,2
India,Haryana,Panipat,"Sector-18, Panipat - HSPCB",14-12-2025 23:00,29.432304,76.972765,PM10,116,500,313
India,Haryana,Panipat,"Sector-18, Panipat - HSPCB",14-12-2025 23:00,29.432304,76.972765,NO2,31,32,31
India,Haryana,Panipat,"Sector-18, Panipat - HSPCB",14-12-2025 23:00,29.432304,76.972765,CO,46,48,48
India,Haryana,Sonipat,"Murthal, Sonipat - HSPCB",14-12-2025 23:00,29.0272,77.0621,PM10,131,282,203
India,Haryana,Sonipat,"Murthal, Sonipat - HSPCB",14-12-2025 23:00,29.0272,77.0621,CO,66,101,74
India,Karnataka,Bengaluru,"Jigani, Bengaluru - KSPCB",14-12-2025 23:00,12.7816279,77.6299145,PM2.5,47,83,63
India,Karnataka,Bengaluru,"Jigani, Bengaluru - KSPCB",14-12-2025 23:00,12.7816279,77.6299145,CO,42,44,42
India,Karnataka,Bengaluru,"Kasturi Nagar, Bengaluru - KSPCB",14-12-2025 23:00,13.003872,77.664217,PM2.5,86,87,87
India,Karnataka,Bengaluru,"Peenya, Bengaluru - CPCB",14-12-2025 23:00,13.0270199,77.494094,NH3,3,4,4
India,Madhya Pradesh,Bhopal,"Idgah Hills, Bhopal - MPPCB",14-12-2025 23:00,23.264759,77.381568,OZONE,21,88,64
India,Madhya Pradesh,Bhopal,"Paryavaran Parisar, Bhopal - MPPCB",14-12-2025 23:00,23.210494,77.425409,NH3,1,1,1
India,Madhya Pradesh,Bhopal,"Paryavaran Parisar, Bhopal - MPPCB",14-12-2025 23:00,23.210494,77.425409,CO,11,72,46
India,Madhya Pradesh,Bhopal,"T T Nagar, Bhopal - MPPCB",14-12-2025 23:00,23.233584,77.400574,OZONE,8,284,115
India,Maharashtra,Belapur,"CBD Belapur, Belapur - MPCB",14-12-2025 23:00,19.0243902,73.0406721,SO2,13,27,18
India,Maharashtra,Boisar,"Khaira, Boisar - MPCB",14-12-2025 23:00,19.786089,72.757971,PM2.5,48,154,96
India,Maharashtra,Boisar,"Khaira, Boisar - MPCB",14-12-2025 23:00,19.786089,72.757971,CO,NA,NA,NA
India,Maharashtra,Chandrapur,"Chauhan Colony, Chandrapur - MPCB",14-12-2025 23:00,19.9629,79.298714,NO2,29,33,31
India,Maharashtra,Chandrapur,"Chauhan Colony, Chandrapur - MPCB",14-12-2025 23:00,19.9629,79.298714,SO2,37,37,37
India,Maharashtra,Chandrapur,"MIDC Khutala, Chandrapur - MPCB",14-12-2025 23:00,19.9775302,79.2337086,OZONE,16,19,18
India,Maharashtra,Dhule,"Deopur, Dhule - MPCB",14-12-2025 23:00,20.918946,74.776388,PM2.5,73,250,145
India,Madhya Pradesh,Jabalpur,"Marhatal, Jabalpur - MPPCB",14-12-2025 23:00,23.168606,79.932247,NO2,15,65,30
India,Madhya Pradesh,Jabalpur,"Marhatal, Jabalpur - MPPCB",14-12-2025 23:00,23.168606,79.932247,NH3,1,2,2
India,Madhya Pradesh,Jabalpur,"Suhagi, Jabalpur - JMC",14-12-2025 23:00,23.218135,79.95777,CO,13,103,86
India,Madhya Pradesh,Katni,"Gole Bazar, Katni - MPPCB",14-12-2025 23:00,23.50016,80.23284,CO,43,115,79
India,Madhya Pradesh,Maihar,"Sahilara, Maihar - KJS Cements",14-12-2025 23:00,24.2613009,80.7231783,SO2,16,17,17
India,Madhya Pradesh,Mandideep,"Sector-D Industrial Area, Mandideep - MPPCB",14-12-2025 23:00,23.10844,77.511428,PM2.5,65,440,197
India,Maharashtra,Akola,"Ramdaspeth, Akola - MPCB",14-12-2025 23:00,20.719516,77.000253,NO2,11,88,42
India,Maharashtra,Amravati,"Shivneri Colony, Amravati - MPCB",14-12-2025 23:00,20.9402359,77.7895248,NH3,4,4,4
India,Maharashtra,Amravati,"Shivneri Colony, Amravati - MPCB",14-12-2025 23:00,20.9402359,77.7895248,OZONE,2,63,23
India,Maharashtra,Amravati,"Shri Shivaji Science College, Amravati - MPCB",14-12-2025 23:00,20.939198,77.765701,PM2.5,32,134,71
India,Maharashtra,Aurangabad,"MIDC Chilkalthana, Aurangabad - MPCB",14-12-2025 23:00,19.87562,75.38731,PM2.5,20,202,98
India,Maharashtra,Aurangabad,"MIDC Chilkalthana, Aurangabad - MPCB",14-12-2025 23:00,19.87562,75.38731,SO2,1,2,1
India,Maharashtra,Dhule,"Deopur, Dhule - MPCB",14-12-2025 23:00,20.918946,74.776388,OZONE,15,71,58
India,Maharashtra,Jalgaon,"Prabhat Colony, Jalgaon - MPCB",14-12-2025 23:00,21.001264,75.565602,PM2.5,78,334,178
India,Maharashtra,Jalgaon,"Prabhat Colony, Jalgaon - MPCB",14-12-2025 23:00,21.001264,75.565602,PM10,104,233,144
India,Maharashtra,Jalgaon,"Prabhat Colony, Jalgaon - MPCB",14-12-2025 23:00,21.001264,75.565602,NH3,2,3,3
India,Maharashtra,Kalyan,"Khadakpada, Kalyan - MPCB",14-12-2025 23:00,19.25292,73.142019,NO2,NA,NA,NA
India,Maharashtra,Kalyan,"Khadakpada, Kalyan - MPCB",14-12-2025 23:00,19.25292,73.142019,OZONE,8,9,9
India,Maharashtra,Aurangabad,"Rachnakar Colony, Aurangabad - MPCB",14-12-2025 23:00,19.863756,75.321188,NH3,4,5,5
India,Maharashtra,Aurangabad,"Rachnakar Colony, Aurangabad - MPCB",14-12-2025 23:00,19.863756,75.321188,OZONE,11,98,57
India,Maharashtra,Badlapur,"Katrap, Badlapur - MPCB",14-12-2025 23:00,19.16485,73.23409,PM10,78,181,126
India,Maharashtra,Badlapur,"Katrap, Badlapur - MPCB",14-12-2025 23:00,19.16485,73.23409,NO2,15,31,24
India,Maharashtra,Badlapur,"Katrap, Badlapur - MPCB",14-12-2025 23:00,19.16485,73.23409,NH3,4,9,6
India,Maharashtra,Badlapur,"Katrap, Badlapur - MPCB",14-12-2025 23:00,19.16485,73.23409,CO,19,101,69
India,Madhya Pradesh,Ratlam,"Shasthri Nagar, Ratlam - IPCA Lab",14-12-2025 23:00,23.331731,75.045981,PM2.5,18,147,64
India,Madhya Pradesh,Ratlam,"Shasthri Nagar, Ratlam - IPCA Lab",14-12-2025 23:00,23.331731,75.045981,PM10,58,185,112
India,Madhya Pradesh,Sagar,"Civil Lines, Sagar - MPPCB",14-12-2025 23:00,23.838586,78.759431,PM2.5,81,341,240
India,Madhya Pradesh,Sagar,"Civil Lines, Sagar - MPPCB",14-12-2025 23:00,23.838586,78.759431,NO2,11,43,22
India,Madhya Pradesh,Sagar,"Civil Lines, Sagar - MPPCB",14-12-2025 23:00,23.838586,78.759431,NH3,1,3,1
India,Madhya Pradesh,Dewas,"Bhopal Chauraha, Dewas - MPPCB",14-12-2025 23:00,22.9682591,76.064118,CO,13,32,23
India,Madhya Pradesh,Gwalior,"City Center, Gwalior - MPPCB",14-12-2025 23:00,26.203442,78.193251,NH3,3,5,4
India,Madhya Pradesh,Gwalior,"Deen Dayal Nagar, Gwalior - MPPCB",14-12-2025 23:00,26.259242,78.216432,PM2.5,198,415,324
India,Madhya Pradesh,Gwalior,"Deen Dayal Nagar, Gwalior - MPPCB",14-12-2025 23:00,26.259242,78.216432,SO2,12,14,14
India,Madhya Pradesh,Indore,"Chhoti Gwaltoli, Indore - MPPCB",14-12-2025 23:00,22.431,75.5213,SO2,4,14,7
India,Madhya Pradesh,Indore,"Regional Park, Indore - IMC",14-12-2025 23:00,22.678,75.8559,NO2,7,13,10
India,Madhya Pradesh,Indore,"Regional Park, Indore - IMC",14-12-2025 23:00,22.678,75.8559,NH3,NA,NA,NA
India,Madhya Pradesh,Jabalpur,"Govindh Bhavan Colony, Jabalpur - JMC",14-12-2025 23:00,23.163174,79.973061,SO2,13,15,14
India,Madhya Pradesh,Singrauli,"Suryakiran Bhawan NCL, Singrauli - MPPCB",14-12-2025 23:00,24.10897,82.64558,PM2.5,147,388,252
India,Maharashtra,Ahmednagar,"Tarakpur, Ahmednagar - MPCB",14-12-2025 23:00,19.10122,74.73339,PM2.5,38,154,85
India,Maharashtra,Ahmednagar,"Tarakpur, Ahmednagar - MPCB",14-12-2025 23:00,19.10122,74.73339,CO,32,115,80
India,Maharashtra,Mumbai,"Mazgaon, Mumbai - IITM",14-12-2025 23:00,18.96702,72.84214,NH3,11,27,19
India,Maharashtra,Mumbai,"Mindspace-Malad West, Mumbai - MPCB",14-12-2025 23:00,19.1878657,72.8304069,NH3,1,9,3
India,Maharashtra,Mumbai,"Mindspace-Malad West, Mumbai - MPCB",14-12-2025 23:00,19.1878657,72.8304069,CO,17,100,30
India,Maharashtra,Mumbai,"Mulund West, Mumbai - MPCB",14-12-2025 23:00,19.175,72.9419,PM10,NA,NA,NA
India,Maharashtra,Mumbai,"Mulund West, Mumbai - MPCB",14-12-2025 23:00,19.175,72.9419,NO2,NA,NA,NA
India,Maharashtra,Mumbai,"Mulund West, Mumbai - MPCB",14-12-2025 23:00,19.175,72.9419,SO2,NA,NA,NA
India,Maharashtra,Mumbai,"Navy Nagar-Colaba, Mumbai - IITM",14-12-2025 23:00,18.897756,72.81332,PM10,90,161,116
India,Maharashtra,Mumbai,"Navy Nagar-Colaba, Mumbai - IITM",14-12-2025 23:00,18.897756,72.81332,NO2,34,152,75
India,Maharashtra,Mumbai,"Navy Nagar-Colaba, Mumbai - IITM",14-12-2025 23:00,18.897756,72.81332,SO2,13,60,32
India,Maharashtra,Nagpur,"Ram Nagar, Nagpur - MPCB",14-12-2025 23:00,21.143383,79.048912,SO2,15,111,34
India,Maharashtra,Nagpur,"Ram Nagar, Nagpur - MPCB",14-12-2025 23:00,21.143383,79.048912,CO,12,59,33
India,Maharashtra,Nanded,"Sneh Nagar, Nanded - MPCB",14-12-2025 23:00,19.173852,77.296291,OZONE,6,87,47
India,Maharashtra,Nashik,"Hirawadi, Nashik - MPCB",14-12-2025 23:00,20.021503,73.813844,NO2,6,46,18
India,Maharashtra,Nashik,"Hirawadi, Nashik - MPCB",14-12-2025 23:00,20.021503,73.813844,SO2,6,75,21
India,Maharashtra,Nashik,"MIDC Ambad, Nashik - MPCB",14-12-2025 23:00,19.95022,73.73148,PM10,80,159,110
India,Maharashtra,Nashik,"MIDC Ambad, Nashik - MPCB",14-12-2025 23:00,19.95022,73.73148,NO2,17,139,46
India,Maharashtra,Mumbai,"Sewri, Mumbai - BMC",14-12-2025 23:00,19.000084,72.85673,SO2,1,79,23
India,Maharashtra,Mumbai,"Sewri, Mumbai - BMC",14-12-2025 23:00,19.000084,72.85673,OZONE,36,188,80
India,Maharashtra,Mumbai,"Shivaji Nagar, Mumbai - BMC",14-12-2025 23:00,19.060498,72.923356,OZONE,1,90,59
India,Maharashtra,Mumbai,"Siddharth Nagar-Worli, Mumbai - IITM",14-12-2025 23:00,19.000083,72.813993,OZONE,7,82,70
India,Maharashtra,Mumbai,"Sion, Mumbai - MPCB",14-12-2025 23:00,19.047,72.8746,SO2,17,18,17
India,Maharashtra,Mumbai,"Sion, Mumbai - MPCB",14-12-2025 23:00,19.047,72.8746,CO,6,16,10
India,Maharashtra,Kalyan,"Pimpleshwar Mandir, Kalyan - MPCB",14-12-2025 23:00,19.192056,72.9585188,CO,2,56,17
India,Maharashtra,Kalyan,"Pimpleshwar Mandir, Kalyan - MPCB",14-12-2025 23:00,19.192056,72.9585188,OZONE,6,115,66
India,Maharashtra,Kolhapur,"Shivaji University, Kolhapur - MPCB",14-12-2025 23:00,16.6870449,74.2505872,NO2,10,69,30
India,Maharashtra,Kolhapur,"Shivaji University, Kolhapur - MPCB",14-12-2025 23:00,16.6870449,74.2505872,OZONE,2,68,31
India,Maharashtra,Kolhapur,"Sinchan Bhavan, Kolhapur - MPCB",14-12-2025 23:00,16.7143745,74.2426398,NH3,NA,NA,NA
India,Maharashtra,Mumbai,"Borivali East, Mumbai - IITM",14-12-2025 23:00,19.23241,72.86895,NO2,14,75,33
India,Maharashtra,Mumbai,"Borivali East, Mumbai - IITM",14-12-2025 23:00,19.23241,72.86895,NH3,2,6,4
India,Maharashtra,Mumbai,"Borivali East, Mumbai - MPCB",14-12-2025 23:00,19.2243333,72.8658113,PM2.5,62,153,103
India,Maharashtra,Mumbai,"Borivali East, Mumbai - MPCB",14-12-2025 23:00,19.2243333,72.8658113,CO,16,20,18
India,Maharashtra,Mumbai,"Chakala-Andheri East, Mumbai - IITM",14-12-2025 23:00,19.11074,72.86084,NO2,37,72,52
India,Maharashtra,Mumbai,"Khindipada-Bhandup West, Mumbai - IITM",14-12-2025 23:00,19.1653323,72.922099,PM10,58,103,83
India,Maharashtra,Mumbai,"Khindipada-Bhandup West, Mumbai - IITM",14-12-2025 23:00,19.1653323,72.922099,NO2,51,110,72
India,Maharashtra,Mumbai,"Kurla, Mumbai - MPCB",14-12-2025 23:00,19.0863,72.8888,CO,10,28,14
India,Maharashtra,Mumbai,"Malad West, Mumbai - IITM",14-12-2025 23:00,19.19709,72.82204,PM10,124,190,145
India,Maharashtra,Mumbai,"Malad West, Mumbai - IITM",14-12-2025 23:00,19.19709,72.82204,CO,6,94,26
India,Maharashtra,Malegaon,"Mahesh Nagar, Malegaon - MPCB",14-12-2025 23:00,20.555712,74.529236,PM2.5,58,304,112
India,Maharashtra,Malegaon,"Mahesh Nagar, Malegaon - MPCB",14-12-2025 23:00,20.555712,74.529236,SO2,19,57,29
India,Maharashtra,Mira-Bhayandar,"Bhayandar West, Mira-Bhayandar - MPCB",14-12-2025 23:00,19.296481,72.840923,NH3,1,10,5
India,Maharashtra,Mira-Bhayandar,"Bhayandar West, Mira-Bhayandar - MPCB",14-12-2025 23:00,19.296481,72.840923,SO2,4,4,4
India,Maharashtra,Nagpur,"Ambazari, Nagpur - MPCB",14-12-2025 23:00,21.121801,79.04952,NO2,8,85,31
India,Maharashtra,Nagpur,"Ambazari, Nagpur - MPCB",14-12-2025 23:00,21.121801,79.04952,CO,4,100,41
India,Maharashtra,Mumbai,"Deonar, Mumbai - IITM",14-12-2025 23:00,19.04946,72.923,NH3,9,16,13
India,Maharashtra,Pune,"Savitribai Phule Pune University, Pune - MPCB",14-12-2025 23:00,18.547056,73.826908,SO2,1,6,3
India,Maharashtra,Pune,"Savitribai Phule Pune University, Pune - MPCB",14-12-2025 23:00,18.547056,73.826908,CO,4,122,59
India,Maharashtra,Sangli,"Vijay Nagar, Sangli - MPCB",14-12-2025 23:00,16.5038,74.3623,PM2.5,61,167,107
India,Maharashtra,Sangli,"Vijay Nagar, Sangli - MPCB",14-12-2025 23:00,16.5038,74.3623,NO2,21,85,44
India,Maharashtra,Sangli,"Vijay Nagar, Sangli - MPCB",14-12-2025 23:00,16.5038,74.3623,OZONE,3,64,40
India,Maharashtra,Solapur,"Dnyaneshwar Nagar, Solapur - MPCB",14-12-2025 23:00,17.6336264,75.9132495,PM2.5,42,96,70
India,Maharashtra,Solapur,"Dnyaneshwar Nagar, Solapur - MPCB",14-12-2025 23:00,17.6336264,75.9132495,PM10,49,284,99
India,Maharashtra,Solapur,"Dnyaneshwar Nagar, Solapur - MPCB",14-12-2025 23:00,17.6336264,75.9132495,SO2,5,12,8
India,Maharashtra,Solapur,"Ratandeep Housing Society, Solapur - MPCB",14-12-2025 23:00,17.65439,75.90649,PM2.5,61,97,78
India,Maharashtra,Navi Mumbai,"Nerul, Navi Mumbai - MPCB",14-12-2025 23:00,19.008751,73.01662,SO2,NA,NA,NA
India,Maharashtra,Navi Mumbai,"Sanpada, Navi Mumbai - MPCB",14-12-2025 23:00,19.0575752,73.0151367,NO2,2,33,19
India,Maharashtra,Navi Mumbai,"Sanpada, Navi Mumbai - MPCB",14-12-2025 23:00,19.0575752,73.0151367,NH3,3,30,14
India,Maharashtra,Navi Mumbai,"Sanpada, Navi Mumbai - MPCB",14-12-2025 23:00,19.0575752,73.0151367,CO,6,120,64
India,Maharashtra,Navi Mumbai,"Sector-2E Kalamboli, Navi Mumbai - MPCB",14-12-2025 23:00,19.02579,73.10297,PM10,39,214,120
India,Maharashtra,Navi Mumbai,"Tondare-Taloja, Navi Mumbai - MPCB",14-12-2025 23:00,19.063,73.1209,NO2,13,32,18
India,Maharashtra,Parbhani,"Masoom Colony, Parbhani - MPCB",14-12-2025 23:00,19.265594,76.761463,NO2,25,97,50
India,Maharashtra,Solapur,"Ratandeep Housing Society, Solapur - MPCB",14-12-2025 23:00,17.65439,75.90649,SO2,8,29,14
India,Maharashtra,Solapur,"Ratandeep Housing Society, Solapur - MPCB",14-12-2025 23:00,17.65439,75.90649,CO,18,115,55
India,Maharashtra,Thane,"Kasarvadavali, Thane - MPCB",14-12-2025 23:00,19.26777,72.97182,NO2,15,81,46
India,Maharashtra,Thane,"Kasarvadavali, Thane - MPCB",14-12-2025 23:00,19.26777,72.97182,NH3,2,15,7
India,Maharashtra,Thane,"Kasarvadavali, Thane - MPCB",14-12-2025 23:00,19.26777,72.97182,OZONE,1,135,70
India,Maharashtra,Thane,"Upvan Fort, Thane - MPCB",14-12-2025 23:00,19.222279,72.957979,PM10,83,149,109
India,Maharashtra,Ulhasnagar,"Sidhi Vinayak Nagar, Ulhasnagar - MPCB",14-12-2025 23:00,19.235581,73.159121,PM2.5,78,331,162
India,Maharashtra,Pune,"Bhumkar Nagar, Pune - IITM",14-12-2025 23:00,18.60577,73.749976,CO,15,133,58
India,Maharashtra,Pune,"Dhankawadi, Pune - IITM",14-12-2025 23:00,18.459883,73.852193,PM10,NA,NA,NA
India,Maharashtra,Pune,"Katraj Dairy, Pune - MPCB",14-12-2025 23:00,18.45445,73.854155,NO2,13,91,56
India,Maharashtra,Pune,"Katraj Dairy, Pune - MPCB",14-12-2025 23:00,18.45445,73.854155,SO2,3,5,4
India,Maharashtra,Pune,"Panchawati_Pashan, Pune - IITM",14-12-2025 23:00,18.536457,73.805454,PM2.5,58,294,164
India,Maharashtra,Pune,"Revenue Colony-Shivajinagar, Pune - IITM",14-12-2025 23:00,18.530085,73.849598,PM2.5,64,346,242
India,Maharashtra,Pune,"Revenue Colony-Shivajinagar, Pune - IITM",14-12-2025 23:00,18.530085,73.849598,PM10,71,324,190
India,Maharashtra,Nashik,"Pandav Nagari, Nashik - MPCB",14-12-2025 23:00,19.9591346,73.7788008,PM2.5,57,165,95
India,Maharashtra,Nashik,"Pandav Nagari, Nashik - MPCB",14-12-2025 23:00,19.9591346,73.7788008,CO,14,108,64
India,Maharashtra,Navi Mumbai,"Kopripada-Vashi, Navi Mumbai - MPCB",14-12-2025 23:00,19.090337,73.014232,PM2.5,61,91,72
India,Maharashtra,Navi Mumbai,"Kopripada-Vashi, Navi Mumbai - MPCB",14-12-2025 23:00,19.090337,73.014232,NO2,12,75,44
India,Maharashtra,Navi Mumbai,"Kopripada-Vashi, Navi Mumbai - MPCB",14-12-2025 23:00,19.090337,73.014232,SO2,19,36,26
India,Maharashtra,Navi Mumbai,"Mahape, Navi Mumbai - MPCB",14-12-2025 23:00,19.1135051,73.008978,SO2,22,24,24
India,Maharashtra,Navi Mumbai,"Nerul, Navi Mumbai - MPCB",14-12-2025 23:00,19.008751,73.01662,PM2.5,51,244,131
India,Meghalaya,Shillong,"Lumpyngngad, Shillong - Meghalaya PCB",14-12-2025 23:00,25.5586,91.8985,CO,2,14,9
India,Mizoram,Aizawl,"Sikulpuikawn, Aizawl - Mizoram PCB",14-12-2025 23:00,23.7176342,92.7192841,SO2,13,15,14
India,Nagaland,Kohima,"PWD Junction, Kohima - NPCB",14-12-2025 23:00,25.6635413,94.0989878,PM2.5,1,81,34
India,Nagaland,Kohima,"PWD Junction, Kohima - NPCB",14-12-2025 23:00,25.6635413,94.0989878,PM10,8,68,29
India,Nagaland,Kohima,"PWD Junction, Kohima - NPCB",14-12-2025 23:00,25.6635413,94.0989878,NO2,3,5,4
India,Maharashtra,Pimpri-Chinchwad,"Park Street Wakad, Pimpri Chinchwad - MPCB",14-12-2025 23:00,18.59051,73.77946,PM10,83,409,206
India,Maharashtra,Pimpri-Chinchwad,"Savta Mali Nagar, Pimpri-Chinchwad - IITM",14-12-2025 23:00,18.614767,73.799516,PM2.5,63,364,212
India,Maharashtra,Pimpri-Chinchwad,"Savta Mali Nagar, Pimpri-Chinchwad - IITM",14-12-2025 23:00,18.614767,73.799516,OZONE,2,55,26
India,Maharashtra,Pimpri-Chinchwad,"Thergaon, Pimpri Chinchwad - MPCB",14-12-2025 23:00,18.616318,73.765797,OZONE,1,61,24
India,Odisha,Angul,"Hakimapada, Angul - OSPCB",14-12-2025 23:00,20.832874,85.104082,NO2,28,103,57
India,Odisha,Balasore,"Kalidaspur, Balasore - OSPCB",14-12-2025 23:00,21.51161,86.89088,CO,10,97,21
India,Odisha,Barbil,"Forest Office, Barbil - OSPCB",14-12-2025 23:00,22.1166054,85.3945546,NH3,1,2,2
India,Odisha,Baripada,"Meher Colony, Baripada - OSPCB",14-12-2025 23:00,21.941841,86.728318,PM2.5,128,194,163
India,Odisha,Baripada,"Meher Colony, Baripada - OSPCB",14-12-2025 23:00,21.941841,86.728318,NO2,5,49,28
India,Odisha,Bhubaneswar,"Lingraj Mandir, Bhubaneswar - OSPCB",14-12-2025 23:00,20.24079,85.836784,PM2.5,97,353,294
India,Punjab,Khanna,"Kalal Majra, Khanna - PPCB",14-12-2025 23:00,30.736056,76.209694,PM10,91,142,121
India,Punjab,Khanna,"Kalal Majra, Khanna - PPCB",14-12-2025 23:00,30.736056,76.209694,SO2,10,20,13
India,Punjab,Ludhiana,"Punjab Agricultural University, Ludhiana - PPCB",14-12-2025 23:00,30.9028,75.8086,PM10,119,132,123
India,Punjab,Ludhiana,"Punjab Agricultural University, Ludhiana - PPCB",14-12-2025 23:00,30.9028,75.8086,SO2,9,23,15
India,Punjab,Mandi Gobindgarh,"RIMT University, Mandi Gobindgarh - PPCB",14-12-2025 23:00,30.649961,76.331442,PM2.5,53,303,106
India,Punjab,Patiala,"Model Town, Patiala - PPCB",14-12-2025 23:00,30.349388,76.366642,NO2,16,19,17
India,Punjab,Patiala,"Model Town, Patiala - PPCB",14-12-2025 23:00,30.349388,76.366642,NH3,6,7,6
India,Rajasthan,Ajmer,"Civil Lines,  Ajmer - RSPCB",14-12-2025 23:00,26.470859,74.646594,PM2.5,54,122,82
India,Odisha,Bhubaneswar,"Patia, Bhubaneswar - OSPCB",14-12-2025 23:00,20.34652,85.8163,NO2,17,111,44
India,Odisha,Bhubaneswar,"Patia, Bhubaneswar - OSPCB",14-12-2025 23:00,20.34652,85.8163,NH3,7,11,9
India,Odisha,Bileipada,"Tata Township, Bileipada - OSPCB",14-12-2025 23:00,22.06156703,85.47409613,NH3,4,4,4
India,Odisha,Bileipada,"Tata Township, Bileipada - OSPCB",14-12-2025 23:00,22.06156703,85.47409613,CO,35,62,51
India,Odisha,Bileipada,"Tata Township, Bileipada - OSPCB",14-12-2025 23:00,22.06156703,85.47409613,OZONE,13,13,13
India,Odisha,Brajrajnagar,"GM Office, Brajrajnagar - OSPCB",14-12-2025 23:00,21.8004996,83.8396977,NO2,NA,NA,NA
India,Odisha,Brajrajnagar,"GM Office, Brajrajnagar - OSPCB",14-12-2025 23:00,21.8004996,83.8396977,SO2,NA,NA,NA
India,Odisha,Byasanagar,"Ferro Chrome Colony, Byasanagar - OSPCB",14-12-2025 23:00,20.94185,86.1151,NO2,17,41,26
India,Odisha,Cuttack,"CDA Area, Cuttack - OSPCB",14-12-2025 23:00,20.48891,85.84768,PM10,130,402,206
India,Odisha,Keonjhar,"Jagamohanpur, Keonjhar - OSPCB",14-12-2025 23:00,21.6439,85.599355,NH3,7,24,14
India,Odisha,Rairangpur,"Divisional Forest Office, Rairangpur - OSPCB",14-12-2025 23:00,22.265816,86.174829,PM2.5,46,69,53
India,Odisha,Rairangpur,"Divisional Forest Office, Rairangpur - OSPCB",14-12-2025 23:00,22.265816,86.174829,NH3,1,1,1
India,Rajasthan,Barmer,"Railway Colony, Barmer - RSPCB",14-12-2025 23:00,25.747299,71.393989,NO2,7,96,30
India,Rajasthan,Barmer,"Railway Colony, Barmer - RSPCB",14-12-2025 23:00,25.747299,71.393989,SO2,5,22,11
India,Rajasthan,Bhilwara,"Pratap Nagar, Bhilwara - RSPCB",14-12-2025 23:00,25.339605,74.618883,CO,34,103,60
India,Rajasthan,Bhiwadi,"RIICO Ind. Area III, Bhiwadi - RSPCB",14-12-2025 23:00,28.194909,76.862296,NH3,NA,NA,NA
India,Rajasthan,Bhiwadi,"Vasundhara Nagar_UIT, Bhiwadi - RSPCB",14-12-2025 23:00,28.207266,76.829265,PM2.5,160,498,336
India,Rajasthan,Ajmer,"Civil Lines,  Ajmer - RSPCB",14-12-2025 23:00,26.470859,74.646594,NH3,3,4,4
India,Rajasthan,Alwar,"Moti Doongri, Alwar - RSPCB",14-12-2025 23:00,27.554793,76.611536,SO2,21,56,34
India,Rajasthan,Banswara,"Rati Talai, Banswara - RSPCB",14-12-2025 23:00,23.55519,74.44001,SO2,1,17,6
India,Rajasthan,Baran,"Bamboliya, Baran - RSPCB",14-12-2025 23:00,25.106006,76.469948,PM2.5,20,100,51
India,Rajasthan,Baran,"Bamboliya, Baran - RSPCB",14-12-2025 23:00,25.106006,76.469948,NO2,18,60,31
India,Puducherry,Puducherry,"Jawahar Nagar, Puducherry - PPCC",14-12-2025 23:00,11.9309,79.8027,PM2.5,47,98,69
India,Puducherry,Puducherry,"Jawahar Nagar, Puducherry - PPCC",14-12-2025 23:00,11.9309,79.8027,NH3,1,3,2
India,Punjab,Amritsar,"Golden Temple, Amritsar - PPCB",14-12-2025 23:00,31.62,74.876512,PM2.5,74,134,91
India,Punjab,Amritsar,"Golden Temple, Amritsar - PPCB",14-12-2025 23:00,31.62,74.876512,NO2,5,11,8
India,Punjab,Jalandhar,"Civil Line, Jalandhar - PPCB",14-12-2025 23:00,31.321907,75.578914,PM2.5,53,148,75
India,Rajasthan,Bikaner,"MM Ground, Bikaner - RSPCB",14-12-2025 23:00,28.018792,73.292658,PM2.5,43,362,137
India,Rajasthan,Bikaner,"MM Ground, Bikaner - RSPCB",14-12-2025 23:00,28.018792,73.292658,OZONE,2,104,27
India,Rajasthan,Chittorgarh,"Shastri Nagar, Chittorgarh - RSPCB",14-12-2025 23:00,24.892047,74.623527,SO2,5,117,29
India,Rajasthan,Chittorgarh,"Shastri Nagar, Chittorgarh - RSPCB",14-12-2025 23:00,24.892047,74.623527,OZONE,1,114,44
India,Rajasthan,Churu,"Subash Chowk, Churu - RSPCB",14-12-2025 23:00,28.296139,74.961696,SO2,3,7,5
India,Odisha,Rourkela,"Fertilizer Township, Rourkela - OSPCB",14-12-2025 23:00,22.18972222,84.86277778,PM2.5,88,263,110
India,Odisha,Suakati,"OMC Colony, Suakati - OSPCB",14-12-2025 23:00,21.606865,85.510538,SO2,4,11,6
India,Odisha,Talcher,"Talcher Coalfields,Talcher - OSPCB",14-12-2025 23:00,20.9360711,85.1707021,NO2,65,108,85
India,Odisha,Talcher,"Talcher Coalfields,Talcher - OSPCB",14-12-2025 23:00,20.9360711,85.1707021,OZONE,4,24,16
India,Rajasthan,Dausa,"Khatikan Mohalla, Dausa - RSPCB",14-12-2025 23:00,26.895552,76.334753,PM10,83,299,131
India,Rajasthan,Jaipur,"Adarsh Nagar, Jaipur - RSPCB",14-12-2025 23:00,26.902909,75.836858,CO,28,109,78
India,Rajasthan,Jaipur,"Mansarovar Sector-12, Jaipur - RSPCB",14-12-2025 23:00,26.843698,75.766894,OZONE,9,285,98
India,Rajasthan,Jaipur,"Police Commissionerate, Jaipur - RSPCB",14-12-2025 23:00,26.9164092,75.7994901,CO,55,62,57
India,Rajasthan,Jaipur,"RIICO Sitapura, Jaipur - RSPCB",14-12-2025 23:00,26.786682,75.827928,PM10,98,421,208
India,Rajasthan,Jaipur,"RIICO Sitapura, Jaipur - RSPCB",14-12-2025 23:00,26.786682,75.827928,NO2,30,153,74
India,Rajasthan,Jaipur,"RIICO Sitapura, Jaipur - RSPCB",14-12-2025 23:00,26.786682,75.827928,CO,25,139,89
India,Rajasthan,Jaipur,"Sector-2 Murlipura, Jaipur - RSPCB",14-12-2025 23:00,26.960669,75.771817,NO2,36,145,72
India,Rajasthan,Jhunjhunu,"Indra Nagar, Jhunjhunu - RSPCB",14-12-2025 23:00,28.108988,75.386577,PM2.5,33,201,93
India,Rajasthan,Jhunjhunu,"Indra Nagar, Jhunjhunu - RSPCB",14-12-2025 23:00,28.108988,75.386577,PM10,105,338,162
India,Rajasthan,Jhunjhunu,"Indra Nagar, Jhunjhunu - RSPCB",14-12-2025 23:00,28.108988,75.386577,NO2,16,155,57
India,Rajasthan,Jhunjhunu,"Indra Nagar, Jhunjhunu - RSPCB",14-12-2025 23:00,28.108988,75.386577,CO,22,107,54
India,Rajasthan,Jodhpur,"Digari Kalan, Jodhpur - RSPCB",14-12-2025 23:00,26.29581,73.082283,NO2,8,75,39
India,Rajasthan,Jodhpur,"Digari Kalan, Jodhpur - RSPCB",14-12-2025 23:00,26.29581,73.082283,OZONE,9,106,71
India,Rajasthan,Jodhpur,"Jhalamand, Jodhpur - RSPCB",14-12-2025 23:00,26.215415,73.070156,PM2.5,45,316,145
India,Rajasthan,Jodhpur,"Jhalamand, Jodhpur - RSPCB",14-12-2025 23:00,26.215415,73.070156,NO2,12,97,45
India,Rajasthan,Sikar,"Radhakishan Pura, Sikar - RSPCB",14-12-2025 23:00,27.608912,75.153302,PM10,103,500,196
India,Rajasthan,Sikar,"Radhakishan Pura, Sikar - RSPCB",14-12-2025 23:00,27.608912,75.153302,CO,23,121,80
India,Rajasthan,Sri Ganganagar,"Old City, Sri Ganganagar - RSPCB",14-12-2025 23:00,29.931624,73.864511,CO,40,171,106
India,Rajasthan,Tonk,"Shastri Nagar, Tonk - RSPCB",14-12-2025 23:00,26.159933,75.780517,NO2,14,110,45
India,Rajasthan,Udaipur,"Ashok Nagar, Udaipur - RSPCB",14-12-2025 23:00,24.5886166,73.6321397,PM10,66,181,122
India,TamilNadu,Ariyalur,"Keelapalur, Ariyalur - TNPCB",14-12-2025 23:00,11.06825,79.07033,NH3,1,1,1
India,TamilNadu,Ariyalur,"Keelapalur, Ariyalur - TNPCB",14-12-2025 23:00,11.06825,79.07033,SO2,13,13,13
India,TamilNadu,Chennai,"Arumbakkam, Chennai - TNPCB",14-12-2025 23:00,13.0664,80.2112,SO2,2,22,8
India,TamilNadu,Chennai,"Kodungaiyur, Chennai - TNPCB",14-12-2025 23:00,13.1278,80.2642,PM2.5,62,178,101
India,TamilNadu,Chennai,"Kodungaiyur, Chennai - TNPCB",14-12-2025 23:00,13.1278,80.2642,PM10,78,169,116
India,TamilNadu,Chennai,"Kodungaiyur, Chennai - TNPCB",14-12-2025 23:00,13.1278,80.2642,NO2,1,32,4
India,Rajasthan,Jaisalmer,"Sadar Bazar, Jaisalmer - RSPCB",14-12-2025 23:00,26.912329,70.909168,PM10,47,325,163
India,Rajasthan,Jaisalmer,"Sadar Bazar, Jaisalmer - RSPCB",14-12-2025 23:00,26.912329,70.909168,NO2,16,62,36
India,Rajasthan,Jalore,"Mudtra Sili, Jalore - RSPCB",14-12-2025 23:00,25.344694,72.626208,PM10,66,325,146
India,Rajasthan,Jalore,"Mudtra Sili, Jalore - RSPCB",14-12-2025 23:00,25.344694,72.626208,SO2,1,6,3
India,Rajasthan,Jhalawar,"Rajlaxmi Nagar, Jhalawar - RSPCB",14-12-2025 23:00,24.588397,76.172782,OZONE,2,134,65
India,Rajasthan,Kota,"Dhanmandi, Kota - RSPCB",14-12-2025 23:00,25.16409,75.858137,NO2,28,196,70
India,Rajasthan,Kota,"Dhanmandi, Kota - RSPCB",14-12-2025 23:00,25.16409,75.858137,CO,10,119,62
India,Rajasthan,Kota,"Nayapura, Kota - RSPCB",14-12-2025 23:00,25.196024,75.855668,NO2,28,113,58
India,Rajasthan,Nagaur,"Karni Colony, Nagaur - RSPCB",14-12-2025 23:00,27.213494,73.734444,PM2.5,40,395,215
India,Rajasthan,Nagaur,"Karni Colony, Nagaur - RSPCB",14-12-2025 23:00,27.213494,73.734444,OZONE,1,91,50
India,Rajasthan,Jodhpur,"Mandor, Jodhpur - RSPCB",14-12-2025 23:00,26.358805,73.047444,PM10,55,135,92
India,Rajasthan,Jodhpur,"Mandor, Jodhpur - RSPCB",14-12-2025 23:00,26.358805,73.047444,SO2,2,28,8
India,Rajasthan,Jodhpur,"Mandor, Jodhpur - RSPCB",14-12-2025 23:00,26.358805,73.047444,CO,16,61,22
India,Rajasthan,Jodhpur,"Mandor, Jodhpur - RSPCB",14-12-2025 23:00,26.358805,73.047444,OZONE,14,131,76
India,Rajasthan,Karauli,"Satyawati Vihar, Karauli - RSPCB",14-12-2025 23:00,26.506177,77.025989,OZONE,26,129,68
India,Rajasthan,Rajsamand,"Dhoinda, Rajsamand - RSPCB",14-12-2025 23:00,25.03636,73.883502,NH3,NA,NA,NA
India,Rajasthan,Sawai Madhopur,"Sahu Nagar, Sawai Madhopur - RSPCB",14-12-2025 23:00,26.031443,76.359327,NO2,13,44,21
India,Rajasthan,Sikar,"Radhakishan Pura, Sikar - RSPCB",14-12-2025 23:00,27.608912,75.153302,PM2.5,65,380,163
India,TamilNadu,Chennai,"Perungudi, Chennai - TNPCB",14-12-2025 23:00,12.9533,80.2357,PM10,NA,NA,NA
India,TamilNadu,Chennai,"Perungudi, Chennai - TNPCB",14-12-2025 23:00,12.9533,80.2357,NH3,3,4,3
India,TamilNadu,Chennai,"Perungudi, Chennai - TNPCB",14-12-2025 23:00,12.9533,80.2357,SO2,1,6,4
India,TamilNadu,Perundurai,"SIPCOT Industrial Park, Perundurai - TNPCB",14-12-2025 23:00,11.258242,77.552761,PM10,35,86,56
India,TamilNadu,Perundurai,"SIPCOT Industrial Park, Perundurai - TNPCB",14-12-2025 23:00,11.258242,77.552761,NO2,12,12,12
India,TamilNadu,Perundurai,"SIPCOT Industrial Park, Perundurai - TNPCB",14-12-2025 23:00,11.258242,77.552761,NH3,2,3,2
India,TamilNadu,Perundurai,"SIPCOT Industrial Park, Perundurai - TNPCB",14-12-2025 23:00,11.258242,77.552761,SO2,12,13,13
India,TamilNadu,Perundurai,"SIPCOT Industrial Park, Perundurai - TNPCB",14-12-2025 23:00,11.258242,77.552761,CO,28,32,30
India,TamilNadu,Pudukottai,"SIPCOT Nathampannai, Pudukottai - TNPCB",14-12-2025 23:00,10.423417,78.784889,NH3,NA,NA,NA
India,TamilNadu,Ramanathapuram,"Chalai Bazaar, Ramanathapuram - TNPCB",14-12-2025 23:00,9.36399,78.831977,CO,14,21,18
India,TamilNadu,Thanjavur,"Parisutham Nagar, Thanjavur - TNPCB",14-12-2025 23:00,10.7654824,79.1389968,NH3,1,1,1
India,TamilNadu,Thoothukudi,"Meelavittan, Thoothukudi - TNPCB",14-12-2025 23:00,8.816428,78.099039,PM10,45,171,69
India,TamilNadu,Chennai,"Velachery Res. Area, Chennai - CPCB",14-12-2025 23:00,13.0052189,80.2398125,PM10,91,117,101
India,TamilNadu,Chennai,"Velachery Res. Area, Chennai - CPCB",14-12-2025 23:00,13.0052189,80.2398125,NO2,14,17,15
India,TamilNadu,Chennai,"Velachery Res. Area, Chennai - CPCB",14-12-2025 23:00,13.0052189,80.2398125,SO2,15,17,16
India,TamilNadu,Coimbatore,"PSG College of Arts and Science, Coimbatore - TNPCB",14-12-2025 23:00,11.0328,77.0349,NO2,10,11,11
India,TamilNadu,Coimbatore,"PSG College of Arts and Science, Coimbatore - TNPCB",14-12-2025 23:00,11.0328,77.0349,OZONE,4,6,5
India,TamilNadu,Coimbatore,"SIDCO Kurichi, Coimbatore - TNPCB",14-12-2025 23:00,10.942451,76.978996,CO,14,38,29
India,TamilNadu,Cuddalore,"Kudikadu, Cuddalore - TNPCB",14-12-2025 23:00,11.6829898,79.7532099,NH3,5,5,5
India,TamilNadu,Cuddalore,"Semmandalam, Cuddalore - TNPCB",14-12-2025 23:00,11.7637683,79.7499835,NH3,1,3,2
India,Uttar_Pradesh,Agra,"Shahjahan Garden, Agra - UPPCB",14-12-2025 23:00,27.169338,78.03582,SO2,12,21,16
India,Uttar_Pradesh,Agra,"Shastripuram, Agra - UPPCB",14-12-2025 23:00,27.19862,77.92066,NH3,3,3,3
India,Uttar_Pradesh,Baghpat,"Sardar Patel Inter College, Baghpat - UPPCB",14-12-2025 23:00,28.964949,77.278761,PM2.5,320,495,426
India,Uttar_Pradesh,Baghpat,"Sardar Patel Inter College, Baghpat - UPPCB",14-12-2025 23:00,28.964949,77.278761,OZONE,2,106,44
India,Uttar_Pradesh,Bareilly,"Civil Lines, Bareilly - UPPCB",14-12-2025 23:00,28.359581,79.414455,PM10,47,85,67
India,Uttar_Pradesh,Bareilly,"Rajendra Nagar, Bareilly - UPPCB",14-12-2025 23:00,28.38910936,79.42963708,PM10,64,155,108
India,TamilNadu,Thoothukudi,"Meelavittan, Thoothukudi - TNPCB",14-12-2025 23:00,8.816428,78.099039,CO,38,55,50
India,TamilNadu,Virudhunagar,"Collectorate Office, Virudhunagar - TNPCB",14-12-2025 23:00,9.559382,77.948828,OZONE,2,2,2
India,Telangana,Hyderabad,"Bollaram Industrial Area, Hyderabad - TSPCB",14-12-2025 23:00,17.540891,78.358528,PM10,58,151,112
India,Telangana,Hyderabad,"Bollaram Industrial Area, Hyderabad - TSPCB",14-12-2025 23:00,17.540891,78.358528,CO,16,38,31
India,Telangana,Hyderabad,"Central University, Hyderabad - TSPCB",14-12-2025 23:00,17.460103,78.334361,PM2.5,41,128,79
India,Telangana,Hyderabad,"ECIL Kapra, Hyderabad - TSPCB",14-12-2025 23:00,17.470431,78.566959,PM10,NA,NA,NA
India,Telangana,Hyderabad,"IITH Kandi, Hyderabad - TSPCB",14-12-2025 23:00,17.585705,78.126199,NO2,13,16,15
India,Telangana,Hyderabad,"Kokapet, Hyderabad - TSPCB",14-12-2025 23:00,17.393559,78.339194,PM10,74,105,88
India,Telangana,Hyderabad,"Kokapet, Hyderabad - TSPCB",14-12-2025 23:00,17.393559,78.339194,NO2,11,15,12
India,Telangana,Hyderabad,"Kokapet, Hyderabad - TSPCB",14-12-2025 23:00,17.393559,78.339194,OZONE,15,30,24
India,Telangana,Hyderabad,"Kompally Municipal Office, Hyderabad - TSPCB",14-12-2025 23:00,17.544899,78.486949,PM2.5,NA,NA,NA
India,Telangana,Hyderabad,"Kompally Municipal Office, Hyderabad - TSPCB",14-12-2025 23:00,17.544899,78.486949,NO2,NA,NA,NA
India,Telangana,Hyderabad,"Somajiguda, Hyderabad - TSPCB",14-12-2025 23:00,17.417094,78.457437,PM10,59,145,96
India,Telangana,Hyderabad,"Zoo Park, Hyderabad - TSPCB",14-12-2025 23:00,17.349694,78.451437,NH3,3,4,3
India,Telangana,Hyderabad,"Zoo Park, Hyderabad - TSPCB",14-12-2025 23:00,17.349694,78.451437,SO2,4,22,13
India,Tripura,Agartala,"Bardowali, Agartala - Tripura SPCB",14-12-2025 23:00,23.8175497,91.2726974,PM10,49,96,70
India,Tripura,Agartala,"Bardowali, Agartala - Tripura SPCB",14-12-2025 23:00,23.8175497,91.2726974,SO2,8,9,8
India,Tripura,Agartala,"Bardowali, Agartala - Tripura SPCB",14-12-2025 23:00,23.8175497,91.2726974,CO,26,34,32
India,Telangana,Hyderabad,"Kompally Municipal Office, Hyderabad - TSPCB",14-12-2025 23:00,17.544899,78.486949,OZONE,30,35,35
India,Telangana,Hyderabad,"Nacharam_TSIIC IALA, Hyderabad - TSPCB",14-12-2025 23:00,17.429398,78.569354,NH3,NA,NA,NA
India,Telangana,Hyderabad,"Nacharam_TSIIC IALA, Hyderabad - TSPCB",14-12-2025 23:00,17.429398,78.569354,CO,34,44,36
India,Telangana,Hyderabad,"Ramachandrapuram, Hyderabad - TSPCB",14-12-2025 23:00,17.528544,78.286195,NO2,10,17,12
India,Telangana,Hyderabad,"Ramachandrapuram, Hyderabad - TSPCB",14-12-2025 23:00,17.528544,78.286195,NH3,2,4,3
India,Uttar_Pradesh,Agra,"Rohta, Agra - UPPCB",14-12-2025 23:00,27.106972,78.000111,NO2,18,18,18
India,Uttar_Pradesh,Agra,"Sanjay Palace, Agra - UPPCB",14-12-2025 23:00,27.19865833,78.00598056,PM2.5,102,452,267
India,Uttar_Pradesh,Agra,"Sanjay Palace, Agra - UPPCB",14-12-2025 23:00,27.19865833,78.00598056,PM10,114,402,194
India,Uttar_Pradesh,Agra,"Shahjahan Garden, Agra - UPPCB",14-12-2025 23:00,27.169338,78.03582,PM2.5,73,346,159
India,TamilNadu,Karur,"Kamadenu Nagar, Karur - TNPCB",14-12-2025 23:00,10.96782,78.080882,NO2,5,6,6
India,TamilNadu,Karur,"Kamadenu Nagar, Karur - TNPCB",14-12-2025 23:00,10.96782,78.080882,SO2,14,15,15
India,TamilNadu,Nagapattinam,"Velippalayam, Nagapattinam - TNPCB",14-12-2025 23:00,10.798548,79.838212,PM10,NA,NA,NA
India,TamilNadu,Nagapattinam,"Velippalayam, Nagapattinam - TNPCB",14-12-2025 23:00,10.798548,79.838212,CO,NA,NA,NA
India,Uttar_Pradesh,Greater Noida,"Knowledge Park - V, Greater Noida - UPPCB",14-12-2025 23:00,28.557054,77.453663,OZONE,3,98,35
India,Uttar_Pradesh,Jhansi,"Shivaji Nagar, Jhansi - UPPCB",14-12-2025 23:00,25.4547,78.6039,OZONE,1,3,1
India,Uttar_Pradesh,Kanpur,"FTI Kidwai Nagar, Kanpur - UPPCB",14-12-2025 23:00,26.428282,80.327067,PM10,73,200,131
India,Uttar_Pradesh,Kanpur,"NSI Kalyanpur, Kanpur - UPPCB",14-12-2025 23:00,26.509954,80.249612,PM10,69,202,117
India,Uttar_Pradesh,Kanpur,"Nehru Nagar, Kanpur - UPPCB",14-12-2025 23:00,26.4703136,80.3229863,NO2,12,42,24
India,Uttar_Pradesh,Bareilly,"Rajendra Nagar, Bareilly - UPPCB",14-12-2025 23:00,28.38910936,79.42963708,SO2,35,38,36
India,Uttar_Pradesh,Bulandshahr,"Yamunapuram, Bulandshahr - UPPCB",14-12-2025 23:00,28.406963,77.849831,PM10,92,423,229
India,Uttar_Pradesh,Bulandshahr,"Yamunapuram, Bulandshahr - UPPCB",14-12-2025 23:00,28.406963,77.849831,SO2,1,28,6
India,Uttar_Pradesh,Firozabad,"Nagla Bhau, Firozabad - UPPCB",14-12-2025 23:00,27.168897,78.37696,SO2,22,30,25
India,Uttar_Pradesh,Ghaziabad,"Sanjay Nagar, Ghaziabad - UPPCB",14-12-2025 23:00,28.685382,77.453839,NO2,82,156,113
India,Uttar_Pradesh,Moradabad,"Eco Herbal Park, Moradabad - UPPCB",14-12-2025 23:00,28.840739,78.697531,NO2,3,71,25
India,Uttar_Pradesh,Moradabad,"Eco Herbal Park, Moradabad - UPPCB",14-12-2025 23:00,28.840739,78.697531,OZONE,2,76,28
India,Uttar_Pradesh,Moradabad,"Employment Office, Moradabad - UPPCB",14-12-2025 23:00,28.88528,78.7388,PM2.5,65,310,169
India,Uttar_Pradesh,Moradabad,"Employment Office, Moradabad - UPPCB",14-12-2025 23:00,28.88528,78.7388,NH3,4,4,4
India,Uttar_Pradesh,Moradabad,"Employment Office, Moradabad - UPPCB",14-12-2025 23:00,28.88528,78.7388,SO2,21,24,22
India,Uttar_Pradesh,Moradabad,"Kashiram Nagar, Moradabad - UPPCB",14-12-2025 23:00,28.849399,78.742362,PM2.5,56,337,173
India,Uttar_Pradesh,Noida,"Sector-1, Noida - UPPCB",14-12-2025 23:00,28.5898,77.3101,NH3,34,47,40
India,Uttar_Pradesh,Noida,"Sector-116, Noida - UPPCB",14-12-2025 23:00,28.56923,77.393848,NH3,33,51,41
India,Uttar_Pradesh,Noida,"Sector-116, Noida - UPPCB",14-12-2025 23:00,28.56923,77.393848,CO,26,153,153
India,Uttar_Pradesh,Prayagraj,"Motilal Nehru NIT, Prayagraj - UPPCB",14-12-2025 23:00,25.494,81.863,PM10,NA,NA,NA
India,Uttar_Pradesh,Prayagraj,"Motilal Nehru NIT, Prayagraj - UPPCB",14-12-2025 23:00,25.494,81.863,NO2,NA,NA,NA
India,Uttar_Pradesh,Prayagraj,"Motilal Nehru NIT, Prayagraj - UPPCB",14-12-2025 23:00,25.494,81.863,NH3,NA,NA,NA
India,Uttar_Pradesh,Ghaziabad,"Sanjay Nagar, Ghaziabad - UPPCB",14-12-2025 23:00,28.685382,77.453839,CO,30,161,161
India,Uttar_Pradesh,Gorakhpur,"Madan Mohan Malaviya University of Technology, Gorakhpur - UPPCB",14-12-2025 23:00,26.730136,83.433859,NO2,11,12,11
India,Uttar_Pradesh,Greater Noida,"Knowledge Park - III, Greater Noida - UPPCB",14-12-2025 23:00,28.47272,77.482,SO2,NA,NA,NA
India,Uttar_Pradesh,Greater Noida,"Knowledge Park - III, Greater Noida - UPPCB",14-12-2025 23:00,28.47272,77.482,CO,NA,NA,NA
India,Uttar_Pradesh,Kanpur,"Nehru Nagar, Kanpur - UPPCB",14-12-2025 23:00,26.4703136,80.3229863,CO,40,76,55
India,Uttar_Pradesh,Khurja,"Kalindi Kunj, Khurja - UPPCB",14-12-2025 23:00,28.2348927,77.8683002,NH3,1,1,1
India,Uttar_Pradesh,Lucknow,"Kendriya Vidyalaya, Lucknow - CPCB",14-12-2025 23:00,26.906111,80.948222,PM10,124,424,195
India,Uttar_Pradesh,Lucknow,"Kendriya Vidyalaya, Lucknow - CPCB",14-12-2025 23:00,26.906111,80.948222,NH3,12,17,15
India,Uttar_Pradesh,Moradabad,"Transport Nagar, Moradabad - UPPCB",14-12-2025 23:00,28.802625,78.753728,PM2.5,29,262,116
India,Uttar_Pradesh,Moradabad,"Transport Nagar, Moradabad - UPPCB",14-12-2025 23:00,28.802625,78.753728,SO2,31,39,34
India,Uttar_Pradesh,Noida,"Sector - 125, Noida - UPPCB",14-12-2025 23:00,28.5447608,77.3231257,NH3,3,3,3
India,Uttar_Pradesh,Noida,"Sector - 62, Noida - IMD",14-12-2025 23:00,28.6245479,77.3577104,PM2.5,384,451,422
India,Uttar_Pradesh,Lucknow,"Kendriya Vidyalaya, Lucknow - CPCB",14-12-2025 23:00,26.906111,80.948222,CO,23,106,65
India,Uttar_Pradesh,Meerut,"Ganga Nagar, Meerut - UPPCB",14-12-2025 23:00,28.999264,77.7590354,NO2,38,117,70
India,Uttar_Pradesh,Meerut,"Jai Bhim Nagar, Meerut - UPPCB",14-12-2025 23:00,28.9535882,77.7622941,NH3,27,48,35
India,Uttar_Pradesh,Prayagraj,"Nagar Nigam, Prayagraj - UPPCB",14-12-2025 23:00,25.44919916,81.82735986,PM2.5,NA,NA,NA
India,Uttar_Pradesh,Varanasi,"Ardhali Bazar, Varanasi - UPPCB",14-12-2025 23:00,25.3505986,82.9083074,PM10,109,401,229
India,Uttar_Pradesh,Varanasi,"Ardhali Bazar, Varanasi - UPPCB",14-12-2025 23:00,25.3505986,82.9083074,NO2,81,102,90
India,Uttar_Pradesh,Varanasi,"Bhelupur, Varanasi - UPPCB",14-12-2025 23:00,25.301778,82.996789,PM2.5,95,345,220
India,Uttar_Pradesh,Varanasi,"IESD Banaras Hindu University, Varanasi - UPPCB",14-12-2025 23:00,25.262326,82.995408,SO2,24,27,26
India,Uttar_Pradesh,Varanasi,"IESD Banaras Hindu University, Varanasi - UPPCB",14-12-2025 23:00,25.262326,82.995408,OZONE,14,74,32
India,Uttar_Pradesh,Vrindavan,"Omex Eternity, Vrindavan - UPPCB",14-12-2025 23:00,27.571409,77.655757,CO,65,95,76
India,Uttar_Pradesh,Vrindavan,"Omex Eternity, Vrindavan - UPPCB",14-12-2025 23:00,27.571409,77.655757,OZONE,15,15,15
India,Uttarakhand,Dehradun,"Doon University, Dehradun - UKPCB",14-12-2025 23:00,30.269444,78.044167,OZONE,21,63,38
India,Uttarakhand,Rishikesh,"Shivaji Nagar, Rishikesh - UKPCB",14-12-2025 23:00,30.075911,78.2859547,NO2,17,24,21
India,West_Bengal,Asansol,"Asansol Court Area, Asansol - WBPCB",14-12-2025 23:00,23.685297,86.945968,NO2,15,28,23
India,West_Bengal,Asansol,"Asansol Court Area, Asansol - WBPCB",14-12-2025 23:00,23.685297,86.945968,OZONE,13,49,25
India,West_Bengal,Asansol,"Evelyn Lodge, Asansol - WBPCB",14-12-2025 23:00,23.697936,86.944395,PM2.5,33,270,151
India,West_Bengal,Asansol,"Evelyn Lodge, Asansol - WBPCB",14-12-2025 23:00,23.697936,86.944395,PM10,48,155,109
India,West_Bengal,Asansol,"Evelyn Lodge, Asansol - WBPCB",14-12-2025 23:00,23.697936,86.944395,NH3,4,5,5
India,West_Bengal,Asansol,"Evelyn Lodge, Asansol - WBPCB",14-12-2025 23:00,23.697936,86.944395,OZONE,7,49,22
India,West_Bengal,Asansol,"Mahabir Colliery, Asansol - WBPCB",14-12-2025 23:00,23.618183,87.105718,SO2,6,9,7
India,West_Bengal,Asansol,"Mahabir Colliery, Asansol - WBPCB",14-12-2025 23:00,23.618183,87.105718,CO,26,116,83
India,West_Bengal,Asansol,"Trivenidevi Bhalotia College, Asansol - WBPCB",14-12-2025 23:00,23.616515,87.119133,PM10,46,182,112
India,West_Bengal,Asansol,"Trivenidevi Bhalotia College, Asansol - WBPCB",14-12-2025 23:00,23.616515,87.119133,CO,8,102,27
India,West_Bengal,Barrackpore,"SVSPA Campus, Barrackpore - WBPCB",14-12-2025 23:00,22.7605581,88.3617589,PM2.5,36,249,116
India,West_Bengal,Barrackpore,"SVSPA Campus, Barrackpore - WBPCB",14-12-2025 23:00,22.7605581,88.3617589,PM10,41,145,98
India,West_Bengal,Barrackpore,"SVSPA Campus, Barrackpore - WBPCB",14-12-2025 23:00,22.7605581,88.3617589,NO2,11,51,24
India,West_Bengal,Barrackpore,"SVSPA Campus, Barrackpore - WBPCB",14-12-2025 23:00,22.7605581,88.3617589,NH3,9,12,10
India,West_Bengal,Barrackpore,"SVSPA Campus, Barrackpore - WBPCB",14-12-2025 23:00,22.7605581,88.3617589,CO,52,101,73
India,West_Bengal,Durgapur,"Mahishkapur Road_B-Zone, Durgapur - WBPCB",14-12-2025 23:00,23.567923,87.306843,OZONE,15,91,44
India,West_Bengal,Haldia,"Priyambada Housing Estate, Haldia - WBPCB",14-12-2025 23:00,22.06047,88.109737,NH3,3,5,4
India,West_Bengal,Howrah,"Belur Math, Howrah - WBPCB",14-12-2025 23:00,22.629801,88.352017,PM10,74,402,195
India,West_Bengal,Howrah,"Botanical Garden, Howrah - WBPCB",14-12-2025 23:00,22.554954,88.292568,CO,11,103,38
India,West_Bengal,Howrah,"Dasnagar, Howrah - WBPCB",14-12-2025 23:00,22.6025571,88.3105664,CO,2,89,57
India,West_Bengal,Howrah,"Padmapukur, Howrah - WBPCB",14-12-2025 23:00,22.5687319,88.2797276,PM2.5,40,310,149
India,West_Bengal,Howrah,"Padmapukur, Howrah - WBPCB",14-12-2025 23:00,22.5687319,88.2797276,OZONE,2,90,31
India,West_Bengal,Kolkata,"Bidhannagar, Kolkata - WBPCB",14-12-2025 23:00,22.58157048,88.41002457,PM10,NA,NA,NA
India,West_Bengal,Kolkata,"Bidhannagar, Kolkata - WBPCB",14-12-2025 23:00,22.58157048,88.41002457,SO2,NA,NA,NA
India,West_Bengal,Kolkata,"Bidhannagar, Kolkata - WBPCB",14-12-2025 23:00,22.58157048,88.41002457,OZONE,NA,NA,NA
India,West_Bengal,Kolkata,"Fort William, Kolkata - WBPCB",14-12-2025 23:00,22.55664,88.342674,OZONE,15,85,47
India,West_Bengal,Kolkata,"Jadavpur, Kolkata - WBPCB",14-12-2025 23:00,22.49929,88.36917,SO2,8,11,9
India,West_Bengal,Kolkata,"Rabindra Bharati University, Kolkata - WBPCB",14-12-2025 23:00,22.627847,88.380669,PM10,45,292,122
India,West_Bengal,Kolkata,"Rabindra Bharati University, Kolkata - WBPCB",14-12-2025 23:00,22.627847,88.380669,NH3,12,14,12
India,West_Bengal,Kolkata,"Rabindra Bharati University, Kolkata - WBPCB",14-12-2025 23:00,22.627847,88.380669,SO2,11,12,12
India,West_Bengal,Kolkata,"Rabindra Bharati University, Kolkata - WBPCB",14-12-2025 23:00,22.627847,88.380669,OZONE,8,71,28
India,West_Bengal,Kolkata,"Rabindra Sarobar, Kolkata - WBPCB",14-12-2025 23:00,22.51106,88.35142,SO2,5,16,8
India,Bihar,Araria,"Kharahiya Basti, Araria - BSPCB",14-12-2025 23:00,26.146529,87.454184,NH3,4,5,4
India,Bihar,Araria,"Kharahiya Basti, Araria - BSPCB",14-12-2025 23:00,26.146529,87.454184,SO2,1,22,11
India,Bihar,Arrah,"New DM Office, Arrah - BSPCB",14-12-2025 23:00,25.5626095,84.663264,PM2.5,25,117,73
India,Bihar,Arrah,"New DM Office, Arrah - BSPCB",14-12-2025 23:00,25.5626095,84.663264,NO2,4,9,7
India,Bihar,Arrah,"New DM Office, Arrah - BSPCB",14-12-2025 23:00,25.5626095,84.663264,SO2,9,10,10
India,Bihar,Aurangabad,"Gurdeo Nagar, Aurangabad - BSPCB",14-12-2025 23:00,24.75746,84.366208,PM2.5,27,157,90
India,Bihar,Aurangabad,"Gurdeo Nagar, Aurangabad - BSPCB",14-12-2025 23:00,24.75746,84.366208,CO,101,103,102
India,Bihar,Begusarai,"Lohiyanagar, Begusarai - BSPCB",14-12-2025 23:00,25.42742023,86.13886079,PM2.5,52,128,76
India,Bihar,Begusarai,"Lohiyanagar, Begusarai - BSPCB",14-12-2025 23:00,25.42742023,86.13886079,SO2,50,76,70
India,Bihar,Buxar,"Charitra Van, Buxar - BSPCB",14-12-2025 23:00,25.56752,83.966379,OZONE,1,16,5
India,Bihar,Chhapra,"Darshan Nagar, Chhapra - BSPCB",14-12-2025 23:00,25.7808257,84.7446768,NO2,2,3,3
India,Bihar,Chhapra,"Darshan Nagar, Chhapra - BSPCB",14-12-2025 23:00,25.7808257,84.7446768,NH3,4,9,6
India,Bihar,Gaya,"Collectorate, Gaya - BSPCB",14-12-2025 23:00,24.7955,84.9994,SO2,NA,NA,NA
India,Bihar,Gaya,"Kareemganj, Gaya - BSPCB",14-12-2025 23:00,24.792403,84.992416,PM10,78,259,162
India,Bihar,Gaya,"SFTI Kusdihra, Gaya - BSPCB",14-12-2025 23:00,24.762518,84.982348,NH3,4,4,4
India,Bihar,Hajipur,"Industrial Area, Hajipur - BSPCB",14-12-2025 23:00,25.697189,85.2459,PM2.5,57,305,156
India,Bihar,Bettiah,"Kamalnath Nagar, Bettiah - BSPCB",14-12-2025 23:00,26.80365,84.51954,NO2,7,10,8
India,Bihar,Bhagalpur,"DM Office_Kachari Chowk, Bhagalpur - BSPCB",14-12-2025 23:00,25.251013,86.989001,NO2,6,10,8
India,Bihar,Bhagalpur,"Mayaganj, Bhagalpur - BSPCB",14-12-2025 23:00,25.265194,87.012947,NH3,NA,NA,NA
India,Bihar,Bhagalpur,"Mayaganj, Bhagalpur - BSPCB",14-12-2025 23:00,25.265194,87.012947,CO,44,96,68
India,Bihar,Bihar Sharif,"D M Colony, Bihar Sharif - BSPCB",14-12-2025 23:00,25.204762,85.51496,PM10,45,152,100
India,Bihar,Buxar,"Charitra Van, Buxar - BSPCB",14-12-2025 23:00,25.56752,83.966379,PM10,60,158,119
India,Andhra_Pradesh,Kadapa,"Yerramukkapalli, Kadapa - APPCB",14-12-2025 23:00,14.465052,78.824187,SO2,10,13,11
India,Andhra_Pradesh,Rajamahendravaram,"Anand Kala Kshetram, Rajamahendravaram - APPCB",14-12-2025 23:00,16.9872867,81.7363176,NH3,3,10,6
India,Andhra_Pradesh,Tirumala,"Toll Gate, Tirumala - APPCB",14-12-2025 23:00,13.67,79.35,PM10,76,112,95
India,Andhra_Pradesh,Tirumala,"Toll Gate, Tirumala - APPCB",14-12-2025 23:00,13.67,79.35,NO2,11,21,17
India,Andhra_Pradesh,Tirumala,"Toll Gate, Tirumala - APPCB",14-12-2025 23:00,13.67,79.35,NH3,1,1,1
India,Andhra_Pradesh,Tirupati,"Vaikuntapuram, Tirupati - APPCB",14-12-2025 23:00,13.615387,79.40923,OZONE,16,17,16
India,Andhra_Pradesh,Visakhapatnam,"GVM Corporation, Visakhapatnam - APPCB",14-12-2025 23:00,17.72,83.3,CO,2,60,30
India,Arunachal_Pradesh,Naharlagun,"Naharlagun, Naharlagun - APSPCB",14-12-2025 23:00,27.103358,93.679645,NH3,NA,NA,NA
India,Assam,Byrnihat,"Central Academy for SFS, Byrnihat - PCBA",14-12-2025 23:00,26.071318,91.87488,PM2.5,80,190,128
India,Assam,Byrnihat,"Central Academy for SFS, Byrnihat - PCBA",14-12-2025 23:00,26.071318,91.87488,SO2,4,7,6
India,Assam,Guwahati,"Pan Bazaar, Guwahati - PCBA",14-12-2025 23:00,26.1875,91.744194,OZONE,17,18,18
India,Andhra_Pradesh,Vijayawada,"HB Colony, Vijayawada - APPCB",14-12-2025 23:00,16.536107,80.594233,SO2,12,13,13
India,Andhra_Pradesh,Vijayawada,"Kanuru, Vijayawada - APPCB",14-12-2025 23:00,16.486692,80.699436,NO2,NA,NA,NA
India,Andhra_Pradesh,Vijayawada,"Kanuru, Vijayawada - APPCB",14-12-2025 23:00,16.486692,80.699436,CO,27,48,36
India,Andhra_Pradesh,Vijayawada,"Rajiv Nagar, Vijayawada - APPCB",14-12-2025 23:00,16.554731,80.64911,CO,47,54,51
India,Andhra_Pradesh,Vijayawada,"Rajiv Nagar, Vijayawada - APPCB",14-12-2025 23:00,16.554731,80.64911,OZONE,88,149,112
India,Andhra_Pradesh,Visakhapatnam,"GVM Corporation, Visakhapatnam - APPCB",14-12-2025 23:00,17.72,83.3,PM10,149,432,246
India,Andhra_Pradesh,Amaravati,"Secretariat, Amaravati - APPCB",14-12-2025 23:00,16.5150833,80.5181667,CO,20,58,32
India,Andhra_Pradesh,Anantapur,"Gulzarpet, Anantapur - APPCB",14-12-2025 23:00,14.675886,77.593027,SO2,12,14,13
India,Andhra_Pradesh,Anantapur,"Gulzarpet, Anantapur - APPCB",14-12-2025 23:00,14.675886,77.593027,CO,26,52,30
India,Andhra_Pradesh,Chittoor,"Gangineni Cheruvu, Chittoor - APPCB",14-12-2025 23:00,13.20488,79.097889,PM10,32,147,112
India,Andhra_Pradesh,Chittoor,"Gangineni Cheruvu, Chittoor - APPCB",14-12-2025 23:00,13.20488,79.097889,NH3,6,7,7
India,Andhra_Pradesh,Chittoor,"Gangineni Cheruvu, Chittoor - APPCB",14-12-2025 23:00,13.20488,79.097889,CO,29,64,37
India,Bihar,Kishanganj,"SDM Office_Khagra, Kishanganj - BSPCB",14-12-2025 23:00,26.0881305,87.93840336,NO2,9,13,11
India,Bihar,Kishanganj,"SDM Office_Khagra, Kishanganj - BSPCB",14-12-2025 23:00,26.0881305,87.93840336,NH3,3,3,3
India,Bihar,Manguraha,"Forest Rest House, Manguraha - BSPCB",14-12-2025 23:00,27.308328,84.531742,PM10,30,153,63
India,Bihar,Manguraha,"Forest Rest House, Manguraha - BSPCB",14-12-2025 23:00,27.308328,84.531742,NH3,1,2,1
India,Bihar,Manguraha,"Forest Rest House, Manguraha - BSPCB",14-12-2025 23:00,27.308328,84.531742,SO2,16,17,17
India,Assam,Nagaon,"Christianpatty, Nagaon - PCBA",14-12-2025 23:00,26.349082,92.68449,PM10,67,119,103
India,Assam,Silchar,"Tarapur, Silchar - PCBA",14-12-2025 23:00,24.82827,92.79525,PM2.5,35,81,58
India,Assam,Silchar,"Tarapur, Silchar - PCBA",14-12-2025 23:00,24.82827,92.79525,CO,30,84,39
India,Andaman and Nicobar,Sri Vijaya Puram,"Police Line, Sri Vijaya Puram - ANPCC",14-12-2025 23:00,11.654054,92.734055,PM2.5,NA,NA,NA
India,Andaman and Nicobar,Sri Vijaya Puram,"Police Line, Sri Vijaya Puram - ANPCC",14-12-2025 23:00,11.654054,92.734055,PM10,NA,NA,NA
India,Chandigarh,Chandigarh,"Sector-25, Chandigarh - CPCC",14-12-2025 23:00,30.751462,76.762879,PM2.5,71,235,121
India,Chandigarh,Chandigarh,"Sector-25, Chandigarh - CPCC",14-12-2025 23:00,30.751462,76.762879,NH3,2,3,2
India,Chandigarh,Chandigarh,"Sector-53, Chandigarh - CPCC",14-12-2025 23:00,30.719859,76.738637,NO2,29,142,66
India,Chandigarh,Chandigarh,"Sector-53, Chandigarh - CPCC",14-12-2025 23:00,30.719859,76.738637,OZONE,2,75,25
India,Chhattisgarh,Bhilai,"Civic Center, Bhilai - Bhilai Steel Plant",14-12-2025 23:00,21.185571,81.343175,PM10,39,124,70
India,Chhattisgarh,Bhilai,"Civic Center, Bhilai - Bhilai Steel Plant",14-12-2025 23:00,21.185571,81.343175,NO2,21,22,22
India,Chhattisgarh,Bhilai,"Civic Center, Bhilai - Bhilai Steel Plant",14-12-2025 23:00,21.185571,81.343175,NH3,6,6,6
India,Chhattisgarh,Bhilai,"Civic Center, Bhilai - Bhilai Steel Plant",14-12-2025 23:00,21.185571,81.343175,CO,21,22,22
India,Bihar,Motihari,"Gandak Colony, Motihari - BSPCB",14-12-2025 23:00,26.63086,84.90051,CO,30,44,39
India,Bihar,Munger,"Town Hall, Munger - BSPCB",14-12-2025 23:00,25.376776,86.471523,PM2.5,35,207,93
India,Bihar,Munger,"Town Hall, Munger - BSPCB",14-12-2025 23:00,25.376776,86.471523,PM10,30,121,69
India,Bihar,Muzaffarpur,"Buddha Colony, Muzaffarpur - BSPCB",14-12-2025 23:00,26.11442,85.39813,PM10,32,130,98
India,Bihar,Muzaffarpur,"Muzaffarpur Collectorate, Muzaffarpur - BSPCB",14-12-2025 23:00,26.1209,85.3647,PM2.5,95,140,121
India,Bihar,Muzaffarpur,"Muzaffarpur Collectorate, Muzaffarpur - BSPCB",14-12-2025 23:00,26.1209,85.3647,CO,10,39,26
India,Bihar,Muzaffarpur,"Muzaffarpur Collectorate, Muzaffarpur - BSPCB",14-12-2025 23:00,26.1209,85.3647,OZONE,7,33,18
India,Bihar,Patna,"DRM Office Danapur, Patna - BSPCB",14-12-2025 23:00,25.586562,85.043586,OZONE,7,24,10
India,Bihar,Patna,"Govt. High School Shikarpur, Patna - BSPCB",14-12-2025 23:00,25.592539,85.227158,NO2,2,40,19
India,Bihar,Patna,"Govt. High School Shikarpur, Patna - BSPCB",14-12-2025 23:00,25.592539,85.227158,CO,6,186,82
India,Bihar,Patna,"IGSC Planetarium Complex, Patna - BSPCB",14-12-2025 23:00,25.610369,85.132568,PM2.5,33,338,171
India,Bihar,Patna,"IGSC Planetarium Complex, Patna - BSPCB",14-12-2025 23:00,25.610369,85.132568,NO2,1,15,6
India,Bihar,Patna,"Rajbansi Nagar, Patna - BSPCB",14-12-2025 23:00,25.599486,85.113666,PM2.5,41,145,98
India,Chhattisgarh,Bilaspur,"Mangala, Bilaspur - NTPC",14-12-2025 23:00,22.08815,82.13737,PM2.5,59,166,88
India,Chhattisgarh,Bilaspur,"Mangala, Bilaspur - NTPC",14-12-2025 23:00,22.08815,82.13737,NO2,19,71,29
India,Chhattisgarh,Chhal,"Nawapara SECL Colony, Chhal - CECB",14-12-2025 23:00,22.118125,83.140608,PM2.5,48,118,77
India,Chhattisgarh,Chhal,"Nawapara SECL Colony, Chhal - CECB",14-12-2025 23:00,22.118125,83.140608,PM10,38,128,82
India,Chhattisgarh,Korba,"Rampur, Korba - CECB",14-12-2025 23:00,22.368195,82.746431,PM10,NA,NA,NA
India,Chhattisgarh,Korba,"Urja Nagar, Korba - CECB",14-12-2025 23:00,22.348441,82.549611,NO2,25,30,28
India,Bihar,Patna,"Samanpura, Patna - BSPCB",14-12-2025 23:00,25.596727,85.085624,PM10,75,222,149
India,Bihar,Purnia,"Mariam Nagar, Purnia - BSPCB",14-12-2025 23:00,25.366336,87.117468,SO2,10,18,16
India,Bihar,Purnia,"Mariam Nagar, Purnia - BSPCB",14-12-2025 23:00,25.366336,87.117468,CO,24,62,53
India,Bihar,Rajgir,"Dangi Tola, Rajgir - BSPCB",14-12-2025 23:00,25.0328,85.41948,PM2.5,NA,NA,NA
India,Bihar,Rajgir,"Dangi Tola, Rajgir - BSPCB",14-12-2025 23:00,25.0328,85.41948,NH3,6,7,6
India,Bihar,Rajgir,"Dangi Tola, Rajgir - BSPCB",14-12-2025 23:00,25.0328,85.41948,CO,76,95,87
India,Chhattisgarh,Milupara,"Govt. Higher Secondary School, Milupara - CECB",14-12-2025 23:00,22.1910172,83.5197009,PM2.5,NA,NA,NA
India,Chhattisgarh,Raipur,"AIIMS, Raipur - CECB",14-12-2025 23:00,21.258815,81.578979,PM2.5,50,122,84
India,Chhattisgarh,Raipur,"AIIMS, Raipur - CECB",14-12-2025 23:00,21.258815,81.578979,SO2,5,59,12
India,Chhattisgarh,Raipur,"AIIMS, Raipur - CECB",14-12-2025 23:00,21.258815,81.578979,OZONE,NA,NA,NA
India,Chhattisgarh,Raipur,"Bhatagaon New ISBT, Raipur - CECB",14-12-2025 23:00,21.219665,81.630094,SO2,7,24,10
India,Chhattisgarh,Raipur,"Bhatagaon New ISBT, Raipur - CECB",14-12-2025 23:00,21.219665,81.630094,CO,56,122,77
India,Chhattisgarh,Raipur,"Krishak Nagar, Raipur - CECB",14-12-2025 23:00,21.237755,81.705301,NH3,2,2,2
India,Chhattisgarh,Raipur,"Siltara Phase-II, Raipur - CECB",14-12-2025 23:00,21.371751,81.664929,NO2,9,28,18
India,Delhi,Delhi,"Alipur, Delhi - DPCC",14-12-2025 23:00,28.815329,77.15301,PM10,226,497,391
India,Delhi,Delhi,"Anand Vihar, Delhi - DPCC",14-12-2025 23:00,28.647622,77.315809,SO2,1,21,13
India,Bihar,Samastipur,"DM Office_Kasipur, Samastipur - BSPCB",14-12-2025 23:00,25.859655,85.77944,NO2,7,11,8
India,Bihar,Sasaram,"Dada Peer, Sasaram - BSPCB",14-12-2025 23:00,24.952822,84.002396,PM2.5,45,123,71
India,Bihar,Siwan,"Chitragupta Nagar, Siwan - BSPCB",14-12-2025 23:00,26.2271665,84.3570427,NO2,1,3,1
India,Delhi,Delhi,"Ashok Vihar, Delhi - DPCC",14-12-2025 23:00,28.695381,77.181665,SO2,18,28,23
India,Delhi,Delhi,"Bawana, Delhi - DPCC",14-12-2025 23:00,28.7762,77.051074,SO2,7,17,10
India,Delhi,Delhi,"Burari Crossing, Delhi - IMD",14-12-2025 23:00,28.7256504,77.2011573,PM2.5,215,500,474
India,Delhi,Delhi,"Mandir Marg, Delhi - DPCC",14-12-2025 23:00,28.636429,77.201067,NH3,8,12,10
India,Delhi,Delhi,"Mandir Marg, Delhi - DPCC",14-12-2025 23:00,28.636429,77.201067,OZONE,2,70,22
India,Delhi,Delhi,"Mundka, Delhi - DPCC",14-12-2025 23:00,28.684678,77.076574,PM2.5,NA,NA,NA
India,Delhi,Delhi,"Mundka, Delhi - DPCC",14-12-2025 23:00,28.684678,77.076574,SO2,3,51,34
India,Delhi,Delhi,"Mundka, Delhi - DPCC",14-12-2025 23:00,28.684678,77.076574,CO,101,135,109
India,Delhi,Delhi,"NSIT Dwarka, Delhi - CPCB",14-12-2025 23:00,28.60909,77.0325413,PM10,317,500,416
India,Delhi,Delhi,"Najafgarh, Delhi - DPCC",14-12-2025 23:00,28.570173,76.933762,OZONE,4,7,6
India,Delhi,Delhi,"Narela, Delhi - DPCC",14-12-2025 23:00,28.822836,77.101981,PM2.5,411,500,482
India,Delhi,Delhi,"Narela, Delhi - DPCC",14-12-2025 23:00,28.822836,77.101981,NH3,9,14,11
India,Delhi,Delhi,"Narela, Delhi - DPCC",14-12-2025 23:00,28.822836,77.101981,SO2,8,32,15
India,Gujarat,Ahmedabad,"Maninagar, Ahmedabad - GPCB",14-12-2025 23:00,23.002657,72.591912,PM10,48,164,98
India,Gujarat,Ahmedabad,"Maninagar, Ahmedabad - GPCB",14-12-2025 23:00,23.002657,72.591912,SO2,36,48,42
India,Gujarat,Ahmedabad,"Maninagar, Ahmedabad - GPCB",14-12-2025 23:00,23.002657,72.591912,OZONE,38,94,64
India,Gujarat,Ahmedabad,"Raikhad, Ahmedabad - IITM",14-12-2025 23:00,23.020509,72.579261,NO2,20,115,58
India,Gujarat,Ahmedabad,"Raikhad, Ahmedabad - IITM",14-12-2025 23:00,23.020509,72.579261,SO2,9,42,17
India,Gujarat,Ahmedabad,"Raikhad, Ahmedabad - IITM",14-12-2025 23:00,23.020509,72.579261,OZONE,6,73,34
India,Gujarat,Ahmedabad,"Rakhial, Ahmedabad - IITM",14-12-2025 23:00,23.016834,72.625775,PM10,80,196,121
India,Gujarat,Ahmedabad,"SAC ISRO Bopal, Ahmedabad - IITM",14-12-2025 23:00,23.041137,72.456691,NO2,22,59,42
India,Gujarat,Ahmedabad,"SAC ISRO Bopal, Ahmedabad - IITM",14-12-2025 23:00,23.041137,72.456691,OZONE,1,60,27
India,Delhi,Delhi,"Nehru Nagar, Delhi - DPCC",14-12-2025 23:00,28.56789,77.250515,CO,131,154,153
India,Delhi,Delhi,"North Campus, DU, Delhi - IMD",14-12-2025 23:00,28.6573814,77.1585447,PM10,383,500,447
India,Delhi,Delhi,"North Campus, DU, Delhi - IMD",14-12-2025 23:00,28.6573814,77.1585447,NO2,36,369,149
India,Delhi,Delhi,"Okhla Phase-2, Delhi - DPCC",14-12-2025 23:00,28.530785,77.271255,NO2,131,192,159
India,Delhi,Delhi,"Okhla Phase-2, Delhi - DPCC",14-12-2025 23:00,28.530785,77.271255,CO,102,137,105
India,Delhi,Delhi,"Patparganj, Delhi - DPCC",14-12-2025 23:00,28.623763,77.287209,PM2.5,436,500,480
India,Delhi,Delhi,"Patparganj, Delhi - DPCC",14-12-2025 23:00,28.623763,77.287209,NH3,16,21,18
India,Delhi,Delhi,"IGI Airport (T3), Delhi - IMD",14-12-2025 23:00,28.5627763,77.1180053,NO2,82,149,118
India,Delhi,Delhi,"IHBAS, Dilshad Garden, Delhi - CPCB",14-12-2025 23:00,28.6811736,77.3025234,CO,18,64,44
India,Delhi,Delhi,"IIT Delhi, Delhi - IITM",14-12-2025 23:00,28.54246,77.191651,PM10,261,458,355
India,Delhi,Delhi,"ITO, Delhi - CPCB",14-12-2025 23:00,28.628624,77.24106,NH3,4,8,6
India,Delhi,Delhi,"Jahangirpuri, Delhi - DPCC",14-12-2025 23:00,28.73282,77.170633,PM10,NA,NA,NA
India,Delhi,Delhi,"Jahangirpuri, Delhi - DPCC",14-12-2025 23:00,28.73282,77.170633,OZONE,5,58,21
India,Delhi,Delhi,"Rohini, Delhi - DPCC",14-12-2025 23:00,28.732528,77.11992,NO2,20,147,77
India,Delhi,Delhi,"Rohini, Delhi - DPCC",14-12-2025 23:00,28.732528,77.11992,OZONE,7,132,34
India,Delhi,Delhi,"Sirifort, Delhi - CPCB",14-12-2025 23:00,28.5504249,77.2159377,PM2.5,461,500,492
India,Delhi,Delhi,"Sirifort, Delhi - CPCB",14-12-2025 23:00,28.5504249,77.2159377,NH3,5,11,9
India,Delhi,Delhi,"Sirifort, Delhi - CPCB",14-12-2025 23:00,28.5504249,77.2159377,OZONE,8,24,21
India,Delhi,Delhi,"Sonia Vihar, Delhi - DPCC",14-12-2025 23:00,28.710508,77.249485,NO2,25,118,55
India,Delhi,Delhi,"Sonia Vihar, Delhi - DPCC",14-12-2025 23:00,28.710508,77.249485,OZONE,3,112,32
India,Delhi,Delhi,"Lodhi Road, Delhi - IITM",14-12-2025 23:00,28.588333,77.221667,PM2.5,397,443,419
India,Delhi,Delhi,"Lodhi Road, Delhi - IITM",14-12-2025 23:00,28.588333,77.221667,SO2,9,24,17
India,Delhi,Delhi,"Major Dhyan Chand National Stadium, Delhi - DPCC",14-12-2025 23:00,28.611281,77.237738,PM2.5,431,499,460
India,Delhi,Delhi,"Major Dhyan Chand National Stadium, Delhi - DPCC",14-12-2025 23:00,28.611281,77.237738,SO2,3,18,11
India,Delhi,Delhi,"Major Dhyan Chand National Stadium, Delhi - DPCC",14-12-2025 23:00,28.611281,77.237738,CO,15,148,77
India,Delhi,Delhi,"Mandir Marg, Delhi - DPCC",14-12-2025 23:00,28.636429,77.201067,PM10,311,440,391
India,Delhi,Delhi,"Sri Aurobindo Marg, Delhi - DPCC",14-12-2025 23:00,28.531346,77.190156,PM10,266,460,348
India,Delhi,Delhi,"Sri Aurobindo Marg, Delhi - DPCC",14-12-2025 23:00,28.531346,77.190156,NH3,6,11,9
India,Delhi,Delhi,"Vivek Vihar, Delhi - DPCC",14-12-2025 23:00,28.672342,77.31526,PM2.5,468,500,494
India,Delhi,Delhi,"Wazirpur, Delhi - DPCC",14-12-2025 23:00,28.699793,77.165453,PM10,458,500,496
India,Gujarat,Ahmedabad,"Chandkheda, Ahmedabad - IITM",14-12-2025 23:00,23.107969,72.574648,CO,12,119,63
India,Delhi,Delhi,"Punjabi Bagh, Delhi - DPCC",14-12-2025 23:00,28.674045,77.131023,OZONE,5,83,29
India,Delhi,Delhi,"Pusa, Delhi - DPCC",14-12-2025 23:00,28.639652,77.146275,PM10,230,472,397
India,Delhi,Delhi,"R K Puram, Delhi - DPCC",14-12-2025 23:00,28.563262,77.186937,PM10,329,500,438
India,Delhi,Delhi,"R K Puram, Delhi - DPCC",14-12-2025 23:00,28.563262,77.186937,CO,78,182,161
India,Delhi,Delhi,"DTU, Delhi - CPCB",14-12-2025 23:00,28.7500499,77.1112615,SO2,32,33,32
India,Delhi,Delhi,"Dr. Karni Singh Shooting Range, Delhi - DPCC",14-12-2025 23:00,28.498571,77.26484,PM2.5,443,500,482
India,Delhi,Delhi,"IGI Airport (T3), Delhi - IMD",14-12-2025 23:00,28.5627763,77.1180053,PM10,299,459,405
India,Haryana,Charkhi Dadri,"Mini Secretariat, Charkhi Dadri - HSPCB",14-12-2025 23:00,28.593883,76.270653,SO2,9,11,11
India,Haryana,Dharuhera,"Municipal Corporation Office, Dharuhera -  HSPCB",14-12-2025 23:00,28.2068,76.7997,PM10,160,500,351
India,Haryana,Dharuhera,"Municipal Corporation Office, Dharuhera -  HSPCB",14-12-2025 23:00,28.2068,76.7997,CO,31,95,57
India,Haryana,Dharuhera,"Municipal Corporation Office, Dharuhera -  HSPCB",14-12-2025 23:00,28.2068,76.7997,OZONE,8,56,27
India,Haryana,Faridabad,"New Industrial Town, Faridabad - HSPCB",14-12-2025 23:00,28.39072,77.30059,CO,10,14,12
India,Haryana,Faridabad,"New Industrial Town, Faridabad - HSPCB",14-12-2025 23:00,28.39072,77.30059,OZONE,27,35,30
India,Haryana,Faridabad,"Sector 11, Faridabad - HSPCB",14-12-2025 23:00,28.376058,77.315741,PM10,194,411,284
India,Haryana,Faridabad,"Sector 11, Faridabad - HSPCB",14-12-2025 23:00,28.376058,77.315741,NO2,30,33,31
India,Haryana,Faridabad,"Sector 11, Faridabad - HSPCB",14-12-2025 23:00,28.376058,77.315741,OZONE,15,16,15
India,Haryana,Faridabad,"Sector 30, Faridabad - HSPCB",14-12-2025 23:00,28.4417,77.3217,NO2,37,40,38
India,Gujarat,Gandhinagar,"Sector-10, Gandhinagar - GPCB",14-12-2025 23:00,23.221714,72.654328,NH3,2,5,3
India,Gujarat,Gandhinagar,"Sector-10, Gandhinagar - GPCB",14-12-2025 23:00,23.221714,72.654328,CO,24,53,43
India,Gujarat,Surat,"Science Center, Surat - SMC",14-12-2025 23:00,21.170046,72.795405,PM10,44,135,73
India,Gujarat,Surat,"Science Center, Surat - SMC",14-12-2025 23:00,21.170046,72.795405,NO2,1,15,5
India,Gujarat,Vapi,"Phase-1 GIDC, Vapi - GPCB",14-12-2025 23:00,20.362421,72.918013,PM10,38,115,74
India,Gujarat,Vatva,"Phase-4 GIDC, Vatva - GPCB",14-12-2025 23:00,22.969611,72.6435,PM2.5,38,328,96
India,Gujarat,Vatva,"Phase-4 GIDC, Vatva - GPCB",14-12-2025 23:00,22.969611,72.6435,CO,8,27,14
India,Haryana,Ambala,"Patti Mehar, Ambala - HSPCB",14-12-2025 23:00,30.379589,76.778328,PM2.5,58,191,90
India,Haryana,Ambala,"Patti Mehar, Ambala - HSPCB",14-12-2025 23:00,30.379589,76.778328,NH3,9,11,10
India,Haryana,Kurukshetra,"Sector-7, Kurukshetra - HSPCB",14-12-2025 23:00,29.966942,76.875879,PM2.5,113,324,242
India,Haryana,Mandikhera,"General Hospital, Mandikhera(Nuh) - HSPCB",14-12-2025 23:00,27.9002,76.9938,PM2.5,204,316,277
India,Haryana,Mandikhera,"General Hospital, Mandikhera(Nuh) - HSPCB",14-12-2025 23:00,27.9002,76.9938,NH3,13,15,13
India,Haryana,Manesar,"Sector-2 IMT, Manesar - HSPCB",14-12-2025 23:00,28.360699,76.93609,NH3,16,25,22
India,Haryana,Narnaul,"Shastri Nagar, Narnaul - HSPCB",14-12-2025 23:00,28.060249,76.113115,NO2,45,118,85
India,Haryana,Palwal,"Shyam Nagar, Palwal - HSPCB",14-12-2025 23:00,28.1485564,77.3320667,PM2.5,159,255,208
India,Gujarat,Ahmedabad,"SAC ISRO Satellite, Ahmedabad - IITM",14-12-2025 23:00,23.023389,72.515201,SO2,5,23,10
India,Gujarat,Ahmedabad,"SVPI Airport Hansol, Ahmedabad - IITM",14-12-2025 23:00,23.076793,72.627874,NH3,5,11,7
India,Gujarat,Ahmedabad,"SVPI Airport Hansol, Ahmedabad - IITM",14-12-2025 23:00,23.076793,72.627874,OZONE,2,42,20
India,Gujarat,Ankleshwar,"GIDC, Ankleshwar - GPCB",14-12-2025 23:00,21.613267,73.010555,PM2.5,36,207,107
India,Gujarat,Ankleshwar,"GIDC, Ankleshwar - GPCB",14-12-2025 23:00,21.613267,73.010555,PM10,59,219,122
India,Gujarat,Ankleshwar,"GIDC, Ankleshwar - GPCB",14-12-2025 23:00,21.613267,73.010555,SO2,42,43,43
India,Gujarat,Gandhinagar,"IIPHG Lekawada, Gandhinagar - IITM",14-12-2025 23:00,23.243639,72.68994,PM10,66,129,101
India,Haryana,Ambala,"Patti Mehar, Ambala - HSPCB",14-12-2025 23:00,30.379589,76.778328,CO,97,101,99
India,Haryana,Ambala,"Patti Mehar, Ambala - HSPCB",14-12-2025 23:00,30.379589,76.778328,OZONE,48,53,50
India,Haryana,Bahadurgarh,"Arya Nagar, Bahadurgarh - HSPCB",14-12-2025 23:00,28.6701,76.9254,PM2.5,358,500,477
India,Haryana,Ballabgarh,"Nathu Colony, Ballabgarh - HSPCB",14-12-2025 23:00,28.3419248,77.319699,PM2.5,258,339,311
India,Haryana,Ballabgarh,"Nathu Colony, Ballabgarh - HSPCB",14-12-2025 23:00,28.3419248,77.319699,OZONE,15,15,15
India,Haryana,Bhiwani,"H.B. Colony, Bhiwani - HSPCB",14-12-2025 23:00,28.806223,76.141105,CO,11,13,12
India,Haryana,Faridabad,"Sector 30, Faridabad - HSPCB",14-12-2025 23:00,28.4417,77.3217,OZONE,17,19,18
India,Haryana,Gurugram,"Sector-51, Gurugram - HSPCB",14-12-2025 23:00,28.4227,77.0667,PM10,100,413,162
India,Haryana,Gurugram,"Teri Gram, Gurugram - HSPCB",14-12-2025 23:00,28.4275,77.1465,NO2,37,75,52
India,Haryana,Gurugram,"Teri Gram, Gurugram - HSPCB",14-12-2025 23:00,28.4275,77.1465,NH3,11,20,15
India,Haryana,Gurugram,"Vikas Sadan, Gurugram - HSPCB",14-12-2025 23:00,28.4501238,77.0263051,PM10,143,191,150
India,Haryana,Gurugram,"Vikas Sadan, Gurugram - HSPCB",14-12-2025 23:00,28.4501238,77.0263051,NO2,9,45,26
India,Haryana,Gurugram,"Vikas Sadan, Gurugram - HSPCB",14-12-2025 23:00,28.4501238,77.0263051,CO,98,141,117
India,Haryana,Kaithal,"Rishi Nagar, Kaithal - HSPCB",14-12-2025 23:00,29.8006,76.4155,PM10,124,178,147
India,Haryana,Gurugram,"Teri Gram, Gurugram - HSPCB",14-12-2025 23:00,28.4275,77.1465,SO2,1,16,6
India,Haryana,Gurugram,"Teri Gram, Gurugram - HSPCB",14-12-2025 23:00,28.4275,77.1465,OZONE,10,44,28
India,Haryana,Gurugram,"Vikas Sadan, Gurugram - HSPCB",14-12-2025 23:00,28.4501238,77.0263051,PM2.5,282,329,296
India,Gujarat,Gandhinagar,"IIPHG Lekawada, Gandhinagar - IITM",14-12-2025 23:00,23.243639,72.68994,SO2,4,10,6
India,Gujarat,Gandhinagar,"Sector-10, Gandhinagar - GPCB",14-12-2025 23:00,23.221714,72.654328,PM2.5,34,151,76
India,Karnataka,Mysuru,"Hebbal 1st Stage, Mysuru - KSPCB",14-12-2025 23:00,12.21041,76.37376,OZONE,5,88,41
India,Karnataka,Shivamogga,"Vinoba Nagara, Shivamogga - KSPCB",14-12-2025 23:00,13.94,75.555917,NO2,21,22,21
India,Karnataka,Yadgir,"Collector Office, Yadgir - KSPCB",14-12-2025 23:00,16.7602,77.1428,SO2,7,15,12
India,Karnataka,Yadgir,"Collector Office, Yadgir - KSPCB",14-12-2025 23:00,16.7602,77.1428,OZONE,18,22,20
India,Kerala,Kannur,"Thavakkara, Kannur - Kerala PCB",14-12-2025 23:00,11.875,75.3732,PM10,65,70,67
India,Kerala,Kannur,"Thavakkara, Kannur - Kerala PCB",14-12-2025 23:00,11.875,75.3732,OZONE,28,32,28
India,Kerala,Thiruvananthapuram,"Kariavattom, Thiruvananthapuram - Kerala PCB",14-12-2025 23:00,8.5637,76.8865,NO2,6,7,6
India,Kerala,Thiruvananthapuram,"Kariavattom, Thiruvananthapuram - Kerala PCB",14-12-2025 23:00,8.5637,76.8865,NH3,1,1,1
India,Haryana,Rohtak,"MD University, Rohtak - HSPCB",14-12-2025 23:00,28.52123,76.37138,OZONE,25,26,25
India,Haryana,Sirsa,"F-Block, Sirsa - HSPCB",14-12-2025 23:00,29.5364,75.0158,PM2.5,41,95,66
India,Haryana,Sonipat,"Murthal, Sonipat - HSPCB",14-12-2025 23:00,29.0272,77.0621,NH3,16,40,24
India,Haryana,Sonipat,"Murthal, Sonipat - HSPCB",14-12-2025 23:00,29.0272,77.0621,OZONE,25,26,26
India,Haryana,Yamuna Nagar,"Gobind Pura, Yamuna Nagar - HSPCB",14-12-2025 23:00,30.1480566,77.2893471,NH3,1,6,4
India,Haryana,Yamuna Nagar,"Gobind Pura, Yamuna Nagar - HSPCB",14-12-2025 23:00,30.1480566,77.2893471,CO,17,84,44
India,Himachal Pradesh,Baddi,"HIMUDA Complex Phase-1, Baddi - HPPCB",14-12-2025 23:00,30.943887,76.801991,PM2.5,58,460,219
India,Karnataka,Bengaluru,"Silk Board, Bengaluru - KSPCB",14-12-2025 23:00,12.917348,77.622813,SO2,7,11,9
India,Karnataka,Bengaluru,"Silk Board, Bengaluru - KSPCB",14-12-2025 23:00,12.917348,77.622813,CO,24,36,31
India,Karnataka,Chamarajanagar,"Urban, Chamarajanagar - KSPCB",14-12-2025 23:00,11.55358,76.55521,NH3,1,3,2
India,Karnataka,Dharwad,"Kalabhavan, Dharwad - KSPCB",14-12-2025 23:00,15.459706,75.008381,PM10,76,96,86
India,Karnataka,Hubballi,"Lingaraj Nagar, Hubballi - KSPCB",14-12-2025 23:00,15.3714823,75.1160168,SO2,1,7,3
India,Karnataka,Kalaburagi,"Mahatma Basaveswar Colony, Kalaburgi - KSPCB",14-12-2025 23:00,17.336318,76.847397,PM2.5,28,59,43
India,Karnataka,Kalaburagi,"Mahatma Basaveswar Colony, Kalaburgi - KSPCB",14-12-2025 23:00,17.336318,76.847397,PM10,39,78,57
India,Karnataka,Bengaluru,"Kasturi Nagar, Bengaluru - KSPCB",14-12-2025 23:00,13.003872,77.664217,OZONE,20,21,20
India,Karnataka,Bengaluru,"Peenya, Bengaluru - CPCB",14-12-2025 23:00,13.0270199,77.494094,PM10,48,61,53
India,Karnataka,Bengaluru,"Peenya, Bengaluru - CPCB",14-12-2025 23:00,13.0270199,77.494094,NO2,21,28,25
India,Karnataka,Bengaluru,"Peenya, Bengaluru - CPCB",14-12-2025 23:00,13.0270199,77.494094,CO,22,59,39
India,Karnataka,Bengaluru,"Peenya, Bengaluru - CPCB",14-12-2025 23:00,13.0270199,77.494094,OZONE,20,21,20
India,Karnataka,Bengaluru,"RVCE-Mailasandra, Bengaluru - KSPCB",14-12-2025 23:00,12.921418,77.502466,PM2.5,37,463,119
India,Karnataka,Bengaluru,"RVCE-Mailasandra, Bengaluru - KSPCB",14-12-2025 23:00,12.921418,77.502466,PM10,80,132,106
India,Karnataka,Bengaluru,"Sanegurava Halli, Bengaluru - KSPCB",14-12-2025 23:00,12.990328,77.5431385,PM10,58,60,58
India,Haryana,Palwal,"Shyam Nagar, Palwal - HSPCB",14-12-2025 23:00,28.1485564,77.3320667,NO2,23,24,24
India,Haryana,Palwal,"Shyam Nagar, Palwal - HSPCB",14-12-2025 23:00,28.1485564,77.3320667,SO2,12,13,12
India,Haryana,Panchgaon,"Amity University, Panchgaon - IITM",14-12-2025 23:00,28.3153,76.9143,SO2,1,10,6
India,Haryana,Panchkula,"Sector-6, Panchkula - HSPCB ",14-12-2025 23:00,30.7057778,76.85318056,SO2,8,9,9
India,Haryana,Panipat,"Sector-18, Panipat - HSPCB",14-12-2025 23:00,29.432304,76.972765,PM2.5,96,262,182
India,Haryana,Rohtak,"MD University, Rohtak - HSPCB",14-12-2025 23:00,28.52123,76.37138,NO2,NA,NA,NA
India,Karnataka,Kalaburagi,"Mahatma Basaveswar Colony, Kalaburgi - KSPCB",14-12-2025 23:00,17.336318,76.847397,CO,37,90,57
India,Karnataka,Koppal,"Diwator Nagar, Koppal - KSPCB",14-12-2025 23:00,15.34763,76.181767,PM2.5,27,60,38
India,Karnataka,Koppal,"Diwator Nagar, Koppal - KSPCB",14-12-2025 23:00,15.34763,76.181767,NO2,31,37,35
India,Karnataka,Mysuru,"Hebbal 1st Stage, Mysuru - KSPCB",14-12-2025 23:00,12.21041,76.37376,PM2.5,41,89,60
India,Karnataka,Mysuru,"Hebbal 1st Stage, Mysuru - KSPCB",14-12-2025 23:00,12.21041,76.37376,SO2,2,9,5
India,Karnataka,Mysuru,"Hebbal 1st Stage, Mysuru - KSPCB",14-12-2025 23:00,12.21041,76.37376,CO,8,105,54
India,Karnataka,Bengaluru,"BWSSB Kadabesanahalli, Bengaluru - CPCB",14-12-2025 23:00,12.9352049,77.6814488,SO2,4,8,5
India,Karnataka,Bengaluru,"Hebbal, Bengaluru - KSPCB",14-12-2025 23:00,13.029152,77.585901,CO,2,85,32
India,Karnataka,Bengaluru,"Hombegowda Nagar, Bengaluru - KSPCB",14-12-2025 23:00,12.938539,77.5901,NO2,12,80,26
India,Karnataka,Bengaluru,"Hombegowda Nagar, Bengaluru - KSPCB",14-12-2025 23:00,12.938539,77.5901,CO,12,52,25
India,Karnataka,Bengaluru,"Jigani, Bengaluru - KSPCB",14-12-2025 23:00,12.7816279,77.6299145,PM10,58,135,94
India,Karnataka,Bengaluru,"Jigani, Bengaluru - KSPCB",14-12-2025 23:00,12.7816279,77.6299145,OZONE,22,23,22
India,Jammu_and_Kashmir,Srinagar,"Rajbagh, Srinagar - JKSPCB",14-12-2025 23:00,34.066206,74.81982,NO2,NA,NA,NA
India,Jharkhand,Dhanbad,"Sardar Patel Nagar, Dhanbad - JSPCB",14-12-2025 23:00,23.80569,86.44268,NO2,64,78,66
India,Jharkhand,Jorapokhar,"Tata Stadium, Jorapokhar - JSPCB",14-12-2025 23:00,23.707909,86.41467,SO2,NA,NA,NA
India,Karnataka,Bengaluru,"BTM Layout, Bengaluru - CPCB",14-12-2025 23:00,12.9135218,77.5950804,CO,42,58,54
India,Kerala,Thiruvananthapuram,"Plammoodu, Thiruvananthapuram - Kerala PCB",14-12-2025 23:00,8.5149093,76.9435879,PM2.5,48,98,61
India,Kerala,Thiruvananthapuram,"Plammoodu, Thiruvananthapuram - Kerala PCB",14-12-2025 23:00,8.5149093,76.9435879,NO2,NA,NA,NA
India,Madhya Pradesh,Bhopal,"Paryavaran Parisar, Bhopal - MPPCB",14-12-2025 23:00,23.210494,77.425409,PM10,68,300,148
India,Madhya Pradesh,Bhopal,"T T Nagar, Bhopal - MPPCB",14-12-2025 23:00,23.233584,77.400574,PM10,107,256,144
India,Madhya Pradesh,Gwalior,"Deen Dayal Nagar, Gwalior - MPPCB",14-12-2025 23:00,26.259242,78.216432,NH3,8,16,11
India,Madhya Pradesh,Gwalior,"Deen Dayal Nagar, Gwalior - MPPCB",14-12-2025 23:00,26.259242,78.216432,OZONE,4,184,71
India,Madhya Pradesh,Gwalior,"Maharaj Bada, Gwalior - MPPCB",14-12-2025 23:00,26.200388,78.147714,PM2.5,227,365,297
India,Madhya Pradesh,Gwalior,"Maharaj Bada, Gwalior - MPPCB",14-12-2025 23:00,26.200388,78.147714,NO2,39,155,76
India,Madhya Pradesh,Indore,"Airport Area, Indore - IMC",14-12-2025 23:00,22.7289,75.8076,NO2,2,2,2
India,Madhya Pradesh,Indore,"Airport Area, Indore - IMC",14-12-2025 23:00,22.7289,75.8076,OZONE,4,10,6
India,Madhya Pradesh,Indore,"Chhoti Gwaltoli, Indore - MPPCB",14-12-2025 23:00,22.431,75.5213,NO2,91,159,122
India,Madhya Pradesh,Indore,"Chhoti Gwaltoli, Indore - MPPCB",14-12-2025 23:00,22.431,75.5213,NH3,1,4,2
India,Madhya Pradesh,Indore,"Chhoti Gwaltoli, Indore - MPPCB",14-12-2025 23:00,22.431,75.5213,CO,28,100,61
India,Madhya Pradesh,Indore,"Chhoti Gwaltoli, Indore - MPPCB",14-12-2025 23:00,22.431,75.5213,OZONE,4,66,31
India,Maharashtra,Amravati,"Shri Shivaji Science College, Amravati - MPCB",14-12-2025 23:00,20.939198,77.765701,CO,40,117,79
India,Maharashtra,Aurangabad,"MIDC Chilkalthana, Aurangabad - MPCB",14-12-2025 23:00,19.87562,75.38731,PM10,41,155,86
India,Maharashtra,Aurangabad,"MIDC Chilkalthana, Aurangabad - MPCB",14-12-2025 23:00,19.87562,75.38731,CO,8,13,10
India,Maharashtra,Aurangabad,"MIDC Chilkalthana, Aurangabad - MPCB",14-12-2025 23:00,19.87562,75.38731,OZONE,1,87,38
India,Maharashtra,Aurangabad,"More Chowk Waluj, Aurangabad - MPCB",14-12-2025 23:00,19.8389439,75.244448,PM10,40,121,62
India,Maharashtra,Aurangabad,"More Chowk Waluj, Aurangabad - MPCB",14-12-2025 23:00,19.8389439,75.244448,NH3,9,11,11
India,Maharashtra,Aurangabad,"Rachnakar Colony, Aurangabad - MPCB",14-12-2025 23:00,19.863756,75.321188,CO,14,76,40
India,Maharashtra,Bhiwandi,"Gokul Nagar, Bhiwandi - MPCB",14-12-2025 23:00,19.309073,73.057223,PM2.5,55,193,131
India,Maharashtra,Bhiwandi,"Gokul Nagar, Bhiwandi - MPCB",14-12-2025 23:00,19.309073,73.057223,NO2,24,34,28
India,Maharashtra,Bhiwandi,"Gokul Nagar, Bhiwandi - MPCB",14-12-2025 23:00,19.309073,73.057223,NH3,4,8,6
India,Maharashtra,Bhiwandi,"Gokul Nagar, Bhiwandi - MPCB",14-12-2025 23:00,19.309073,73.057223,SO2,9,15,11
India,Maharashtra,Bhiwandi,"Gokul Nagar, Bhiwandi - MPCB",14-12-2025 23:00,19.309073,73.057223,OZONE,15,132,62
India,Maharashtra,Boisar,"Khaira, Boisar - MPCB",14-12-2025 23:00,19.786089,72.757971,PM10,92,195,128
India,Maharashtra,Chandrapur,"Chauhan Colony, Chandrapur - MPCB",14-12-2025 23:00,19.9629,79.298714,PM2.5,11,83,41
India,Madhya Pradesh,Singrauli,"Suryakiran Bhawan NCL, Singrauli - MPPCB",14-12-2025 23:00,24.10897,82.64558,CO,53,103,85
India,Madhya Pradesh,Singrauli,"Suryakiran Bhawan NCL, Singrauli - MPPCB",14-12-2025 23:00,24.10897,82.64558,OZONE,1,30,12
India,Maharashtra,Ahmednagar,"Tarakpur, Ahmednagar - MPCB",14-12-2025 23:00,19.10122,74.73339,PM10,39,160,96
India,Maharashtra,Ahmednagar,"Tarakpur, Ahmednagar - MPCB",14-12-2025 23:00,19.10122,74.73339,SO2,1,12,5
India,Maharashtra,Akola,"Ramdaspeth, Akola - MPCB",14-12-2025 23:00,20.719516,77.000253,PM2.5,31,186,79
India,Maharashtra,Akola,"Ramdaspeth, Akola - MPCB",14-12-2025 23:00,20.719516,77.000253,CO,10,69,35
India,Madhya Pradesh,Jabalpur,"Marhatal, Jabalpur - MPPCB",14-12-2025 23:00,23.168606,79.932247,PM2.5,101,339,189
India,Madhya Pradesh,Jabalpur,"Marhatal, Jabalpur - MPPCB",14-12-2025 23:00,23.168606,79.932247,OZONE,8,156,63
India,Madhya Pradesh,Jabalpur,"Suhagi, Jabalpur - JMC",14-12-2025 23:00,23.218135,79.95777,PM10,91,206,139
India,Madhya Pradesh,Jabalpur,"Suhagi, Jabalpur - JMC",14-12-2025 23:00,23.218135,79.95777,NH3,3,8,5
India,Madhya Pradesh,Jabalpur,"Suhagi, Jabalpur - JMC",14-12-2025 23:00,23.218135,79.95777,SO2,6,7,7
India,Madhya Pradesh,Ratlam,"Shasthri Nagar, Ratlam - IPCA Lab",14-12-2025 23:00,23.331731,75.045981,SO2,34,36,35
India,Madhya Pradesh,Satna,"Bandhavgar Colony, Satna - Birla Cement",14-12-2025 23:00,24.58434363,80.8549414,PM10,67,69,68
India,Madhya Pradesh,Satna,"Bandhavgar Colony, Satna - Birla Cement",14-12-2025 23:00,24.58434363,80.8549414,NO2,12,13,13
India,Madhya Pradesh,Satna,"Bandhavgar Colony, Satna - Birla Cement",14-12-2025 23:00,24.58434363,80.8549414,CO,36,60,48
India,Madhya Pradesh,Bhopal,"T T Nagar, Bhopal - MPPCB",14-12-2025 23:00,23.233584,77.400574,NO2,47,106,69
India,Madhya Pradesh,Bhopal,"T T Nagar, Bhopal - MPPCB",14-12-2025 23:00,23.233584,77.400574,NH3,6,7,7
India,Madhya Pradesh,Bhopal,"T T Nagar, Bhopal - MPPCB",14-12-2025 23:00,23.233584,77.400574,CO,26,107,77
India,Maharashtra,Belapur,"CBD Belapur, Belapur - MPCB",14-12-2025 23:00,19.0243902,73.0406721,PM2.5,22,65,40
India,Maharashtra,Belapur,"CBD Belapur, Belapur - MPCB",14-12-2025 23:00,19.0243902,73.0406721,PM10,23,73,52
India,Maharashtra,Belapur,"CBD Belapur, Belapur - MPCB",14-12-2025 23:00,19.0243902,73.0406721,NO2,10,49,25
India,Madhya Pradesh,Pithampur,"Sector-2 Industrial Area, Pithampur - MPPCB",14-12-2025 23:00,22.624758,75.675238,PM2.5,33,268,90
India,Maharashtra,Mumbai,"Ghatkopar, Mumbai - BMC",14-12-2025 23:00,19.083694,72.920967,PM2.5,60,128,84
India,Maharashtra,Mumbai,"Ghatkopar, Mumbai - BMC",14-12-2025 23:00,19.083694,72.920967,SO2,1,13,5
India,Maharashtra,Mumbai,"Kandivali West, Mumbai - BMC",14-12-2025 23:00,19.215859,72.831718,NO2,15,68,38
India,Maharashtra,Mumbai,"Kandivali West, Mumbai - BMC",14-12-2025 23:00,19.215859,72.831718,OZONE,1,103,73
India,Maharashtra,Mumbai,"Kherwadi_Bandra East, Mumbai - MPCB",14-12-2025 23:00,19.0632143,72.8456324,PM2.5,96,249,157
India,Maharashtra,Mumbai,"Kherwadi_Bandra East, Mumbai - MPCB",14-12-2025 23:00,19.0632143,72.8456324,PM10,111,317,147
India,Maharashtra,Mumbai,"Kherwadi_Bandra East, Mumbai - MPCB",14-12-2025 23:00,19.0632143,72.8456324,NH3,11,21,17
India,Maharashtra,Mumbai,"Kherwadi_Bandra East, Mumbai - MPCB",14-12-2025 23:00,19.0632143,72.8456324,OZONE,1,88,55
India,Maharashtra,Mumbai,"Khindipada-Bhandup West, Mumbai - IITM",14-12-2025 23:00,19.1653323,72.922099,NH3,1,2,2
India,Maharashtra,Mumbai,"Mulund West, Mumbai - MPCB",14-12-2025 23:00,19.175,72.9419,NH3,NA,NA,NA
India,Maharashtra,Mumbai,"Navy Nagar-Colaba, Mumbai - IITM",14-12-2025 23:00,18.897756,72.81332,CO,18,80,35
India,Maharashtra,Mumbai,"Sewri, Mumbai - BMC",14-12-2025 23:00,19.000084,72.85673,PM2.5,1,192,39
India,Maharashtra,Mumbai,"Sewri, Mumbai - BMC",14-12-2025 23:00,19.000084,72.85673,NH3,9,44,26
India,Maharashtra,Mumbai,"Shivaji Nagar, Mumbai - BMC",14-12-2025 23:00,19.060498,72.923356,NO2,29,87,58
India,Maharashtra,Mumbai,"Shivaji Nagar, Mumbai - BMC",14-12-2025 23:00,19.060498,72.923356,SO2,1,23,12
India,Maharashtra,Mumbai,"Siddharth Nagar-Worli, Mumbai - IITM",14-12-2025 23:00,19.000083,72.813993,PM2.5,102,193,147
India,Maharashtra,Mumbai,"Siddharth Nagar-Worli, Mumbai - IITM",14-12-2025 23:00,19.000083,72.813993,NH3,4,12,7
India,Maharashtra,Chandrapur,"MIDC Khutala, Chandrapur - MPCB",14-12-2025 23:00,19.9775302,79.2337086,PM10,44,171,96
India,Maharashtra,Chandrapur,"MIDC Khutala, Chandrapur - MPCB",14-12-2025 23:00,19.9775302,79.2337086,NO2,14,47,28
India,Maharashtra,Dhule,"Deopur, Dhule - MPCB",14-12-2025 23:00,20.918946,74.776388,PM10,85,191,120
India,Maharashtra,Dhule,"Deopur, Dhule - MPCB",14-12-2025 23:00,20.918946,74.776388,NH3,1,11,3
India,Maharashtra,Jalgaon,"Prabhat Colony, Jalgaon - MPCB",14-12-2025 23:00,21.001264,75.565602,NO2,4,36,11
India,Maharashtra,Jalgaon,"Prabhat Colony, Jalgaon - MPCB",14-12-2025 23:00,21.001264,75.565602,CO,18,65,33
India,Maharashtra,Jalna,"Old MIDC, Jalna - MPCB",14-12-2025 23:00,19.854616,75.905894,PM10,66,166,96
India,Maharashtra,Mumbai,"Sion, Mumbai - MPCB",14-12-2025 23:00,19.047,72.8746,PM10,14,102,45
India,Maharashtra,Mumbai,"Sion, Mumbai - MPCB",14-12-2025 23:00,19.047,72.8746,NO2,3,3,3
India,Maharashtra,Mumbai,"Vile Parle West, Mumbai - MPCB",14-12-2025 23:00,19.10861,72.83622,PM2.5,96,278,181
India,Maharashtra,Mumbai,"Vile Parle West, Mumbai - MPCB",14-12-2025 23:00,19.10861,72.83622,NH3,6,6,6
India,Maharashtra,Mumbai,"Worli, Mumbai - MPCB",14-12-2025 23:00,18.9936162,72.8128113,PM2.5,68,86,75
India,Maharashtra,Nagpur,"Ambazari, Nagpur - MPCB",14-12-2025 23:00,21.121801,79.04952,NH3,1,20,5
India,Maharashtra,Nagpur,"Ambazari, Nagpur - MPCB",14-12-2025 23:00,21.121801,79.04952,SO2,20,110,38
India,Maharashtra,Mumbai,"Byculla, Mumbai - BMC",14-12-2025 23:00,18.9767,72.838,CO,2,112,12
India,Maharashtra,Mumbai,"Chakala-Andheri East, Mumbai - IITM",14-12-2025 23:00,19.11074,72.86084,PM10,87,133,114
India,Maharashtra,Mumbai,"Chakala-Andheri East, Mumbai - IITM",14-12-2025 23:00,19.11074,72.86084,NH3,28,63,43
India,Maharashtra,Mumbai,"Chakala-Andheri East, Mumbai - IITM",14-12-2025 23:00,19.11074,72.86084,CO,22,103,46
India,Maharashtra,Mumbai,"Chembur, Mumbai - MPCB",14-12-2025 23:00,19.0364585,72.8954371,CO,28,69,50
India,Maharashtra,Mumbai,"Colaba, Mumbai - MPCB",14-12-2025 23:00,18.91,72.82,OZONE,10,11,11
India,Maharashtra,Mira-Bhayandar,"Bhayandar West, Mira-Bhayandar - MPCB",14-12-2025 23:00,19.296481,72.840923,PM10,104,156,129
India,Maharashtra,Mumbai,"Bandra Kurla Complex, Mumbai - MPCB",14-12-2025 23:00,19.065931,72.862131,NH3,10,13,12
India,Maharashtra,Mumbai,"Bandra Kurla Complex, Mumbai - MPCB",14-12-2025 23:00,19.065931,72.862131,OZONE,1,99,58
India,Maharashtra,Mumbai,"Borivali East, Mumbai - MPCB",14-12-2025 23:00,19.2243333,72.8658113,NH3,1,8,5
India,Maharashtra,Mumbai,"Borivali East, Mumbai - MPCB",14-12-2025 23:00,19.2243333,72.8658113,SO2,16,20,18
India,Maharashtra,Mahad,"Kamble Tarf Birwadi, Mahad - MPCB",14-12-2025 23:00,18.1023399,73.4783687,NO2,14,38,19
India,Maharashtra,Mahad,"Kamble Tarf Birwadi, Mahad - MPCB",14-12-2025 23:00,18.1023399,73.4783687,SO2,11,100,28
India,Maharashtra,Malegaon,"Mahesh Nagar, Malegaon - MPCB",14-12-2025 23:00,20.555712,74.529236,PM10,70,221,119
India,Maharashtra,Malegaon,"Mahesh Nagar, Malegaon - MPCB",14-12-2025 23:00,20.555712,74.529236,NO2,8,78,33
India,Maharashtra,Malegaon,"Mahesh Nagar, Malegaon - MPCB",14-12-2025 23:00,20.555712,74.529236,OZONE,2,43,33
India,Maharashtra,Jalna,"Old MIDC, Jalna - MPCB",14-12-2025 23:00,19.854616,75.905894,NO2,10,27,18
India,Maharashtra,Jalna,"Old MIDC, Jalna - MPCB",14-12-2025 23:00,19.854616,75.905894,CO,28,34,30
India,Maharashtra,Kalyan,"Khadakpada, Kalyan - MPCB",14-12-2025 23:00,19.25292,73.142019,NH3,NA,NA,NA
India,Maharashtra,Kolhapur,"Shivaji University, Kolhapur - MPCB",14-12-2025 23:00,16.6870449,74.2505872,SO2,1,4,2
India,Maharashtra,Mumbai,"Kurla, Mumbai - MPCB",14-12-2025 23:00,19.0863,72.8888,OZONE,28,29,28
India,Maharashtra,Mumbai,"Mazgaon, Mumbai - IITM",14-12-2025 23:00,18.96702,72.84214,NO2,NA,NA,NA
India,Maharashtra,Mumbai,"Mindspace-Malad West, Mumbai - MPCB",14-12-2025 23:00,19.1878657,72.8304069,OZONE,1,125,84
India,Maharashtra,Navi Mumbai,"Mahape, Navi Mumbai - MPCB",14-12-2025 23:00,19.1135051,73.008978,PM2.5,13,35,19
India,Maharashtra,Navi Mumbai,"Mahape, Navi Mumbai - MPCB",14-12-2025 23:00,19.1135051,73.008978,NH3,3,3,3
India,Maharashtra,Navi Mumbai,"Mahape, Navi Mumbai - MPCB",14-12-2025 23:00,19.1135051,73.008978,CO,24,26,25
India,Maharashtra,Navi Mumbai,"Nerul, Navi Mumbai - MPCB",14-12-2025 23:00,19.008751,73.01662,NH3,4,5,4
India,Maharashtra,Navi Mumbai,"Sanpada, Navi Mumbai - MPCB",14-12-2025 23:00,19.0575752,73.0151367,PM2.5,79,266,176
India,Maharashtra,Navi Mumbai,"Sanpada, Navi Mumbai - MPCB",14-12-2025 23:00,19.0575752,73.0151367,PM10,67,175,137
India,Maharashtra,Navi Mumbai,"Sanpada, Navi Mumbai - MPCB",14-12-2025 23:00,19.0575752,73.0151367,OZONE,41,41,41
India,Maharashtra,Navi Mumbai,"Sector-2E Kalamboli, Navi Mumbai - MPCB",14-12-2025 23:00,19.02579,73.10297,PM2.5,33,201,94
India,Maharashtra,Navi Mumbai,"Sector-2E Kalamboli, Navi Mumbai - MPCB",14-12-2025 23:00,19.02579,73.10297,NO2,NA,NA,NA
India,Maharashtra,Navi Mumbai,"Sector-2E Kalamboli, Navi Mumbai - MPCB",14-12-2025 23:00,19.02579,73.10297,CO,2,56,24
India,Maharashtra,Navi Mumbai,"Tondare-Taloja, Navi Mumbai - MPCB",14-12-2025 23:00,19.063,73.1209,PM2.5,39,231,123
India,Maharashtra,Nagpur,"Mahal, Nagpur - MPCB",14-12-2025 23:00,21.14472,79.107595,SO2,13,106,42
India,Maharashtra,Nagpur,"Mahal, Nagpur - MPCB",14-12-2025 23:00,21.14472,79.107595,OZONE,4,32,13
India,Maharashtra,Nagpur,"Opp GPO Civil Lines, Nagpur - MPCB",14-12-2025 23:00,21.152875,79.0517531,PM2.5,35,319,133
India,Maharashtra,Nagpur,"Opp GPO Civil Lines, Nagpur - MPCB",14-12-2025 23:00,21.152875,79.0517531,NH3,2,26,8
India,Maharashtra,Nagpur,"Opp GPO Civil Lines, Nagpur - MPCB",14-12-2025 23:00,21.152875,79.0517531,SO2,9,121,33
India,Maharashtra,Nagpur,"Ram Nagar, Nagpur - MPCB",14-12-2025 23:00,21.143383,79.048912,PM10,79,152,109
India,Maharashtra,Nagpur,"Ram Nagar, Nagpur - MPCB",14-12-2025 23:00,21.143383,79.048912,NO2,11,62,29
India,Maharashtra,Nanded,"Sneh Nagar, Nanded - MPCB",14-12-2025 23:00,19.173852,77.296291,NO2,10,48,28
India,Maharashtra,Nashik,"Gangapur Road, Nashik - MPCB",14-12-2025 23:00,20.0073285,73.7762427,NH3,3,3,3
India,Maharashtra,Navi Mumbai,"Tondare-Taloja, Navi Mumbai - MPCB",14-12-2025 23:00,19.063,73.1209,NH3,6,12,9
India,Maharashtra,Navi Mumbai,"Tondare-Taloja, Navi Mumbai - MPCB",14-12-2025 23:00,19.063,73.1209,SO2,4,4,4
India,Maharashtra,Navi Mumbai,"Tondare-Taloja, Navi Mumbai - MPCB",14-12-2025 23:00,19.063,73.1209,CO,10,46,25
India,Maharashtra,Parbhani,"Masoom Colony, Parbhani - MPCB",14-12-2025 23:00,19.265594,76.761463,SO2,4,21,9
India,Maharashtra,Parbhani,"Masoom Colony, Parbhani - MPCB",14-12-2025 23:00,19.265594,76.761463,CO,8,14,11
India,Maharashtra,Pimpri-Chinchwad,"Gavalinagar, Pimpri Chinchwad - MPCB",14-12-2025 23:00,18.63673,73.82487,NO2,30,129,74
India,Maharashtra,Pimpri-Chinchwad,"Savta Mali Nagar, Pimpri-Chinchwad - IITM",14-12-2025 23:00,18.614767,73.799516,PM10,102,369,186
India,Meghalaya,Shillong,"Lumpyngngad, Shillong - Meghalaya PCB",14-12-2025 23:00,25.5586,91.8985,OZONE,3,26,9
India,Nagaland,Kohima,"PWD Junction, Kohima - NPCB",14-12-2025 23:00,25.6635413,94.0989878,NH3,1,1,1
India,Nagaland,Kohima,"PWD Junction, Kohima - NPCB",14-12-2025 23:00,25.6635413,94.0989878,CO,5,22,15
India,Odisha,Angul,"Hakimapada, Angul - OSPCB",14-12-2025 23:00,20.832874,85.104082,OZONE,7,279,69
India,Odisha,Barbil,"Forest Office, Barbil - OSPCB",14-12-2025 23:00,22.1166054,85.3945546,PM2.5,147,407,249
India,Maharashtra,Nashik,"Hirawadi, Nashik - MPCB",14-12-2025 23:00,20.021503,73.813844,NH3,1,7,2
India,Maharashtra,Nashik,"MIDC Ambad, Nashik - MPCB",14-12-2025 23:00,19.95022,73.73148,PM2.5,65,94,80
India,Maharashtra,Nashik,"Pandav Nagari, Nashik - MPCB",14-12-2025 23:00,19.9591346,73.7788008,NO2,7,58,23
India,Maharashtra,Navi Mumbai,"Kopripada-Vashi, Navi Mumbai - MPCB",14-12-2025 23:00,19.090337,73.014232,NH3,2,11,6
India,Maharashtra,Navi Mumbai,"Kopripada-Vashi, Navi Mumbai - MPCB",14-12-2025 23:00,19.090337,73.014232,OZONE,1,78,41
India,Maharashtra,Solapur,"Ratandeep Housing Society, Solapur - MPCB",14-12-2025 23:00,17.65439,75.90649,PM10,65,138,99
India,Maharashtra,Thane,"Kasarvadavali, Thane - MPCB",14-12-2025 23:00,19.26777,72.97182,CO,8,72,35
India,Maharashtra,Thane,"Upvan Fort, Thane - MPCB",14-12-2025 23:00,19.222279,72.957979,NO2,21,115,51
India,Maharashtra,Thane,"Upvan Fort, Thane - MPCB",14-12-2025 23:00,19.222279,72.957979,NH3,3,4,3
India,Maharashtra,Thane,"Upvan Fort, Thane - MPCB",14-12-2025 23:00,19.222279,72.957979,SO2,9,44,23
India,Maharashtra,Virar,"Bolinj, Virar - MPCB",14-12-2025 23:00,19.445821,72.7988231,PM10,70,392,160
India,Maharashtra,Virar,"Bolinj, Virar - MPCB",14-12-2025 23:00,19.445821,72.7988231,SO2,5,24,12
India,Maharashtra,Virar,"Bolinj, Virar - MPCB",14-12-2025 23:00,19.445821,72.7988231,OZONE,1,107,73
India,Meghalaya,Shillong,"JN Stadium, Shillong - Meghalaya PCB",14-12-2025 23:00,25.5803419,91.8942571,PM10,NA,NA,NA
India,Meghalaya,Shillong,"JN Stadium, Shillong - Meghalaya PCB",14-12-2025 23:00,25.5803419,91.8942571,NO2,6,20,13
India,Meghalaya,Shillong,"JN Stadium, Shillong - Meghalaya PCB",14-12-2025 23:00,25.5803419,91.8942571,OZONE,NA,NA,NA
India,Maharashtra,Pune,"Dhankawadi, Pune - IITM",14-12-2025 23:00,18.459883,73.852193,OZONE,1,4,2
India,Maharashtra,Pune,"Hadapsar, Pune - IITM",14-12-2025 23:00,18.501793,73.927532,PM10,76,445,231
India,Maharashtra,Pune,"Katraj Dairy, Pune - MPCB",14-12-2025 23:00,18.45445,73.854155,CO,8,119,70
India,Maharashtra,Pune,"Katraj Dairy, Pune - MPCB",14-12-2025 23:00,18.45445,73.854155,OZONE,5,74,70
India,Maharashtra,Pune,"Mhada Colony, Pune - IITM",14-12-2025 23:00,18.57304,73.927715,NO2,18,28,21
India,Maharashtra,Pune,"Savitribai Phule Pune University, Pune - MPCB",14-12-2025 23:00,18.547056,73.826908,PM2.5,43,286,141
India,Maharashtra,Pune,"Transport Nagar-Nigdi, Pune - IITM",14-12-2025 23:00,18.664282,73.763966,OZONE,7,72,51
India,Odisha,Keonjhar,"Jagamohanpur, Keonjhar - OSPCB",14-12-2025 23:00,21.6439,85.599355,NO2,28,62,42
India,Odisha,Rairangpur,"Divisional Forest Office, Rairangpur - OSPCB",14-12-2025 23:00,22.265816,86.174829,NO2,11,11,11
India,Odisha,Rairangpur,"Divisional Forest Office, Rairangpur - OSPCB",14-12-2025 23:00,22.265816,86.174829,SO2,4,55,19
India,Odisha,Rourkela,"Fertilizer Township, Rourkela - OSPCB",14-12-2025 23:00,22.18972222,84.86277778,CO,16,30,23
India,Odisha,Rourkela,"Raghunathpali, Rourkela - OSPCB",14-12-2025 23:00,22.220833,84.809444,PM2.5,111,227,173
India,Odisha,Rourkela,"Raghunathpali, Rourkela - OSPCB",14-12-2025 23:00,22.220833,84.809444,NO2,2,11,6
India,Odisha,Rourkela,"Raghunathpali, Rourkela - OSPCB",14-12-2025 23:00,22.220833,84.809444,CO,32,85,45
India,Odisha,Rourkela,"Sector-2, Rourkela - OSPCB",14-12-2025 23:00,22.245,84.88111111,PM2.5,84,140,94
India,Punjab,Mandi Gobindgarh,"RIMT University, Mandi Gobindgarh - PPCB",14-12-2025 23:00,30.649961,76.331442,SO2,9,21,13
India,Punjab,Mandi Gobindgarh,"RIMT University, Mandi Gobindgarh - PPCB",14-12-2025 23:00,30.649961,76.331442,OZONE,32,36,34
India,Punjab,Patiala,"Model Town, Patiala - PPCB",14-12-2025 23:00,30.349388,76.366642,PM2.5,63,165,94
India,Rajasthan,Ajmer,"Civil Lines,  Ajmer - RSPCB",14-12-2025 23:00,26.470859,74.646594,NO2,15,38,20
India,Rajasthan,Alwar,"Moti Doongri, Alwar - RSPCB",14-12-2025 23:00,27.554793,76.611536,PM10,80,156,123
India,Rajasthan,Alwar,"Moti Doongri, Alwar - RSPCB",14-12-2025 23:00,27.554793,76.611536,NH3,5,17,14
India,Rajasthan,Banswara,"Rati Talai, Banswara - RSPCB",14-12-2025 23:00,23.55519,74.44001,CO,8,70,36
India,Rajasthan,Bhiwadi,"RIICO Ind. Area III, Bhiwadi - RSPCB",14-12-2025 23:00,28.194909,76.862296,PM10,NA,NA,NA
India,Rajasthan,Bhiwadi,"RIICO Ind. Area III, Bhiwadi - RSPCB",14-12-2025 23:00,28.194909,76.862296,NO2,NA,NA,NA
India,Rajasthan,Bhiwadi,"RIICO Ind. Area III, Bhiwadi - RSPCB",14-12-2025 23:00,28.194909,76.862296,OZONE,6,39,14
India,Rajasthan,Bhiwadi,"Vasundhara Nagar_UIT, Bhiwadi - RSPCB",14-12-2025 23:00,28.207266,76.829265,SO2,7,43,18
India,Rajasthan,Bikaner,"MM Ground, Bikaner - RSPCB",14-12-2025 23:00,28.018792,73.292658,PM10,72,500,207
India,Rajasthan,Bikaner,"MM Ground, Bikaner - RSPCB",14-12-2025 23:00,28.018792,73.292658,NO2,23,159,79
India,Rajasthan,Bundi,"New Colony, Bundi - RSPCB",14-12-2025 23:00,25.435774,75.644272,CO,25,55,36
India,Punjab,Amritsar,"Golden Temple, Amritsar - PPCB",14-12-2025 23:00,31.62,74.876512,OZONE,28,46,36
India,Punjab,Jalandhar,"Civil Line, Jalandhar - PPCB",14-12-2025 23:00,31.321907,75.578914,NH3,5,5,5
India,Punjab,Jalandhar,"Civil Line, Jalandhar - PPCB",14-12-2025 23:00,31.321907,75.578914,SO2,16,17,17
India,Punjab,Jalandhar,"Civil Line, Jalandhar - PPCB",14-12-2025 23:00,31.321907,75.578914,OZONE,39,43,40
India,Punjab,Khanna,"Kalal Majra, Khanna - PPCB",14-12-2025 23:00,30.736056,76.209694,NO2,26,30,28
India,Punjab,Ludhiana,"Punjab Agricultural University, Ludhiana - PPCB",14-12-2025 23:00,30.9028,75.8086,OZONE,15,31,20
India,Rajasthan,Banswara,"Rati Talai, Banswara - RSPCB",14-12-2025 23:00,23.55519,74.44001,OZONE,11,143,66
India,Rajasthan,Baran,"Bamboliya, Baran - RSPCB",14-12-2025 23:00,25.106006,76.469948,PM10,94,167,110
India,Rajasthan,Baran,"Bamboliya, Baran - RSPCB",14-12-2025 23:00,25.106006,76.469948,NH3,8,17,12
India,Rajasthan,Barmer,"Railway Colony, Barmer - RSPCB",14-12-2025 23:00,25.747299,71.393989,CO,8,87,37
India,Rajasthan,Bharatpur,"Krishna Nagar, Bharatpur - RSPCB",14-12-2025 23:00,27.215415,77.50873,OZONE,2,114,26
India,Odisha,Tensa,"Barsua Iron Ore Mines, Tensa - OSPCB",14-12-2025 23:00,21.869985,85.167016,PM10,89,148,123
India,Odisha,Tensa,"Barsua Iron Ore Mines, Tensa - OSPCB",14-12-2025 23:00,21.869985,85.167016,CO,47,65,59
India,Puducherry,Puducherry,"Jawahar Nagar, Puducherry - PPCC",14-12-2025 23:00,11.9309,79.8027,NO2,17,47,25
India,Puducherry,Puducherry,"Jawahar Nagar, Puducherry - PPCC",14-12-2025 23:00,11.9309,79.8027,OZONE,31,85,72
India,Odisha,Bileipada,"Tata Township, Bileipada - OSPCB",14-12-2025 23:00,22.06156703,85.47409613,SO2,8,10,9
India,Odisha,Brajrajnagar,"GM Office, Brajrajnagar - OSPCB",14-12-2025 23:00,21.8004996,83.8396977,PM10,NA,NA,NA
India,Odisha,Brajrajnagar,"GM Office, Brajrajnagar - OSPCB",14-12-2025 23:00,21.8004996,83.8396977,CO,NA,NA,NA
India,Odisha,Brajrajnagar,"GM Office, Brajrajnagar - OSPCB",14-12-2025 23:00,21.8004996,83.8396977,OZONE,NA,NA,NA
India,Odisha,Barbil,"Forest Office, Barbil - OSPCB",14-12-2025 23:00,22.1166054,85.3945546,SO2,2,47,11
India,Odisha,Barbil,"Forest Office, Barbil - OSPCB",14-12-2025 23:00,22.1166054,85.3945546,CO,11,90,54
India,Rajasthan,Tonk,"Shastri Nagar, Tonk - RSPCB",14-12-2025 23:00,26.159933,75.780517,PM10,81,500,227
India,Rajasthan,Udaipur,"Ashok Nagar, Udaipur - RSPCB",14-12-2025 23:00,24.5886166,73.6321397,CO,5,124,45
India,Sikkim,Gangtok,"Zero Point GICI, Gangtok - SSPCB",14-12-2025 23:00,27.33853,88.614099,PM10,NA,NA,NA
India,Sikkim,Gangtok,"Zero Point GICI, Gangtok - SSPCB",14-12-2025 23:00,27.33853,88.614099,NH3,NA,NA,NA
India,Sikkim,Gangtok,"Zero Point GICI, Gangtok - SSPCB",14-12-2025 23:00,27.33853,88.614099,SO2,NA,NA,NA
India,TamilNadu,Ariyalur,"Keelapalur, Ariyalur - TNPCB",14-12-2025 23:00,11.06825,79.07033,NO2,9,9,9
India,TamilNadu,Chennai,"Arumbakkam, Chennai - TNPCB",14-12-2025 23:00,13.0664,80.2112,NO2,15,29,23
India,Rajasthan,Chittorgarh,"Shastri Nagar, Chittorgarh - RSPCB",14-12-2025 23:00,24.892047,74.623527,NO2,18,106,48
India,Rajasthan,Chittorgarh,"Shastri Nagar, Chittorgarh - RSPCB",14-12-2025 23:00,24.892047,74.623527,NH3,7,13,10
India,Rajasthan,Chittorgarh,"Shastri Nagar, Chittorgarh - RSPCB",14-12-2025 23:00,24.892047,74.623527,CO,3,56,37
India,Rajasthan,Churu,"Subash Chowk, Churu - RSPCB",14-12-2025 23:00,28.296139,74.961696,PM2.5,55,376,187
India,Rajasthan,Dausa,"Khatikan Mohalla, Dausa - RSPCB",14-12-2025 23:00,26.895552,76.334753,PM2.5,83,360,179
India,Rajasthan,Dausa,"Khatikan Mohalla, Dausa - RSPCB",14-12-2025 23:00,26.895552,76.334753,CO,33,142,99
India,Rajasthan,Dausa,"Khatikan Mohalla, Dausa - RSPCB",14-12-2025 23:00,26.895552,76.334753,OZONE,4,154,50
India,Rajasthan,Dholpur,"Raja Ganj, Dholpur - RSPCB",14-12-2025 23:00,26.699557,77.898881,PM2.5,100,312,191
India,Rajasthan,Jaipur,"RIICO Sitapura, Jaipur - RSPCB",14-12-2025 23:00,26.786682,75.827928,NH3,5,8,7
India,Rajasthan,Jaipur,"Sector-2 Murlipura, Jaipur - RSPCB",14-12-2025 23:00,26.960669,75.771817,SO2,3,4,4
India,Rajasthan,Jaipur,"Shastri Nagar, Jaipur - RSPCB",14-12-2025 23:00,26.9502929,75.730943,PM10,108,334,171
India,Rajasthan,Jaipur,"Shastri Nagar, Jaipur - RSPCB",14-12-2025 23:00,26.9502929,75.730943,OZONE,16,70,37
India,Rajasthan,Jaisalmer,"Sadar Bazar, Jaisalmer - RSPCB",14-12-2025 23:00,26.912329,70.909168,SO2,3,7,4
India,Rajasthan,Jalore,"Mudtra Sili, Jalore - RSPCB",14-12-2025 23:00,25.344694,72.626208,PM2.5,38,307,127
India,Rajasthan,Karauli,"Satyawati Vihar, Karauli - RSPCB",14-12-2025 23:00,26.506177,77.025989,PM10,80,161,121
India,Rajasthan,Karauli,"Satyawati Vihar, Karauli - RSPCB",14-12-2025 23:00,26.506177,77.025989,NH3,14,20,17
India,Rajasthan,Karauli,"Satyawati Vihar, Karauli - RSPCB",14-12-2025 23:00,26.506177,77.025989,SO2,5,9,7
India,Rajasthan,Kota,"Dhanmandi, Kota - RSPCB",14-12-2025 23:00,25.16409,75.858137,PM2.5,67,353,192
India,Rajasthan,Kota,"Dhanmandi, Kota - RSPCB",14-12-2025 23:00,25.16409,75.858137,PM10,70,252,138
India,Rajasthan,Kota,"Nayapura, Kota - RSPCB",14-12-2025 23:00,25.196024,75.855668,NH3,9,14,10
India,Rajasthan,Kota,"Shrinath Puram, Kota - RSPCB",14-12-2025 23:00,25.14389,75.821256,NH3,4,10,6
India,Rajasthan,Pali,"Indira Colony Vistar, Pali - RSPCB",14-12-2025 23:00,25.771061,73.340227,NO2,19,81,32
India,Rajasthan,Pali,"Indira Colony Vistar, Pali - RSPCB",14-12-2025 23:00,25.771061,73.340227,SO2,6,11,8
India,Rajasthan,Pali,"Indira Colony Vistar, Pali - RSPCB",14-12-2025 23:00,25.771061,73.340227,CO,28,92,61
India,Rajasthan,Pratapgarh,"Pragati Nagar, Pratapgarh - RSPCB",14-12-2025 23:00,24.041198,74.780702,NH3,2,5,3
India,Rajasthan,Pratapgarh,"Pragati Nagar, Pratapgarh - RSPCB",14-12-2025 23:00,24.041198,74.780702,SO2,5,18,10
India,Rajasthan,Pratapgarh,"Pragati Nagar, Pratapgarh - RSPCB",14-12-2025 23:00,24.041198,74.780702,CO,12,31,22
India,Rajasthan,Pratapgarh,"Pragati Nagar, Pratapgarh - RSPCB",14-12-2025 23:00,24.041198,74.780702,OZONE,32,115,82
India,Rajasthan,Dungarpur,"Bhoiwada, Dungarpur - RSPCB",14-12-2025 23:00,23.837789,73.714926,OZONE,2,127,49
India,Rajasthan,Jaipur,"Mansarovar Sector-12, Jaipur - RSPCB",14-12-2025 23:00,26.843698,75.766894,NO2,13,150,70
India,Rajasthan,Jaipur,"Mansarovar Sector-12, Jaipur - RSPCB",14-12-2025 23:00,26.843698,75.766894,SO2,5,12,8
India,Rajasthan,Jaipur,"Police Commissionerate, Jaipur - RSPCB",14-12-2025 23:00,26.9164092,75.7994901,PM2.5,49,160,77
India,Rajasthan,Jaipur,"RIICO Sitapura, Jaipur - RSPCB",14-12-2025 23:00,26.786682,75.827928,PM2.5,83,435,228
India,Rajasthan,Jalore,"Mudtra Sili, Jalore - RSPCB",14-12-2025 23:00,25.344694,72.626208,CO,28,137,93
India,Rajasthan,Jhalawar,"Rajlaxmi Nagar, Jhalawar - RSPCB",14-12-2025 23:00,24.588397,76.172782,PM10,76,227,128
India,Rajasthan,Jodhpur,"Collectorate, Jodhpur - RSPCB",14-12-2025 23:00,26.268249,73.0193853,NH3,9,57,23
India,Rajasthan,Jodhpur,"Digari Kalan, Jodhpur - RSPCB",14-12-2025 23:00,26.29581,73.082283,PM2.5,18,280,90
India,Rajasthan,Jodhpur,"Digari Kalan, Jodhpur - RSPCB",14-12-2025 23:00,26.29581,73.082283,PM10,45,263,117
India,Rajasthan,Sawai Madhopur,"Sahu Nagar, Sawai Madhopur - RSPCB",14-12-2025 23:00,26.031443,76.359327,SO2,2,8,4
India,Rajasthan,Sawai Madhopur,"Sahu Nagar, Sawai Madhopur - RSPCB",14-12-2025 23:00,26.031443,76.359327,CO,26,101,62
India,Rajasthan,Sri Ganganagar,"Old City, Sri Ganganagar - RSPCB",14-12-2025 23:00,29.931624,73.864511,OZONE,2,118,30
India,Rajasthan,Jodhpur,"Jhalamand, Jodhpur - RSPCB",14-12-2025 23:00,26.215415,73.070156,PM10,59,195,100
India,Rajasthan,Jodhpur,"Jhalamand, Jodhpur - RSPCB",14-12-2025 23:00,26.215415,73.070156,NH3,10,33,20
India,Rajasthan,Jodhpur,"Samrat Ashok Udhyan, Jodhpur - RSPCB",14-12-2025 23:00,26.253384,72.976571,PM2.5,33,335,114
India,TamilNadu,Cuddalore,"Kudikadu, Cuddalore - TNPCB",14-12-2025 23:00,11.6829898,79.7532099,PM2.5,36,81,53
India,TamilNadu,Dindigul,"Mendonsa Colony, Dindigul - TNPCB",14-12-2025 23:00,10.358535,77.984321,PM10,NA,NA,NA
India,TamilNadu,Dindigul,"Mendonsa Colony, Dindigul - TNPCB",14-12-2025 23:00,10.358535,77.984321,NO2,NA,NA,NA
India,TamilNadu,Dindigul,"Mendonsa Colony, Dindigul - TNPCB",14-12-2025 23:00,10.358535,77.984321,SO2,NA,NA,NA
India,TamilNadu,Gummidipoondi,"Anthoni Pillai Nagar, Gummidipoondi - TNPCB",14-12-2025 23:00,13.4127,80.1081,NH3,3,3,3
India,TamilNadu,Karur,"Kamadenu Nagar, Karur - TNPCB",14-12-2025 23:00,10.96782,78.080882,NH3,3,3,3
India,TamilNadu,Karur,"Kamadenu Nagar, Karur - TNPCB",14-12-2025 23:00,10.96782,78.080882,OZONE,6,9,8
India,TamilNadu,Madurai,"Uchapatti, Madurai - TNPCB",14-12-2025 23:00,9.865935,78.022669,NH3,9,9,9
India,TamilNadu,Madurai,"Uchapatti, Madurai - TNPCB",14-12-2025 23:00,9.865935,78.022669,CO,8,8,8
India,TamilNadu,Madurai,"Uchapatti, Madurai - TNPCB",14-12-2025 23:00,9.865935,78.022669,OZONE,1,1,1
India,Telangana,Hyderabad,"Kokapet, Hyderabad - TSPCB",14-12-2025 23:00,17.393559,78.339194,NH3,2,3,2
India,Telangana,Hyderabad,"Kokapet, Hyderabad - TSPCB",14-12-2025 23:00,17.393559,78.339194,SO2,11,20,14
India,Telangana,Hyderabad,"Kompally Municipal Office, Hyderabad - TSPCB",14-12-2025 23:00,17.544899,78.486949,PM10,NA,NA,NA
India,Telangana,Hyderabad,"Nacharam_TSIIC IALA, Hyderabad - TSPCB",14-12-2025 23:00,17.429398,78.569354,PM10,NA,NA,NA
India,Telangana,Hyderabad,"Nacharam_TSIIC IALA, Hyderabad - TSPCB",14-12-2025 23:00,17.429398,78.569354,NO2,NA,NA,NA
India,Telangana,Hyderabad,"Nacharam_TSIIC IALA, Hyderabad - TSPCB",14-12-2025 23:00,17.429398,78.569354,SO2,NA,NA,NA
India,Telangana,Hyderabad,"New Malakpet, Hyderabad - TSPCB",14-12-2025 23:00,17.37206,78.50864,PM10,79,89,84
India,Telangana,Hyderabad,"New Malakpet, Hyderabad - TSPCB",14-12-2025 23:00,17.37206,78.50864,NO2,11,16,13
India,Telangana,Hyderabad,"New Malakpet, Hyderabad - TSPCB",14-12-2025 23:00,17.37206,78.50864,OZONE,10,41,23
India,TamilNadu,Thanjavur,"Parisutham Nagar, Thanjavur - TNPCB",14-12-2025 23:00,10.7654824,79.1389968,PM10,48,80,65
India,TamilNadu,Tirunelveli,"Municipal Corporation Office, Tirunelveli - TNPCB",14-12-2025 23:00,8.728442,77.6962,PM10,12,44,22
India,TamilNadu,Tirunelveli,"Municipal Corporation Office, Tirunelveli - TNPCB",14-12-2025 23:00,8.728442,77.6962,NO2,10,50,26
India,TamilNadu,Tirunelveli,"Municipal Corporation Office, Tirunelveli - TNPCB",14-12-2025 23:00,8.728442,77.6962,NH3,3,8,4
India,TamilNadu,Tirunelveli,"Municipal Corporation Office, Tirunelveli - TNPCB",14-12-2025 23:00,8.728442,77.6962,CO,20,22,21
India,TamilNadu,Virudhunagar,"Collectorate Office, Virudhunagar - TNPCB",14-12-2025 23:00,9.559382,77.948828,NO2,NA,NA,NA
India,TamilNadu,Virudhunagar,"Collectorate Office, Virudhunagar - TNPCB",14-12-2025 23:00,9.559382,77.948828,CO,22,24,23
India,TamilNadu,Nagapattinam,"Velippalayam, Nagapattinam - TNPCB",14-12-2025 23:00,10.798548,79.838212,NO2,NA,NA,NA
India,TamilNadu,Ooty,"Bombay Castel, Ooty - TNPCB",14-12-2025 23:00,11.4068288,76.7138973,PM2.5,9,149,59
India,TamilNadu,Ooty,"Bombay Castel, Ooty - TNPCB",14-12-2025 23:00,11.4068288,76.7138973,PM10,29,137,71
India,TamilNadu,Ooty,"Bombay Castel, Ooty - TNPCB",14-12-2025 23:00,11.4068288,76.7138973,SO2,14,16,15
India,TamilNadu,Ooty,"Bombay Castel, Ooty - TNPCB",14-12-2025 23:00,11.4068288,76.7138973,OZONE,5,6,6
India,TamilNadu,Ramanathapuram,"Chalai Bazaar, Ramanathapuram - TNPCB",14-12-2025 23:00,9.36399,78.831977,NH3,1,1,1
India,TamilNadu,Ramanathapuram,"Chalai Bazaar, Ramanathapuram - TNPCB",14-12-2025 23:00,9.36399,78.831977,SO2,3,5,4
India,Telangana,Hyderabad,"Somajiguda, Hyderabad - TSPCB",14-12-2025 23:00,17.417094,78.457437,NO2,12,18,16
India,Telangana,Hyderabad,"Somajiguda, Hyderabad - TSPCB",14-12-2025 23:00,17.417094,78.457437,CO,24,52,37
India,Telangana,Hyderabad,"Somajiguda, Hyderabad - TSPCB",14-12-2025 23:00,17.417094,78.457437,OZONE,2,35,20
India,Telangana,Hyderabad,"Zoo Park, Hyderabad - TSPCB",14-12-2025 23:00,17.349694,78.451437,NO2,11,35,21
India,Telangana,Hyderabad,"Zoo Park, Hyderabad - TSPCB",14-12-2025 23:00,17.349694,78.451437,OZONE,20,24,22
India,Tripura,Agartala,"Bardowali, Agartala - Tripura SPCB",14-12-2025 23:00,23.8175497,91.2726974,PM2.5,8,71,33
India,TamilNadu,Chennai,"Royapuram, Chennai - TNPCB",14-12-2025 23:00,13.1036,80.2909,CO,46,62,53
India,TamilNadu,Chennai,"Velachery Res. Area, Chennai - CPCB",14-12-2025 23:00,13.0052189,80.2398125,PM2.5,NA,NA,NA
India,TamilNadu,Coimbatore,"SIDCO Kurichi, Coimbatore - TNPCB",14-12-2025 23:00,10.942451,76.978996,SO2,21,23,22
India,Uttar_Pradesh,Agra,"Rohta, Agra - UPPCB",14-12-2025 23:00,27.106972,78.000111,NH3,7,7,7
India,Uttar_Pradesh,Agra,"Rohta, Agra - UPPCB",14-12-2025 23:00,27.106972,78.000111,SO2,14,65,27
India,Uttar_Pradesh,Agra,"Sanjay Palace, Agra - UPPCB",14-12-2025 23:00,27.19865833,78.00598056,NO2,4,16,9
India,Uttar_Pradesh,Agra,"Sanjay Palace, Agra - UPPCB",14-12-2025 23:00,27.19865833,78.00598056,OZONE,4,5,4
India,TamilNadu,Chennai,"Arumbakkam, Chennai - TNPCB",14-12-2025 23:00,13.0664,80.2112,NH3,1,2,1
India,TamilNadu,Chennai,"Manali Village, Chennai - TNPCB",14-12-2025 23:00,13.1662,80.2584,PM10,86,109,97
India,TamilNadu,Chennai,"Manali, Chennai - CPCB",14-12-2025 23:00,13.164544,80.26285,PM2.5,NA,NA,NA
India,Telangana,Hyderabad,"Central University, Hyderabad - TSPCB",14-12-2025 23:00,17.460103,78.334361,PM10,65,132,102
India,Telangana,Hyderabad,"Central University, Hyderabad - TSPCB",14-12-2025 23:00,17.460103,78.334361,OZONE,7,16,14
India,Telangana,Hyderabad,"ECIL Kapra, Hyderabad - TSPCB",14-12-2025 23:00,17.470431,78.566959,PM2.5,NA,NA,NA
India,Uttar_Pradesh,Lucknow,"Talkatora District Industries Center, Lucknow - CPCB",14-12-2025 23:00,26.83399722,80.8917361,CO,2,83,39
India,Uttar_Pradesh,Meerut,"Ganga Nagar, Meerut - UPPCB",14-12-2025 23:00,28.999264,77.7590354,PM2.5,125,372,287
India,Uttar_Pradesh,Meerut,"Ganga Nagar, Meerut - UPPCB",14-12-2025 23:00,28.999264,77.7590354,OZONE,7,83,37
India,Uttar_Pradesh,Meerut,"Jai Bhim Nagar, Meerut - UPPCB",14-12-2025 23:00,28.9535882,77.7622941,CO,34,122,86
India,Uttar_Pradesh,Meerut,"Pallavpuram Phase 2, Meerut - UPPCB",14-12-2025 23:00,29.06351,77.709723,PM2.5,314,457,402
India,Uttar_Pradesh,Meerut,"Pallavpuram Phase 2, Meerut - UPPCB",14-12-2025 23:00,29.06351,77.709723,PM10,190,425,328
India,Uttar_Pradesh,Meerut,"Pallavpuram Phase 2, Meerut - UPPCB",14-12-2025 23:00,29.06351,77.709723,NH3,2,5,3
India,Uttar_Pradesh,Meerut,"Pallavpuram Phase 2, Meerut - UPPCB",14-12-2025 23:00,29.06351,77.709723,CO,2,119,81
India,Uttar_Pradesh,Moradabad,"Buddhi Vihar, Moradabad - UPPCB",14-12-2025 23:00,28.83526,78.7446,NO2,29,29,29
India,Uttar_Pradesh,Kanpur,"NSI Kalyanpur, Kanpur - UPPCB",14-12-2025 23:00,26.509954,80.249612,NH3,3,3,3
India,Uttar_Pradesh,Kanpur,"NSI Kalyanpur, Kanpur - UPPCB",14-12-2025 23:00,26.509954,80.249612,CO,47,106,65
India,Uttar_Pradesh,Kanpur,"Nehru Nagar, Kanpur - UPPCB",14-12-2025 23:00,26.4703136,80.3229863,PM10,58,180,110
India,Uttar_Pradesh,Khurja,"Kalindi Kunj, Khurja - UPPCB",14-12-2025 23:00,28.2348927,77.8683002,PM10,91,412,220
India,Uttar_Pradesh,Khurja,"Kalindi Kunj, Khurja - UPPCB",14-12-2025 23:00,28.2348927,77.8683002,CO,66,100,79
India,Uttar_Pradesh,Khurja,"Kalindi Kunj, Khurja - UPPCB",14-12-2025 23:00,28.2348927,77.8683002,OZONE,21,32,25
India,Uttar_Pradesh,Lucknow,"B R Ambedkar University, Lucknow - UPPCB",14-12-2025 23:00,26.766433,80.927299,PM2.5,31,304,169
India,Uttar_Pradesh,Lucknow,"B R Ambedkar University, Lucknow - UPPCB",14-12-2025 23:00,26.766433,80.927299,OZONE,26,27,26
India,Uttar_Pradesh,Lucknow,"Gomti Nagar, Lucknow - UPPCB",14-12-2025 23:00,26.86812,81.005119,PM2.5,48,405,206
India,Uttar_Pradesh,Bareilly,"Rajendra Nagar, Bareilly - UPPCB",14-12-2025 23:00,28.38910936,79.42963708,NO2,9,10,9
India,Uttar_Pradesh,Bulandshahr,"Yamunapuram, Bulandshahr - UPPCB",14-12-2025 23:00,28.406963,77.849831,NO2,26,139,70
India,Uttar_Pradesh,Bulandshahr,"Yamunapuram, Bulandshahr - UPPCB",14-12-2025 23:00,28.406963,77.849831,CO,48,143,98
India,Uttar_Pradesh,Firozabad,"Nagla Bhau, Firozabad - UPPCB",14-12-2025 23:00,27.168897,78.37696,PM2.5,52,213,100
India,Uttar_Pradesh,Firozabad,"Nagla Bhau, Firozabad - UPPCB",14-12-2025 23:00,27.168897,78.37696,PM10,74,181,117
India,Uttar_Pradesh,Firozabad,"Nagla Bhau, Firozabad - UPPCB",14-12-2025 23:00,27.168897,78.37696,NO2,17,17,17
India,Uttar_Pradesh,Firozabad,"Nagla Bhau, Firozabad - UPPCB",14-12-2025 23:00,27.168897,78.37696,CO,20,28,23
India,Uttar_Pradesh,Ghaziabad,"Indirapuram, Ghaziabad - UPPCB",14-12-2025 23:00,28.646233,77.358075,PM10,420,500,475
India,Uttar_Pradesh,Ghaziabad,"Indirapuram, Ghaziabad - UPPCB",14-12-2025 23:00,28.646233,77.358075,NO2,39,155,92
India,Uttar_Pradesh,Lucknow,"Gomti Nagar, Lucknow - UPPCB",14-12-2025 23:00,26.86812,81.005119,CO,30,36,34
India,Uttar_Pradesh,Lucknow,"Kendriya Vidyalaya, Lucknow - CPCB",14-12-2025 23:00,26.906111,80.948222,PM2.5,59,376,220
India,Uttar_Pradesh,Lucknow,"Kendriya Vidyalaya, Lucknow - CPCB",14-12-2025 23:00,26.906111,80.948222,NO2,28,48,45
India,Uttar_Pradesh,Lucknow,"Kukrail Picnic Spot-1, Lucknow - UPPCB",14-12-2025 23:00,26.90723,80.98579,NH3,5,5,5
India,Uttar_Pradesh,Lucknow,"Kukrail Picnic Spot-1, Lucknow - UPPCB",14-12-2025 23:00,26.90723,80.98579,SO2,37,39,38
India,Uttar_Pradesh,Lucknow,"Lalbagh, Lucknow - CPCB",14-12-2025 23:00,26.8458805,80.9365541,SO2,2,31,9
India,Uttar_Pradesh,Moradabad,"Kashiram Nagar, Moradabad - UPPCB",14-12-2025 23:00,28.849399,78.742362,PM10,80,224,138
India,Uttar_Pradesh,Moradabad,"Kashiram Nagar, Moradabad - UPPCB",14-12-2025 23:00,28.849399,78.742362,NH3,4,4,4
India,Uttar_Pradesh,Moradabad,"Transport Nagar, Moradabad - UPPCB",14-12-2025 23:00,28.802625,78.753728,OZONE,25,33,29
India,Uttar_Pradesh,Muzaffarnagar,"New Mandi, Muzaffarnagar - UPPCB",14-12-2025 23:00,29.4723508,77.7194031,SO2,9,32,18
India,Uttar_Pradesh,Noida,"Sector - 125, Noida - UPPCB",14-12-2025 23:00,28.5447608,77.3231257,PM2.5,394,500,458
India,Uttar_Pradesh,Agra,"Sector-3B Avas Vikas Colony, Agra - UPPCB",14-12-2025 23:00,27.19412,77.96237,NO2,39,40,39
India,Uttar_Pradesh,Agra,"Shastripuram, Agra - UPPCB",14-12-2025 23:00,27.19862,77.92066,SO2,12,20,16
India,Uttar_Pradesh,Agra,"Shastripuram, Agra - UPPCB",14-12-2025 23:00,27.19862,77.92066,OZONE,6,7,7
India,Uttar_Pradesh,Bareilly,"Civil Lines, Bareilly - UPPCB",14-12-2025 23:00,28.359581,79.414455,PM2.5,12,58,36
India,Uttar_Pradesh,Moradabad,"Buddhi Vihar, Moradabad - UPPCB",14-12-2025 23:00,28.83526,78.7446,CO,46,111,59
India,Uttar_Pradesh,Moradabad,"Employment Office, Moradabad - UPPCB",14-12-2025 23:00,28.88528,78.7388,PM10,80,194,130
India,Uttar_Pradesh,Moradabad,"Employment Office, Moradabad - UPPCB",14-12-2025 23:00,28.88528,78.7388,OZONE,14,17,15
India,Uttar_Pradesh,Moradabad,"Jigar Colony, Moradabad - UPPCB",14-12-2025 23:00,28.856664,78.772638,CO,40,40,40
India,Uttar_Pradesh,Greater Noida,"Knowledge Park - V, Greater Noida - UPPCB",14-12-2025 23:00,28.557054,77.453663,PM2.5,397,500,454
India,Uttar_Pradesh,Jhansi,"Shivaji Nagar, Jhansi - UPPCB",14-12-2025 23:00,25.4547,78.6039,NO2,6,6,6
India,Uttar_Pradesh,Kanpur,"FTI Kidwai Nagar, Kanpur - UPPCB",14-12-2025 23:00,26.428282,80.327067,SO2,18,28,23
India,Uttar_Pradesh,Gorakhpur,"Madan Mohan Malaviya University of Technology, Gorakhpur - UPPCB",14-12-2025 23:00,26.730136,83.433859,CO,5,9,6
India,Uttar_Pradesh,Greater Noida,"Knowledge Park - III, Greater Noida - UPPCB",14-12-2025 23:00,28.47272,77.482,PM10,NA,NA,NA
India,Uttar_Pradesh,Varanasi,"IESD Banaras Hindu University, Varanasi - UPPCB",14-12-2025 23:00,25.262326,82.995408,NO2,2,3,2
India,Uttar_Pradesh,Varanasi,"IESD Banaras Hindu University, Varanasi - UPPCB",14-12-2025 23:00,25.262326,82.995408,CO,16,85,34
India,Uttar_Pradesh,Varanasi,"Maldahiya, Varanasi - UPPCB",14-12-2025 23:00,25.32393,82.99687,SO2,28,29,28
India,Uttar_Pradesh,Vrindavan,"Omex Eternity, Vrindavan - UPPCB",14-12-2025 23:00,27.571409,77.655757,NO2,12,12,12
India,Uttarakhand,Dehradun,"Doon University, Dehradun - UKPCB",14-12-2025 23:00,30.269444,78.044167,SO2,2,2,2
India,Uttarakhand,Dehradun,"Doon University, Dehradun - UKPCB",14-12-2025 23:00,30.269444,78.044167,CO,38,44,40
India,Uttarakhand,Kashipur,"Govt. Girls Inter College, Kashipur - UKPCB",14-12-2025 23:00,29.2124114,78.9611753,NH3,2,14,5
India,Uttarakhand,Kashipur,"Govt. Girls Inter College, Kashipur - UKPCB",14-12-2025 23:00,29.2124114,78.9611753,CO,32,40,36
India,West_Bengal,Kolkata,"Fort William, Kolkata - WBPCB",14-12-2025 23:00,22.55664,88.342674,NO2,15,19,17
India,West_Bengal,Kolkata,"Jadavpur, Kolkata - WBPCB",14-12-2025 23:00,22.49929,88.36917,PM10,52,271,144
India,West_Bengal,Kolkata,"Jadavpur, Kolkata - WBPCB",14-12-2025 23:00,22.49929,88.36917,NH3,7,22,13
India,West_Bengal,Kolkata,"Jadavpur, Kolkata - WBPCB",14-12-2025 23:00,22.49929,88.36917,OZONE,9,25,14
India,West_Bengal,Kolkata,"Rabindra Bharati University, Kolkata - WBPCB",14-12-2025 23:00,22.627847,88.380669,NO2,28,137,77
India,West_Bengal,Kolkata,"Rabindra Sarobar, Kolkata - WBPCB",14-12-2025 23:00,22.51106,88.35142,OZONE,1,94,29
India,West_Bengal,Kolkata,"Victoria, Kolkata - WBPCB",14-12-2025 23:00,22.5448082,88.3403691,NO2,21,21,21
India,West_Bengal,Kolkata,"Victoria, Kolkata - WBPCB",14-12-2025 23:00,22.5448082,88.3403691,SO2,1,12,6
India,West_Bengal,Haldia,"Priyambada Housing Estate, Haldia - WBPCB",14-12-2025 23:00,22.06047,88.109737,NO2,12,56,29
India,West_Bengal,Haldia,"Priyambada Housing Estate, Haldia - WBPCB",14-12-2025 23:00,22.06047,88.109737,CO,24,78,49
India,West_Bengal,Haldia,"Priyambada Housing Estate, Haldia - WBPCB",14-12-2025 23:00,22.06047,88.109737,OZONE,18,22,20
India,West_Bengal,Howrah,"Belur Math, Howrah - WBPCB",14-12-2025 23:00,22.629801,88.352017,OZONE,14,55,26
India,West_Bengal,Howrah,"Botanical Garden, Howrah - WBPCB",14-12-2025 23:00,22.554954,88.292568,PM10,32,170,101
India,West_Bengal,Howrah,"Dasnagar, Howrah - WBPCB",14-12-2025 23:00,22.6025571,88.3105664,PM10,39,167,101
India,West_Bengal,Howrah,"Dasnagar, Howrah - WBPCB",14-12-2025 23:00,22.6025571,88.3105664,NO2,16,101,56
India,West_Bengal,Howrah,"Dasnagar, Howrah - WBPCB",14-12-2025 23:00,22.6025571,88.3105664,SO2,6,64,18
India,West_Bengal,Asansol,"Trivenidevi Bhalotia College, Asansol - WBPCB",14-12-2025 23:00,23.616515,87.119133,PM2.5,41,317,194
India,West_Bengal,Asansol,"Trivenidevi Bhalotia College, Asansol - WBPCB",14-12-2025 23:00,23.616515,87.119133,SO2,4,11,8
India,West_Bengal,Barrackpore,"SVSPA Campus, Barrackpore - WBPCB",14-12-2025 23:00,22.7605581,88.3617589,OZONE,3,42,12
India,West_Bengal,Durgapur,"Mahishkapur Road_B-Zone, Durgapur - WBPCB",14-12-2025 23:00,23.567923,87.306843,NO2,21,61,39
India,West_Bengal,Durgapur,"Mahishkapur Road_B-Zone, Durgapur - WBPCB",14-12-2025 23:00,23.567923,87.306843,NH3,2,2,2
India,West_Bengal,Durgapur,"Mahishkapur Road_B-Zone, Durgapur - WBPCB",14-12-2025 23:00,23.567923,87.306843,CO,32,102,66
India,West_Bengal,Howrah,"Ghusuri, Howrah - WBPCB",14-12-2025 23:00,22.611968,88.347422,CO,18,111,47
India,West_Bengal,Howrah,"Padmapukur, Howrah - WBPCB",14-12-2025 23:00,22.5687319,88.2797276,NH3,2,3,2
India,West_Bengal,Howrah,"Padmapukur, Howrah - WBPCB",14-12-2025 23:00,22.5687319,88.2797276,CO,1,104,51
India,West_Bengal,Kolkata,"Ballygunge, Kolkata - WBPCB",14-12-2025 23:00,22.5367507,88.3638022,PM2.5,35,400,141
India,West_Bengal,Kolkata,"Ballygunge, Kolkata - WBPCB",14-12-2025 23:00,22.5367507,88.3638022,PM10,37,428,125
India,West_Bengal,Kolkata,"Ballygunge, Kolkata - WBPCB",14-12-2025 23:00,22.5367507,88.3638022,NO2,27,66,48
India,West_Bengal,Kolkata,"Ballygunge, Kolkata - WBPCB",14-12-2025 23:00,22.5367507,88.3638022,OZONE,4,28,11
India,Uttar_Pradesh,Noida,"Sector - 125, Noida - UPPCB",14-12-2025 23:00,28.5447608,77.3231257,CO,24,131,83
India,Uttar_Pradesh,Noida,"Sector - 62, Noida - IMD",14-12-2025 23:00,28.6245479,77.3577104,CO,72,109,83
India,Uttar_Pradesh,Noida,"Sector-1, Noida - UPPCB",14-12-2025 23:00,28.5898,77.3101,PM10,404,500,445
India,Uttar_Pradesh,Noida,"Sector-1, Noida - UPPCB",14-12-2025 23:00,28.5898,77.3101,NO2,52,160,105
India,Uttar_Pradesh,Prayagraj,"Jhunsi, Prayagraj - UPPCB",14-12-2025 23:00,25.425602,81.917152,PM2.5,45,319,201
India,Uttar_Pradesh,Prayagraj,"Jhunsi, Prayagraj - UPPCB",14-12-2025 23:00,25.425602,81.917152,PM10,90,351,173
India,Uttar_Pradesh,Prayagraj,"Jhunsi, Prayagraj - UPPCB",14-12-2025 23:00,25.425602,81.917152,NO2,6,6,6
India,Uttar_Pradesh,Prayagraj,"Motilal Nehru NIT, Prayagraj - UPPCB",14-12-2025 23:00,25.494,81.863,PM2.5,NA,NA,NA
India,Uttar_Pradesh,Prayagraj,"Nagar Nigam, Prayagraj - UPPCB",14-12-2025 23:00,25.44919916,81.82735986,NO2,5,5,5
India,Uttar_Pradesh,Varanasi,"Ardhali Bazar, Varanasi - UPPCB",14-12-2025 23:00,25.3505986,82.9083074,OZONE,5,24,15
India,Uttar_Pradesh,Varanasi,"Bhelupur, Varanasi - UPPCB",14-12-2025 23:00,25.301778,82.996789,OZONE,1,3,1
India,Uttarakhand,Rishikesh,"Shivaji Nagar, Rishikesh - UKPCB",14-12-2025 23:00,30.075911,78.2859547,NH3,6,12,8
India,Uttarakhand,Rishikesh,"Shivaji Nagar, Rishikesh - UKPCB",14-12-2025 23:00,30.075911,78.2859547,OZONE,25,27,26
India,West_Bengal,Asansol,"Evelyn Lodge, Asansol - WBPCB",14-12-2025 23:00,23.697936,86.944395,SO2,5,9,7
India,West_Bengal,Asansol,"Mahabir Colliery, Asansol - WBPCB",14-12-2025 23:00,23.618183,87.105718,PM2.5,52,351,241
India,West_Bengal,Siliguri,"Ward-32 Bapupara, Siliguri - WBPCB",14-12-2025 23:00,26.6879226,88.4152495,NO2,12,18,15
India,West_Bengal,Siliguri,"Ward-32 Bapupara, Siliguri - WBPCB",14-12-2025 23:00,26.6879226,88.4152495,CO,30,76,56
India,Arunachal_Pradesh,Naharlagun,"Naharlagun, Naharlagun - APSPCB",14-12-2025 23:00,27.103358,93.679645,CO,6,48,30
India,Assam,Byrnihat,"Central Academy for SFS, Byrnihat - PCBA",14-12-2025 23:00,26.071318,91.87488,NO2,6,8,7
India,Assam,Byrnihat,"Central Academy for SFS, Byrnihat - PCBA",14-12-2025 23:00,26.071318,91.87488,NH3,4,4,4
India,Assam,Byrnihat,"Central Academy for SFS, Byrnihat - PCBA",14-12-2025 23:00,26.071318,91.87488,OZONE,12,21,18
India,Assam,Guwahati,"LGBI Airport, Guwahati - PCBA",14-12-2025 23:00,26.10887,91.589544,PM2.5,66,151,95
India,Assam,Guwahati,"LGBI Airport, Guwahati - PCBA",14-12-2025 23:00,26.10887,91.589544,CO,22,42,34
India,Assam,Guwahati,"Pan Bazaar, Guwahati - PCBA",14-12-2025 23:00,26.1875,91.744194,PM10,25,120,71
India,Assam,Guwahati,"Pan Bazaar, Guwahati - PCBA",14-12-2025 23:00,26.1875,91.744194,CO,10,68,37
India,Assam,Guwahati,"Railway Colony, Guwahati - PCBA",14-12-2025 23:00,26.181742,91.78063,PM2.5,2,388,189
India,Assam,Guwahati,"Railway Colony, Guwahati - PCBA",14-12-2025 23:00,26.181742,91.78063,NO2,3,4,3
India,Andhra_Pradesh,Vijayawada,"Kanuru, Vijayawada - APPCB",14-12-2025 23:00,16.486692,80.699436,PM2.5,NA,NA,NA
India,Andhra_Pradesh,Vijayawada,"Kanuru, Vijayawada - APPCB",14-12-2025 23:00,16.486692,80.699436,NH3,NA,NA,NA
India,Andhra_Pradesh,Vijayawada,"Rajiv Gandhi Park, Vijayawada - APPCB",14-12-2025 23:00,16.509717,80.612222,PM10,72,100,84
India,Andhra_Pradesh,Vijayawada,"Rajiv Gandhi Park, Vijayawada - APPCB",14-12-2025 23:00,16.509717,80.612222,NH3,5,10,8
India,Andhra_Pradesh,Vijayawada,"Rajiv Gandhi Park, Vijayawada - APPCB",14-12-2025 23:00,16.509717,80.612222,CO,48,53,52
India,Andhra_Pradesh,Vijayawada,"Rajiv Gandhi Park, Vijayawada - APPCB",14-12-2025 23:00,16.509717,80.612222,OZONE,5,69,36
India,Andhra_Pradesh,Vijayawada,"Rajiv Nagar, Vijayawada - APPCB",14-12-2025 23:00,16.554731,80.64911,NO2,7,10,9
India,Andhra_Pradesh,Vijayawada,"Rajiv Nagar, Vijayawada - APPCB",14-12-2025 23:00,16.554731,80.64911,SO2,15,18,17
India,Andhra_Pradesh,Visakhapatnam,"GVM Corporation, Visakhapatnam - APPCB",14-12-2025 23:00,17.72,83.3,NO2,18,182,88
India,Bihar,Araria,"Kharahiya Basti, Araria - BSPCB",14-12-2025 23:00,26.146529,87.454184,NO2,1,38,13
India,Bihar,Araria,"Kharahiya Basti, Araria - BSPCB",14-12-2025 23:00,26.146529,87.454184,OZONE,9,11,10
India,Bihar,Arrah,"New DM Office, Arrah - BSPCB",14-12-2025 23:00,25.5626095,84.663264,NH3,1,1,1
India,Bihar,Arrah,"New DM Office, Arrah - BSPCB",14-12-2025 23:00,25.5626095,84.663264,CO,32,64,56
India,Bihar,Aurangabad,"Gurdeo Nagar, Aurangabad - BSPCB",14-12-2025 23:00,24.75746,84.366208,NO2,7,8,8
India,Bihar,Aurangabad,"Gurdeo Nagar, Aurangabad - BSPCB",14-12-2025 23:00,24.75746,84.366208,SO2,5,15,11
India,Bihar,Aurangabad,"Gurdeo Nagar, Aurangabad - BSPCB",14-12-2025 23:00,24.75746,84.366208,OZONE,1,26,18
India,Bihar,Begusarai,"Lohiyanagar, Begusarai - BSPCB",14-12-2025 23:00,25.42742023,86.13886079,NH3,2,11,10
India,Bihar,Begusarai,"Lohiyanagar, Begusarai - BSPCB",14-12-2025 23:00,25.42742023,86.13886079,CO,44,80,62
India,Bihar,Bettiah,"Kamalnath Nagar, Bettiah - BSPCB",14-12-2025 23:00,26.80365,84.51954,CO,52,128,93
India,Bihar,Bhagalpur,"DM Office_Kachari Chowk, Bhagalpur - BSPCB",14-12-2025 23:00,25.251013,86.989001,SO2,30,51,42
India,Bihar,Bhagalpur,"DM Office_Kachari Chowk, Bhagalpur - BSPCB",14-12-2025 23:00,25.251013,86.989001,CO,12,16,14
India,Bihar,Bhagalpur,"Mayaganj, Bhagalpur - BSPCB",14-12-2025 23:00,25.265194,87.012947,OZONE,24,74,42
India,Bihar,Bihar Sharif,"D M Colony, Bihar Sharif - BSPCB",14-12-2025 23:00,25.204762,85.51496,NO2,9,10,9
India,Bihar,Katihar,"Mirchaibari, Katihar - BSPCB",14-12-2025 23:00,25.560083,87.553265,PM2.5,NA,NA,NA
India,Bihar,Katihar,"Mirchaibari, Katihar - BSPCB",14-12-2025 23:00,25.560083,87.553265,NH3,NA,NA,NA
India,Bihar,Katihar,"Mirchaibari, Katihar - BSPCB",14-12-2025 23:00,25.560083,87.553265,CO,NA,NA,NA
India,Bihar,Kishanganj,"SDM Office_Khagra, Kishanganj - BSPCB",14-12-2025 23:00,26.0881305,87.93840336,PM2.5,40,48,43
India,Bihar,Kishanganj,"SDM Office_Khagra, Kishanganj - BSPCB",14-12-2025 23:00,26.0881305,87.93840336,SO2,7,12,8
India,Bihar,Motihari,"Gandak Colony, Motihari - BSPCB",14-12-2025 23:00,26.63086,84.90051,NO2,7,10,8
India,Bihar,Gaya,"Collectorate, Gaya - BSPCB",14-12-2025 23:00,24.7955,84.9994,NO2,NA,NA,NA
India,Bihar,Gaya,"Collectorate, Gaya - BSPCB",14-12-2025 23:00,24.7955,84.9994,OZONE,NA,NA,NA
India,Bihar,Gaya,"Kareemganj, Gaya - BSPCB",14-12-2025 23:00,24.792403,84.992416,SO2,15,18,16
India,Bihar,Gaya,"SFTI Kusdihra, Gaya - BSPCB",14-12-2025 23:00,24.762518,84.982348,PM10,48,117,83
India,Bihar,Gaya,"SFTI Kusdihra, Gaya - BSPCB",14-12-2025 23:00,24.762518,84.982348,SO2,7,9,8
India,Bihar,Gaya,"SFTI Kusdihra, Gaya - BSPCB",14-12-2025 23:00,24.762518,84.982348,OZONE,14,26,21
India,Andhra_Pradesh,Amaravati,"Secretariat, Amaravati - APPCB",14-12-2025 23:00,16.5150833,80.5181667,OZONE,3,66,46
India,Andhra_Pradesh,Anantapur,"Gulzarpet, Anantapur - APPCB",14-12-2025 23:00,14.675886,77.593027,PM2.5,48,147,85
India,Andhra_Pradesh,Kadapa,"Yerramukkapalli, Kadapa - APPCB",14-12-2025 23:00,14.465052,78.824187,NO2,23,30,28
India,Andhra_Pradesh,Rajamahendravaram,"Anand Kala Kshetram, Rajamahendravaram - APPCB",14-12-2025 23:00,16.9872867,81.7363176,SO2,9,23,16
India,Andhra_Pradesh,Tirumala,"Toll Gate, Tirumala - APPCB",14-12-2025 23:00,13.67,79.35,SO2,6,8,7
India,Andhra_Pradesh,Tirumala,"Toll Gate, Tirumala - APPCB",14-12-2025 23:00,13.67,79.35,OZONE,4,35,9
India,Assam,Guwahati,"Railway Colony, Guwahati - PCBA",14-12-2025 23:00,26.181742,91.78063,SO2,33,36,34
India,Assam,Nagaon,"Christianpatty, Nagaon - PCBA",14-12-2025 23:00,26.349082,92.68449,SO2,8,14,11
India,Assam,Sivasagar,"Girls College, Sivasagar - PCBA",14-12-2025 23:00,26.987634,94.636574,NO2,30,70,41
India,Andaman and Nicobar,Sri Vijaya Puram,"Police Line, Sri Vijaya Puram - ANPCC",14-12-2025 23:00,11.654054,92.734055,CO,10,26,13
India,Chhattisgarh,Bilaspur,"Mangala, Bilaspur - NTPC",14-12-2025 23:00,22.08815,82.13737,CO,13,72,42
India,Chhattisgarh,Chhal,"Nawapara SECL Colony, Chhal - CECB",14-12-2025 23:00,22.118125,83.140608,NO2,7,25,14
India,Chhattisgarh,Chhal,"Nawapara SECL Colony, Chhal - CECB",14-12-2025 23:00,22.118125,83.140608,OZONE,2,148,55
India,Chhattisgarh,Korba,"Rampur, Korba - CECB",14-12-2025 23:00,22.368195,82.746431,PM2.5,NA,NA,NA
India,Chhattisgarh,Korba,"Rampur, Korba - CECB",14-12-2025 23:00,22.368195,82.746431,NO2,NA,NA,NA
India,Chhattisgarh,Korba,"Rampur, Korba - CECB",14-12-2025 23:00,22.368195,82.746431,NH3,NA,NA,NA
India,Chhattisgarh,Korba,"Rampur, Korba - CECB",14-12-2025 23:00,22.368195,82.746431,OZONE,NA,NA,NA
India,Chhattisgarh,Korba,"Urja Nagar, Korba - CECB",14-12-2025 23:00,22.348441,82.549611,PM2.5,71,86,72
India,Chhattisgarh,Korba,"Urja Nagar, Korba - CECB",14-12-2025 23:00,22.348441,82.549611,CO,25,41,33
India,Bihar,Patna,"DRM Office Danapur, Patna - BSPCB",14-12-2025 23:00,25.586562,85.043586,CO,26,133,76
India,Bihar,Patna,"Govt. High School Shikarpur, Patna - BSPCB",14-12-2025 23:00,25.592539,85.227158,PM2.5,77,92,83
India,Bihar,Patna,"Govt. High School Shikarpur, Patna - BSPCB",14-12-2025 23:00,25.592539,85.227158,PM10,59,201,123
India,Bihar,Patna,"IGSC Planetarium Complex, Patna - BSPCB",14-12-2025 23:00,25.610369,85.132568,CO,34,62,34
India,Bihar,Patna,"IGSC Planetarium Complex, Patna - BSPCB",14-12-2025 23:00,25.610369,85.132568,OZONE,28,30,29
India,Bihar,Patna,"Muradpur, Patna - BSPCB",14-12-2025 23:00,25.619651,85.147382,SO2,7,10,9
India,Bihar,Patna,"Rajbansi Nagar, Patna - BSPCB",14-12-2025 23:00,25.599486,85.113666,PM10,57,122,97
India,Delhi,Delhi,"Aya Nagar, Delhi - IMD",14-12-2025 23:00,28.4706914,77.1099364,OZONE,6,99,39
India,Delhi,Delhi,"Bawana, Delhi - DPCC",14-12-2025 23:00,28.7762,77.051074,NH3,1,3,2
India,Delhi,Delhi,"Burari Crossing, Delhi - IMD",14-12-2025 23:00,28.7256504,77.2011573,NO2,NA,NA,NA
India,Delhi,Delhi,"Burari Crossing, Delhi - IMD",14-12-2025 23:00,28.7256504,77.2011573,OZONE,12,78,28
India,Delhi,Delhi,"CRRI Mathura Road, Delhi - IMD",14-12-2025 23:00,28.5512005,77.2735737,PM2.5,406,500,449
India,Delhi,Delhi,"Chandni Chowk, Delhi - IITM",14-12-2025 23:00,28.656756,77.227234,PM10,386,479,421
India,Chhattisgarh,Kunjemura,"OP Jindal School, Kunjemura - CECB",14-12-2025 23:00,22.12665,83.483212,OZONE,1,83,39
India,Chhattisgarh,Milupara,"Govt. Higher Secondary School, Milupara - CECB",14-12-2025 23:00,22.1910172,83.5197009,NO2,NA,NA,NA
India,Chhattisgarh,Milupara,"Govt. Higher Secondary School, Milupara - CECB",14-12-2025 23:00,22.1910172,83.5197009,NH3,NA,NA,NA
India,Chhattisgarh,Milupara,"Govt. Higher Secondary School, Milupara - CECB",14-12-2025 23:00,22.1910172,83.5197009,SO2,NA,NA,NA
India,Chhattisgarh,Milupara,"Govt. Higher Secondary School, Milupara - CECB",14-12-2025 23:00,22.1910172,83.5197009,OZONE,23,190,90
India,Chhattisgarh,Raipur,"AIIMS, Raipur - CECB",14-12-2025 23:00,21.258815,81.578979,PM10,52,130,106
India,Chhattisgarh,Raipur,"AIIMS, Raipur - CECB",14-12-2025 23:00,21.258815,81.578979,NO2,77,98,86
India,Chhattisgarh,Raipur,"Krishak Nagar, Raipur - CECB",14-12-2025 23:00,21.237755,81.705301,NO2,21,31,25
India,Chhattisgarh,Raipur,"Krishak Nagar, Raipur - CECB",14-12-2025 23:00,21.237755,81.705301,SO2,6,9,7
India,Chhattisgarh,Raipur,"Krishak Nagar, Raipur - CECB",14-12-2025 23:00,21.237755,81.705301,OZONE,1,5,2
India,Chhattisgarh,Raipur,"Siltara Phase-II, Raipur - CECB",14-12-2025 23:00,21.371751,81.664929,PM2.5,61,273,162
India,Delhi,Delhi,"Anand Vihar, Delhi - DPCC",14-12-2025 23:00,28.647622,77.315809,OZONE,9,18,14
India,Chandigarh,Chandigarh,"Sector-53, Chandigarh - CPCC",14-12-2025 23:00,30.719859,76.738637,CO,12,119,87
India,Chhattisgarh,Bhilai,"32Bungalows, Bhilai - CECB",14-12-2025 23:00,21.194815,81.31477,PM10,46,108,68
India,Chhattisgarh,Bhilai,"32Bungalows, Bhilai - CECB",14-12-2025 23:00,21.194815,81.31477,NH3,1,3,2
India,Chhattisgarh,Bhilai,"32Bungalows, Bhilai - CECB",14-12-2025 23:00,21.194815,81.31477,SO2,1,54,14
India,Chhattisgarh,Bhilai,"Hathkhoj, Bhilai - CECB",14-12-2025 23:00,21.224231,81.40835,PM10,NA,NA,NA
India,Bihar,Sasaram,"Dada Peer, Sasaram - BSPCB",14-12-2025 23:00,24.952822,84.002396,SO2,2,5,3
India,Bihar,Siwan,"Chitragupta Nagar, Siwan - BSPCB",14-12-2025 23:00,26.2271665,84.3570427,PM10,29,94,61
India,Chandigarh,Chandigarh,"Sector 22, Chandigarh - CPCC",14-12-2025 23:00,30.735567,76.775714,NO2,35,143,68
India,Chandigarh,Chandigarh,"Sector 22, Chandigarh - CPCC",14-12-2025 23:00,30.735567,76.775714,NH3,6,20,16
India,Bihar,Patna,"Samanpura, Patna - BSPCB",14-12-2025 23:00,25.596727,85.085624,CO,10,175,175
India,Bihar,Patna,"Samanpura, Patna - BSPCB",14-12-2025 23:00,25.596727,85.085624,OZONE,19,71,35
India,Bihar,Rajgir,"Dangi Tola, Rajgir - BSPCB",14-12-2025 23:00,25.0328,85.41948,OZONE,29,34,32
India,Bihar,Saharsa,"Police Line, Saharsa - BSPCB",14-12-2025 23:00,25.892357,86.590325,NH3,4,4,4
India,Bihar,Munger,"Town Hall, Munger - BSPCB",14-12-2025 23:00,25.376776,86.471523,NH3,5,7,6
India,Bihar,Muzaffarpur,"MIT-Daudpur Kothi, Muzaffarpur - BSPCB",14-12-2025 23:00,26.1403345,85.3650192,CO,38,63,47
India,Delhi,Delhi,"Vivek Vihar, Delhi - DPCC",14-12-2025 23:00,28.672342,77.31526,PM10,430,500,484
India,Delhi,Delhi,"Vivek Vihar, Delhi - DPCC",14-12-2025 23:00,28.672342,77.31526,SO2,10,20,14
India,Delhi,Delhi,"Wazirpur, Delhi - DPCC",14-12-2025 23:00,28.699793,77.165453,PM2.5,500,500,500
India,Delhi,Delhi,"Wazirpur, Delhi - DPCC",14-12-2025 23:00,28.699793,77.165453,NO2,47,284,119
India,Delhi,Delhi,"Wazirpur, Delhi - DPCC",14-12-2025 23:00,28.699793,77.165453,NH3,18,27,22
India,Delhi,Delhi,"Wazirpur, Delhi - DPCC",14-12-2025 23:00,28.699793,77.165453,OZONE,2,61,25
India,Gujarat,Ahmedabad,"Chandkheda, Ahmedabad - IITM",14-12-2025 23:00,23.107969,72.574648,PM2.5,50,194,100
India,Gujarat,Ahmedabad,"Chandkheda, Ahmedabad - IITM",14-12-2025 23:00,23.107969,72.574648,PM10,101,221,143
India,Gujarat,Ahmedabad,"Chandkheda, Ahmedabad - IITM",14-12-2025 23:00,23.107969,72.574648,OZONE,1,62,26
India,Gujarat,Ahmedabad,"Gyaspur, Ahmedabad - IITM",14-12-2025 23:00,22.977134,72.553024,SO2,7,100,52
India,Gujarat,Ahmedabad,"Maninagar, Ahmedabad - GPCB",14-12-2025 23:00,23.002657,72.591912,PM2.5,51,187,86
India,Delhi,Delhi,"Jawaharlal Nehru Stadium, Delhi - DPCC",14-12-2025 23:00,28.58028,77.233829,SO2,7,46,26
India,Delhi,Delhi,"Jawaharlal Nehru Stadium, Delhi - DPCC",14-12-2025 23:00,28.58028,77.233829,CO,100,168,156
India,Delhi,Delhi,"Jawaharlal Nehru Stadium, Delhi - DPCC",14-12-2025 23:00,28.58028,77.233829,OZONE,4,141,37
India,Delhi,Delhi,"Lodhi Road, Delhi - IITM",14-12-2025 23:00,28.588333,77.221667,NO2,3,97,42
India,Delhi,Delhi,"Lodhi Road, Delhi - IMD",14-12-2025 23:00,28.5918245,77.2273074,PM2.5,NA,NA,NA
India,Delhi,Delhi,"Major Dhyan Chand National Stadium, Delhi - DPCC",14-12-2025 23:00,28.611281,77.237738,PM10,408,464,429
India,Delhi,Delhi,"Mandir Marg, Delhi - DPCC",14-12-2025 23:00,28.636429,77.201067,SO2,51,63,57
India,Delhi,Delhi,"Rohini, Delhi - DPCC",14-12-2025 23:00,28.732528,77.11992,CO,105,165,159
India,Delhi,Delhi,"Shadipur, Delhi - CPCB",14-12-2025 23:00,28.6514781,77.1473105,PM2.5,309,373,342
India,Delhi,Delhi,"Sirifort, Delhi - CPCB",14-12-2025 23:00,28.5504249,77.2159377,PM10,404,485,446
India,Delhi,Delhi,"Sirifort, Delhi - CPCB",14-12-2025 23:00,28.5504249,77.2159377,NO2,51,78,62
India,Delhi,Delhi,"Sirifort, Delhi - CPCB",14-12-2025 23:00,28.5504249,77.2159377,CO,96,150,109
India,Delhi,Delhi,"Sonia Vihar, Delhi - DPCC",14-12-2025 23:00,28.710508,77.249485,SO2,7,20,10
India,Delhi,Delhi,"Sri Aurobindo Marg, Delhi - DPCC",14-12-2025 23:00,28.531346,77.190156,PM2.5,375,500,421
India,Delhi,Delhi,"Nehru Nagar, Delhi - DPCC",14-12-2025 23:00,28.56789,77.250515,SO2,5,53,28
India,Delhi,Delhi,"Okhla Phase-2, Delhi - DPCC",14-12-2025 23:00,28.530785,77.271255,PM2.5,457,500,494
India,Delhi,Delhi,"Okhla Phase-2, Delhi - DPCC",14-12-2025 23:00,28.530785,77.271255,SO2,12,24,18
India,Delhi,Delhi,"Okhla Phase-2, Delhi - DPCC",14-12-2025 23:00,28.530785,77.271255,OZONE,6,120,76
India,Delhi,Delhi,"Patparganj, Delhi - DPCC",14-12-2025 23:00,28.623763,77.287209,OZONE,2,147,44
India,Delhi,Delhi,"Punjabi Bagh, Delhi - DPCC",14-12-2025 23:00,28.674045,77.131023,PM10,364,488,430
India,Delhi,Delhi,"Punjabi Bagh, Delhi - DPCC",14-12-2025 23:00,28.674045,77.131023,NO2,43,93,64
India,Delhi,Delhi,"Punjabi Bagh, Delhi - DPCC",14-12-2025 23:00,28.674045,77.131023,NH3,7,10,9
India,Delhi,Delhi,"Pusa, Delhi - DPCC",14-12-2025 23:00,28.639652,77.146275,OZONE,9,13,10
India,Delhi,Delhi,"Pusa, Delhi - IMD",14-12-2025 23:00,28.63611,77.173332,PM10,314,435,396
India,Delhi,Delhi,"Pusa, Delhi - IMD",14-12-2025 23:00,28.63611,77.173332,NO2,15,152,71
India,Delhi,Delhi,"Pusa, Delhi - IMD",14-12-2025 23:00,28.63611,77.173332,CO,78,133,114
India,Delhi,Delhi,"R K Puram, Delhi - DPCC",14-12-2025 23:00,28.563262,77.186937,NO2,26,131,69
India,Delhi,Delhi,"R K Puram, Delhi - DPCC",14-12-2025 23:00,28.563262,77.186937,NH3,10,15,13
India,Delhi,Delhi,"Rohini, Delhi - DPCC",14-12-2025 23:00,28.732528,77.11992,SO2,9,17,14
India,Delhi,Delhi,"DTU, Delhi - CPCB",14-12-2025 23:00,28.7500499,77.1112615,CO,102,129,105
India,Delhi,Delhi,"Dr. Karni Singh Shooting Range, Delhi - DPCC",14-12-2025 23:00,28.498571,77.26484,NO2,34,104,69
India,Delhi,Delhi,"Dwarka-Sector 8, Delhi - DPCC ",14-12-2025 23:00,28.5710274,77.0719006,NO2,89,184,123
India,Delhi,Delhi,"Dwarka-Sector 8, Delhi - DPCC ",14-12-2025 23:00,28.5710274,77.0719006,NH3,20,30,25
India,Delhi,Delhi,"Dwarka-Sector 8, Delhi - DPCC ",14-12-2025 23:00,28.5710274,77.0719006,OZONE,4,289,64
India,Gujarat,Ahmedabad,"Maninagar, Ahmedabad - GPCB",14-12-2025 23:00,23.002657,72.591912,CO,17,44,31
India,Gujarat,Ahmedabad,"Raikhad, Ahmedabad - IITM",14-12-2025 23:00,23.020509,72.579261,PM10,115,194,145
India,Gujarat,Ahmedabad,"Rakhial, Ahmedabad - IITM",14-12-2025 23:00,23.016834,72.625775,NH3,4,14,7
India,Gujarat,Ahmedabad,"SAC ISRO Bopal, Ahmedabad - IITM",14-12-2025 23:00,23.041137,72.456691,PM2.5,88,198,123
India,Delhi,Delhi,"Mundka, Delhi - DPCC",14-12-2025 23:00,28.684678,77.076574,OZONE,2,12,3
India,Delhi,Delhi,"NSIT Dwarka, Delhi - CPCB",14-12-2025 23:00,28.60909,77.0325413,SO2,7,18,10
India,Delhi,Delhi,"NSIT Dwarka, Delhi - CPCB",14-12-2025 23:00,28.60909,77.0325413,OZONE,26,88,46
India,Delhi,Delhi,"Nehru Nagar, Delhi - DPCC",14-12-2025 23:00,28.56789,77.250515,PM10,431,500,458
India,Delhi,Delhi,"IIT Delhi, Delhi - IITM",14-12-2025 23:00,28.54246,77.191651,PM2.5,372,500,416
India,Delhi,Delhi,"ITO, Delhi - CPCB",14-12-2025 23:00,28.628624,77.24106,CO,15,138,98
India,Gujarat,Gandhinagar,"Sector-10, Gandhinagar - GPCB",14-12-2025 23:00,23.221714,72.654328,OZONE,4,76,34
India,Gujarat,Surat,"Science Center, Surat - SMC",14-12-2025 23:00,21.170046,72.795405,CO,38,46,40
India,Gujarat,Vapi,"Phase-1 GIDC, Vapi - GPCB",14-12-2025 23:00,20.362421,72.918013,NO2,1,9,5
India,Gujarat,Vapi,"Phase-1 GIDC, Vapi - GPCB",14-12-2025 23:00,20.362421,72.918013,SO2,14,17,16
India,Gujarat,Vatva,"Phase-4 GIDC, Vatva - GPCB",14-12-2025 23:00,22.969611,72.6435,SO2,3,12,8
India,Haryana,Ambala,"Patti Mehar, Ambala - HSPCB",14-12-2025 23:00,30.379589,76.778328,NO2,20,25,22
India,Haryana,Ambala,"Patti Mehar, Ambala - HSPCB",14-12-2025 23:00,30.379589,76.778328,SO2,31,32,31
India,Haryana,Panchgaon,"Amity University, Panchgaon - IITM",14-12-2025 23:00,28.3153,76.9143,PM10,161,300,215
India,Haryana,Panchgaon,"Amity University, Panchgaon - IITM",14-12-2025 23:00,28.3153,76.9143,NO2,NA,NA,NA
India,Haryana,Panchgaon,"Amity University, Panchgaon - IITM",14-12-2025 23:00,28.3153,76.9143,NH3,4,14,8
India,Haryana,Panchgaon,"Amity University, Panchgaon - IITM",14-12-2025 23:00,28.3153,76.9143,CO,20,64,45
India,Haryana,Panchgaon,"Amity University, Panchgaon - IITM",14-12-2025 23:00,28.3153,76.9143,OZONE,2,112,39
India,Haryana,Panipat,"Sector-18, Panipat - HSPCB",14-12-2025 23:00,29.432304,76.972765,SO2,11,11,11
India,Haryana,Rohtak,"MD University, Rohtak - HSPCB",14-12-2025 23:00,28.52123,76.37138,PM2.5,NA,NA,NA
India,Haryana,Rohtak,"MD University, Rohtak - HSPCB",14-12-2025 23:00,28.52123,76.37138,PM10,NA,NA,NA
India,Haryana,Dharuhera,"Municipal Corporation Office, Dharuhera -  HSPCB",14-12-2025 23:00,28.2068,76.7997,SO2,3,29,10
India,Haryana,Faridabad,"New Industrial Town, Faridabad - HSPCB",14-12-2025 23:00,28.39072,77.30059,PM10,157,165,160
India,Haryana,Faridabad,"New Industrial Town, Faridabad - HSPCB",14-12-2025 23:00,28.39072,77.30059,SO2,8,9,8
India,Haryana,Faridabad,"Sector 11, Faridabad - HSPCB",14-12-2025 23:00,28.376058,77.315741,CO,16,84,35
India,Haryana,Faridabad,"Sector 30, Faridabad - HSPCB",14-12-2025 23:00,28.4417,77.3217,SO2,6,6,6
India,Haryana,Faridabad,"Sector 30, Faridabad - HSPCB",14-12-2025 23:00,28.4417,77.3217,CO,60,66,62
India,Gujarat,Ahmedabad,"SVPI Airport Hansol, Ahmedabad - IITM",14-12-2025 23:00,23.076793,72.627874,PM2.5,34,84,61
India,Gujarat,Ahmedabad,"SVPI Airport Hansol, Ahmedabad - IITM",14-12-2025 23:00,23.076793,72.627874,CO,14,73,39
India,Gujarat,Ankleshwar,"GIDC, Ankleshwar - GPCB",14-12-2025 23:00,21.613267,73.010555,CO,16,88,50
India,Gujarat,Gandhinagar,"IIPHG Lekawada, Gandhinagar - IITM",14-12-2025 23:00,23.243639,72.68994,PM2.5,48,141,96
India,Gujarat,Gandhinagar,"IIPHG Lekawada, Gandhinagar - IITM",14-12-2025 23:00,23.243639,72.68994,NH3,2,3,2
India,Haryana,Bahadurgarh,"Arya Nagar, Bahadurgarh - HSPCB",14-12-2025 23:00,28.6701,76.9254,NH3,12,13,13
India,Haryana,Bahadurgarh,"Arya Nagar, Bahadurgarh - HSPCB",14-12-2025 23:00,28.6701,76.9254,OZONE,13,21,18
India,Haryana,Ballabgarh,"Nathu Colony, Ballabgarh - HSPCB",14-12-2025 23:00,28.3419248,77.319699,NH3,3,3,3
India,Haryana,Bhiwani,"H.B. Colony, Bhiwani - HSPCB",14-12-2025 23:00,28.806223,76.141105,PM2.5,125,211,168
India,Haryana,Bhiwani,"H.B. Colony, Bhiwani - HSPCB",14-12-2025 23:00,28.806223,76.141105,OZONE,9,19,13
India,Haryana,Fatehabad,"Huda Sector, Fatehabad - HSPCB",14-12-2025 23:00,29.503664,75.467934,PM10,179,284,220
India,Haryana,Fatehabad,"Huda Sector, Fatehabad - HSPCB",14-12-2025 23:00,29.503664,75.467934,CO,25,37,28
India,Haryana,Gurugram,"Sector-51, Gurugram - HSPCB",14-12-2025 23:00,28.4227,77.0667,CO,34,45,38
India,Haryana,Gurugram,"Teri Gram, Gurugram - HSPCB",14-12-2025 23:00,28.4275,77.1465,PM2.5,292,408,338
India,Haryana,Jind,"Police Lines, Jind - HSPCB",14-12-2025 23:00,29.307814,76.337619,PM10,119,274,188
India,Haryana,Jind,"Police Lines, Jind - HSPCB",14-12-2025 23:00,29.307814,76.337619,CO,2,66,7
India,Haryana,Karnal,"Sector-12, Karnal - HSPCB",14-12-2025 23:00,29.6953,77.0027,PM10,41,273,121
India,Haryana,Karnal,"Sector-12, Karnal - HSPCB",14-12-2025 23:00,29.6953,77.0027,NH3,6,7,6
India,Haryana,Manesar,"Sector-2 IMT, Manesar - HSPCB",14-12-2025 23:00,28.360699,76.93609,NO2,76,93,83
India,Haryana,Narnaul,"Shastri Nagar, Narnaul - HSPCB",14-12-2025 23:00,28.060249,76.113115,OZONE,17,80,37
India,Haryana,Gurugram,"Vikas Sadan, Gurugram - HSPCB",14-12-2025 23:00,28.4501238,77.0263051,SO2,2,8,5
India,Karnataka,Bengaluru,"Silk Board, Bengaluru - KSPCB",14-12-2025 23:00,12.917348,77.622813,OZONE,11,26,17
India,Karnataka,Chamarajanagar,"Urban, Chamarajanagar - KSPCB",14-12-2025 23:00,11.55358,76.55521,PM2.5,19,40,27
India,Karnataka,Chamarajanagar,"Urban, Chamarajanagar - KSPCB",14-12-2025 23:00,11.55358,76.55521,PM10,29,50,38
India,Karnataka,Dharwad,"Kalabhavan, Dharwad - KSPCB",14-12-2025 23:00,15.459706,75.008381,SO2,3,10,5
India,Karnataka,Hubballi,"Lingaraj Nagar, Hubballi - KSPCB",14-12-2025 23:00,15.3714823,75.1160168,OZONE,29,30,29
India,Karnataka,Kalaburagi,"Mahatma Basaveswar Colony, Kalaburgi - KSPCB",14-12-2025 23:00,17.336318,76.847397,NH3,3,4,3
India,Karnataka,Koppal,"Diwator Nagar, Koppal - KSPCB",14-12-2025 23:00,15.34763,76.181767,PM10,41,96,64
India,Madhya Pradesh,Damoh,"Shrivastav Colony, Damoh - MPPCB",14-12-2025 23:00,23.81748678,79.446246,PM10,17,50,32
India,Madhya Pradesh,Dewas,"Bhopal Chauraha, Dewas - MPPCB",14-12-2025 23:00,22.9682591,76.064118,NH3,2,3,2
India,Madhya Pradesh,Dewas,"Bhopal Chauraha, Dewas - MPPCB",14-12-2025 23:00,22.9682591,76.064118,OZONE,24,26,25
India,Madhya Pradesh,Gwalior,"City Center, Gwalior - MPPCB",14-12-2025 23:00,26.203442,78.193251,PM2.5,160,341,254
India,Madhya Pradesh,Gwalior,"City Center, Gwalior - MPPCB",14-12-2025 23:00,26.203442,78.193251,PM10,107,203,148
India,Madhya Pradesh,Gwalior,"City Center, Gwalior - MPPCB",14-12-2025 23:00,26.203442,78.193251,SO2,16,23,18
India,Madhya Pradesh,Gwalior,"City Center, Gwalior - MPPCB",14-12-2025 23:00,26.203442,78.193251,OZONE,26,43,35
India,Madhya Pradesh,Gwalior,"Deen Dayal Nagar, Gwalior - MPPCB",14-12-2025 23:00,26.259242,78.216432,PM10,128,401,203
India,Karnataka,Bengaluru,"Hombegowda Nagar, Bengaluru - KSPCB",14-12-2025 23:00,12.938539,77.5901,OZONE,2,57,29
India,Karnataka,Bengaluru,"Jayanagar 5th Block, Bengaluru - KSPCB",14-12-2025 23:00,12.920984,77.584908,PM10,68,135,106
India,Karnataka,Bengaluru,"Jayanagar 5th Block, Bengaluru - KSPCB",14-12-2025 23:00,12.920984,77.584908,NO2,8,38,22
India,Karnataka,Bengaluru,"Jigani, Bengaluru - KSPCB",14-12-2025 23:00,12.7816279,77.6299145,NO2,23,24,24
India,Karnataka,Bengaluru,"Jigani, Bengaluru - KSPCB",14-12-2025 23:00,12.7816279,77.6299145,SO2,17,17,17
India,Karnataka,Bengaluru,"Kasturi Nagar, Bengaluru - KSPCB",14-12-2025 23:00,13.003872,77.664217,SO2,3,18,12
India,Karnataka,Bengaluru,"Kasturi Nagar, Bengaluru - KSPCB",14-12-2025 23:00,13.003872,77.664217,CO,34,51,45
India,Haryana,Sonipat,"Murthal, Sonipat - HSPCB",14-12-2025 23:00,29.0272,77.0621,SO2,6,11,8
India,Haryana,Yamuna Nagar,"Gobind Pura, Yamuna Nagar - HSPCB",14-12-2025 23:00,30.1480566,77.2893471,OZONE,8,33,20
India,Himachal Pradesh,Baddi,"HIMUDA Complex Phase-1, Baddi - HPPCB",14-12-2025 23:00,30.943887,76.801991,CO,48,118,84
India,Jammu_and_Kashmir,Srinagar,"Rajbagh, Srinagar - JKSPCB",14-12-2025 23:00,34.066206,74.81982,PM2.5,NA,NA,NA
India,Kerala,Thiruvananthapuram,"Plammoodu, Thiruvananthapuram - Kerala PCB",14-12-2025 23:00,8.5149093,76.9435879,CO,13,28,20
India,Kerala,Thrissur,"Corporation Ground, Thrissur - Kerala PCB",14-12-2025 23:00,10.5324,76.2159,PM2.5,NA,NA,NA
India,Kerala,Thrissur,"Corporation Ground, Thrissur - Kerala PCB",14-12-2025 23:00,10.5324,76.2159,OZONE,28,29,29
India,Madhya Pradesh,Bhopal,"Idgah Hills, Bhopal - MPPCB",14-12-2025 23:00,23.264759,77.381568,PM2.5,53,342,132
India,Madhya Pradesh,Bhopal,"Idgah Hills, Bhopal - MPPCB",14-12-2025 23:00,23.264759,77.381568,CO,20,62,39
India,Karnataka,Koppal,"Diwator Nagar, Koppal - KSPCB",14-12-2025 23:00,15.34763,76.181767,OZONE,1,12,9
India,Karnataka,Mangalore,"Kadri, Mangalore - KSPCB",14-12-2025 23:00,12.88925,74.853,SO2,16,17,17
India,Karnataka,Mysuru,"Hebbal 1st Stage, Mysuru - KSPCB",14-12-2025 23:00,12.21041,76.37376,NO2,15,24,20
India,Karnataka,Shivamogga,"Vinoba Nagara, Shivamogga - KSPCB",14-12-2025 23:00,13.94,75.555917,PM10,67,68,67
India,Karnataka,Bengaluru,"Sanegurava Halli, Bengaluru - KSPCB",14-12-2025 23:00,12.990328,77.5431385,CO,20,46,30
India,Karnataka,Bengaluru,"Shivapura_Peenya, Bengaluru - KSPCB",14-12-2025 23:00,13.0246342,77.5080115,NO2,NA,NA,NA
India,Karnataka,Bengaluru,"Shivapura_Peenya, Bengaluru - KSPCB",14-12-2025 23:00,13.0246342,77.5080115,OZONE,19,20,20
India,Karnataka,Bengaluru,"Silk Board, Bengaluru - KSPCB",14-12-2025 23:00,12.917348,77.622813,PM10,71,232,129
India,Karnataka,Bengaluru,"Silk Board, Bengaluru - KSPCB",14-12-2025 23:00,12.917348,77.622813,NO2,14,24,17
India,Jharkhand,Dhanbad,"Sardar Patel Nagar, Dhanbad - JSPCB",14-12-2025 23:00,23.80569,86.44268,SO2,NA,NA,NA
India,Karnataka,Bengaluru,"BTM Layout, Bengaluru - CPCB",14-12-2025 23:00,12.9135218,77.5950804,PM2.5,75,148,98
India,Karnataka,Bengaluru,"BTM Layout, Bengaluru - CPCB",14-12-2025 23:00,12.9135218,77.5950804,NO2,50,70,56
India,Karnataka,Bengaluru,"BWSSB Kadabesanahalli, Bengaluru - CPCB",14-12-2025 23:00,12.9352049,77.6814488,CO,9,36,26
India,Kerala,Thiruvananthapuram,"Kariavattom, Thiruvananthapuram - Kerala PCB",14-12-2025 23:00,8.5637,76.8865,OZONE,36,37,36
India,Maharashtra,Kolhapur,"Sinchan Bhavan, Kolhapur - MPCB",14-12-2025 23:00,16.7143745,74.2426398,SO2,1,11,4
India,Maharashtra,Kolhapur,"Sinchan Bhavan, Kolhapur - MPCB",14-12-2025 23:00,16.7143745,74.2426398,CO,35,91,58
India,Maharashtra,Kolhapur,"Sinchan Bhavan, Kolhapur - MPCB",14-12-2025 23:00,16.7143745,74.2426398,OZONE,1,47,26
India,Maharashtra,Latur,"Sawe Wadi, Latur - MPCB",14-12-2025 23:00,18.39963,76.57452,PM10,57,107,84
India,Maharashtra,Latur,"Sawe Wadi, Latur - MPCB",14-12-2025 23:00,18.39963,76.57452,NO2,18,65,35
India,Maharashtra,Latur,"Sawe Wadi, Latur - MPCB",14-12-2025 23:00,18.39963,76.57452,SO2,1,23,10
India,Maharashtra,Latur,"Sawe Wadi, Latur - MPCB",14-12-2025 23:00,18.39963,76.57452,OZONE,27,134,80
India,Maharashtra,Mahad,"Kamble Tarf Birwadi, Mahad - MPCB",14-12-2025 23:00,18.1023399,73.4783687,NH3,5,5,5
India,Maharashtra,Mahad,"Kamble Tarf Birwadi, Mahad - MPCB",14-12-2025 23:00,18.1023399,73.4783687,CO,38,66,54
India,Maharashtra,Malegaon,"Mahesh Nagar, Malegaon - MPCB",14-12-2025 23:00,20.555712,74.529236,CO,18,100,60
India,Maharashtra,Amravati,"Shri Shivaji Science College, Amravati - MPCB",14-12-2025 23:00,20.939198,77.765701,SO2,1,78,12
India,Maharashtra,Aurangabad,"More Chowk Waluj, Aurangabad - MPCB",14-12-2025 23:00,19.8389439,75.244448,NO2,15,21,18
India,Maharashtra,Aurangabad,"More Chowk Waluj, Aurangabad - MPCB",14-12-2025 23:00,19.8389439,75.244448,SO2,14,28,19
India,Maharashtra,Aurangabad,"More Chowk Waluj, Aurangabad - MPCB",14-12-2025 23:00,19.8389439,75.244448,OZONE,7,109,46
India,Maharashtra,Aurangabad,"Rachnakar Colony, Aurangabad - MPCB",14-12-2025 23:00,19.863756,75.321188,PM10,74,223,119
India,Maharashtra,Aurangabad,"Rachnakar Colony, Aurangabad - MPCB",14-12-2025 23:00,19.863756,75.321188,SO2,7,28,16
India,Maharashtra,Badlapur,"Katrap, Badlapur - MPCB",14-12-2025 23:00,19.16485,73.23409,PM2.5,47,196,90
India,Madhya Pradesh,Katni,"Gole Bazar, Katni - MPPCB",14-12-2025 23:00,23.50016,80.23284,OZONE,10,110,53
India,Madhya Pradesh,Maihar,"Sahilara, Maihar - KJS Cements",14-12-2025 23:00,24.2613009,80.7231783,PM10,89,168,136
India,Madhya Pradesh,Maihar,"Sahilara, Maihar - KJS Cements",14-12-2025 23:00,24.2613009,80.7231783,NO2,76,115,86
India,Madhya Pradesh,Mandideep,"Sector-D Industrial Area, Mandideep - MPPCB",14-12-2025 23:00,23.10844,77.511428,PM10,103,500,226
India,Madhya Pradesh,Mandideep,"Sector-D Industrial Area, Mandideep - MPPCB",14-12-2025 23:00,23.10844,77.511428,NH3,1,8,4
India,Madhya Pradesh,Pithampur,"Sector-2 Industrial Area, Pithampur - MPPCB",14-12-2025 23:00,22.624758,75.675238,NH3,2,3,2
India,Maharashtra,Ahmednagar,"Tarakpur, Ahmednagar - MPCB",14-12-2025 23:00,19.10122,74.73339,OZONE,2,97,42
India,Maharashtra,Akola,"Ramdaspeth, Akola - MPCB",14-12-2025 23:00,20.719516,77.000253,NH3,4,6,5
India,Maharashtra,Akola,"Ramdaspeth, Akola - MPCB",14-12-2025 23:00,20.719516,77.000253,SO2,8,24,14
India,Maharashtra,Amravati,"Shivneri Colony, Amravati - MPCB",14-12-2025 23:00,20.9402359,77.7895248,SO2,21,54,26
India,Maharashtra,Amravati,"Shri Shivaji Science College, Amravati - MPCB",14-12-2025 23:00,20.939198,77.765701,NO2,5,95,34
India,Maharashtra,Amravati,"Shri Shivaji Science College, Amravati - MPCB",14-12-2025 23:00,20.939198,77.765701,NH3,1,18,4
India,Madhya Pradesh,Jabalpur,"Govindh Bhavan Colony, Jabalpur - JMC",14-12-2025 23:00,23.163174,79.973061,CO,40,64,50
India,Madhya Pradesh,Jabalpur,"Gupteshwar, Jabalpur - JMC",14-12-2025 23:00,23.142888,79.916147,OZONE,1,136,26
India,Madhya Pradesh,Jabalpur,"Suhagi, Jabalpur - JMC",14-12-2025 23:00,23.218135,79.95777,OZONE,23,24,24
India,Madhya Pradesh,Katni,"Gole Bazar, Katni - MPPCB",14-12-2025 23:00,23.50016,80.23284,PM10,108,335,170
India,Madhya Pradesh,Katni,"Gole Bazar, Katni - MPPCB",14-12-2025 23:00,23.50016,80.23284,NH3,4,5,4
India,Madhya Pradesh,Katni,"Gole Bazar, Katni - MPPCB",14-12-2025 23:00,23.50016,80.23284,SO2,23,34,27
India,Madhya Pradesh,Gwalior,"Maharaj Bada, Gwalior - MPPCB",14-12-2025 23:00,26.200388,78.147714,NH3,6,6,6
India,Madhya Pradesh,Indore,"Chhoti Gwaltoli, Indore - MPPCB",14-12-2025 23:00,22.431,75.5213,PM2.5,30,208,90
India,Madhya Pradesh,Indore,"Chhoti Gwaltoli, Indore - MPPCB",14-12-2025 23:00,22.431,75.5213,PM10,37,132,82
India,Madhya Pradesh,Jabalpur,"Govindh Bhavan Colony, Jabalpur - JMC",14-12-2025 23:00,23.163174,79.973061,PM2.5,43,183,79
India,Madhya Pradesh,Jabalpur,"Govindh Bhavan Colony, Jabalpur - JMC",14-12-2025 23:00,23.163174,79.973061,PM10,44,135,75
India,Madhya Pradesh,Sagar,"Civil Lines, Sagar - MPPCB",14-12-2025 23:00,23.838586,78.759431,SO2,4,12,7
India,Madhya Pradesh,Sagar,"Deen Dayal Nagar, Sagar - MPPCB",14-12-2025 23:00,23.8640158,78.80289321,NO2,8,114,37
India,Madhya Pradesh,Sagar,"Deen Dayal Nagar, Sagar - MPPCB",14-12-2025 23:00,23.8640158,78.80289321,SO2,5,9,7
India,Madhya Pradesh,Sagar,"Deen Dayal Nagar, Sagar - MPPCB",14-12-2025 23:00,23.8640158,78.80289321,CO,61,82,71
India,Madhya Pradesh,Singrauli,"Suryakiran Bhawan NCL, Singrauli - MPPCB",14-12-2025 23:00,24.10897,82.64558,SO2,23,30,26
India,Maharashtra,Jalna,"Old MIDC, Jalna - MPCB",14-12-2025 23:00,19.854616,75.905894,OZONE,21,72,44
India,Maharashtra,Kalyan,"Khadakpada, Kalyan - MPCB",14-12-2025 23:00,19.25292,73.142019,PM10,NA,NA,NA
India,Maharashtra,Kalyan,"Khadakpada, Kalyan - MPCB",14-12-2025 23:00,19.25292,73.142019,CO,101,107,105
India,Maharashtra,Kolhapur,"Shivaji University, Kolhapur - MPCB",14-12-2025 23:00,16.6870449,74.2505872,PM10,99,117,108
India,Maharashtra,Belapur,"CBD Belapur, Belapur - MPCB",14-12-2025 23:00,19.0243902,73.0406721,NH3,1,2,1
India,Maharashtra,Belapur,"CBD Belapur, Belapur - MPCB",14-12-2025 23:00,19.0243902,73.0406721,CO,12,56,31
India,Maharashtra,Boisar,"Khaira, Boisar - MPCB",14-12-2025 23:00,19.786089,72.757971,OZONE,30,31,31
India,Maharashtra,Chandrapur,"Chauhan Colony, Chandrapur - MPCB",14-12-2025 23:00,19.9629,79.298714,OZONE,24,24,24
India,Maharashtra,Mumbai,"Malad West, Mumbai - IITM",14-12-2025 23:00,19.19709,72.82204,PM2.5,47,173,98
India,Maharashtra,Mumbai,"Malad West, Mumbai - IITM",14-12-2025 23:00,19.19709,72.82204,NO2,16,34,25
India,Maharashtra,Mumbai,"Malad West, Mumbai - IITM",14-12-2025 23:00,19.19709,72.82204,NH3,17,36,25
India,Maharashtra,Mumbai,"Malad West, Mumbai - IITM",14-12-2025 23:00,19.19709,72.82204,OZONE,4,76,65
India,Maharashtra,Mumbai,"Mazgaon, Mumbai - IITM",14-12-2025 23:00,18.96702,72.84214,SO2,11,25,16
India,Maharashtra,Mumbai,"Mazgaon, Mumbai - IITM",14-12-2025 23:00,18.96702,72.84214,CO,2,58,33
India,Maharashtra,Mumbai,"Mindspace-Malad West, Mumbai - MPCB",14-12-2025 23:00,19.1878657,72.8304069,PM2.5,20,374,80
India,Maharashtra,Mumbai,"Mindspace-Malad West, Mumbai - MPCB",14-12-2025 23:00,19.1878657,72.8304069,PM10,34,337,101
India,Maharashtra,Mumbai,"Mindspace-Malad West, Mumbai - MPCB",14-12-2025 23:00,19.1878657,72.8304069,SO2,4,47,20
India,Maharashtra,Mumbai,"Navy Nagar-Colaba, Mumbai - IITM",14-12-2025 23:00,18.897756,72.81332,PM2.5,76,178,113
India,Maharashtra,Nagpur,"Opp GPO Civil Lines, Nagpur - MPCB",14-12-2025 23:00,21.152875,79.0517531,CO,1,123,67
India,Maharashtra,Nagpur,"Opp GPO Civil Lines, Nagpur - MPCB",14-12-2025 23:00,21.152875,79.0517531,OZONE,2,48,15
India,Maharashtra,Nanded,"Sneh Nagar, Nanded - MPCB",14-12-2025 23:00,19.173852,77.296291,PM2.5,64,221,109
India,Maharashtra,Nanded,"Sneh Nagar, Nanded - MPCB",14-12-2025 23:00,19.173852,77.296291,SO2,2,2,2
India,Maharashtra,Nashik,"Gangapur Road, Nashik - MPCB",14-12-2025 23:00,20.0073285,73.7762427,NO2,5,5,5
India,Maharashtra,Nashik,"Gangapur Road, Nashik - MPCB",14-12-2025 23:00,20.0073285,73.7762427,SO2,4,20,13
India,Maharashtra,Nashik,"Gangapur Road, Nashik - MPCB",14-12-2025 23:00,20.0073285,73.7762427,OZONE,10,28,13
India,Maharashtra,Mumbai,"Navy Nagar-Colaba, Mumbai - IITM",14-12-2025 23:00,18.897756,72.81332,NH3,6,34,14
India,Maharashtra,Mumbai,"Sewri, Mumbai - BMC",14-12-2025 23:00,19.000084,72.85673,CO,2,129,24
India,Maharashtra,Mumbai,"Siddharth Nagar-Worli, Mumbai - IITM",14-12-2025 23:00,19.000083,72.813993,NO2,47,113,75
India,Maharashtra,Mumbai,"Siddharth Nagar-Worli, Mumbai - IITM",14-12-2025 23:00,19.000083,72.813993,CO,8,54,17
India,Maharashtra,Mumbai,"Sion, Mumbai - MPCB",14-12-2025 23:00,19.047,72.8746,PM2.5,15,114,47
India,Maharashtra,Mumbai,"Bandra Kurla Complex, Mumbai - MPCB",14-12-2025 23:00,19.065931,72.862131,SO2,6,39,16
India,Maharashtra,Mumbai,"Bandra Kurla Complex, Mumbai - MPCB",14-12-2025 23:00,19.065931,72.862131,CO,1,109,68
India,Maharashtra,Mumbai,"Borivali East, Mumbai - IITM",14-12-2025 23:00,19.23241,72.86895,CO,39,92,67
India,Maharashtra,Mumbai,"Byculla, Mumbai - BMC",14-12-2025 23:00,18.9767,72.838,PM10,109,170,140
India,Maharashtra,Mumbai,"Byculla, Mumbai - BMC",14-12-2025 23:00,18.9767,72.838,OZONE,1,64,45
India,Maharashtra,Mumbai,"Ghatkopar, Mumbai - BMC",14-12-2025 23:00,19.083694,72.920967,NO2,37,105,68
India,Maharashtra,Mumbai,"Kandivali West, Mumbai - BMC",14-12-2025 23:00,19.215859,72.831718,PM2.5,70,140,91
India,Maharashtra,Mumbai,"Kandivali West, Mumbai - BMC",14-12-2025 23:00,19.215859,72.831718,PM10,101,146,122
India,Maharashtra,Mumbai,"Khindipada-Bhandup West, Mumbai - IITM",14-12-2025 23:00,19.1653323,72.922099,CO,28,60,37
India,Maharashtra,Mumbai,"Worli, Mumbai - MPCB",14-12-2025 23:00,18.9936162,72.8128113,CO,6,26,12
India,Maharashtra,Nagpur,"Ambazari, Nagpur - MPCB",14-12-2025 23:00,21.121801,79.04952,OZONE,2,79,29
India,Maharashtra,Nagpur,"Mahal, Nagpur - MPCB",14-12-2025 23:00,21.14472,79.107595,PM10,72,197,116
India,Maharashtra,Nagpur,"Mahal, Nagpur - MPCB",14-12-2025 23:00,21.14472,79.107595,NH3,4,8,5
India,Maharashtra,Mumbai,"Chakala-Andheri East, Mumbai - IITM",14-12-2025 23:00,19.11074,72.86084,SO2,5,27,16
India,Maharashtra,Mumbai,"Chakala-Andheri East, Mumbai - IITM",14-12-2025 23:00,19.11074,72.86084,OZONE,5,64,39
India,Maharashtra,Mumbai,"Colaba, Mumbai - MPCB",14-12-2025 23:00,18.91,72.82,PM2.5,38,118,67
India,Maharashtra,Mumbai,"Deonar, Mumbai - IITM",14-12-2025 23:00,19.04946,72.923,OZONE,3,33,23
India,Maharashtra,Nashik,"Hirawadi, Nashik - MPCB",14-12-2025 23:00,20.021503,73.813844,CO,26,72,48
India,Maharashtra,Nashik,"MIDC Ambad, Nashik - MPCB",14-12-2025 23:00,19.95022,73.73148,OZONE,13,85,49
India,Maharashtra,Navi Mumbai,"Kopripada-Vashi, Navi Mumbai - MPCB",14-12-2025 23:00,19.090337,73.014232,CO,13,76,33
India,Maharashtra,Navi Mumbai,"Nerul, Navi Mumbai - MPCB",14-12-2025 23:00,19.008751,73.01662,NO2,36,39,37
India,Maharashtra,Navi Mumbai,"Sector-2E Kalamboli, Navi Mumbai - MPCB",14-12-2025 23:00,19.02579,73.10297,SO2,3,14,7
India,Maharashtra,Pune,"Panchawati_Pashan, Pune - IITM",14-12-2025 23:00,18.536457,73.805454,NO2,14,63,27
India,Maharashtra,Pune,"Panchawati_Pashan, Pune - IITM",14-12-2025 23:00,18.536457,73.805454,CO,23,70,32
India,Maharashtra,Pune,"Savitribai Phule Pune University, Pune - MPCB",14-12-2025 23:00,18.547056,73.826908,PM10,31,184,108
India,Maharashtra,Pune,"Savitribai Phule Pune University, Pune - MPCB",14-12-2025 23:00,18.547056,73.826908,OZONE,21,144,107
India,Maharashtra,Pune,"Transport Nagar-Nigdi, Pune - IITM",14-12-2025 23:00,18.664282,73.763966,PM2.5,51,233,134
India,Maharashtra,Pune,"Transport Nagar-Nigdi, Pune - IITM",14-12-2025 23:00,18.664282,73.763966,CO,32,107,63
India,Maharashtra,Sangli,"Vijay Nagar, Sangli - MPCB",14-12-2025 23:00,16.5038,74.3623,PM10,75,153,119
India,Maharashtra,Sangli,"Vijay Nagar, Sangli - MPCB",14-12-2025 23:00,16.5038,74.3623,NH3,1,6,4
India,Maharashtra,Sangli,"Vijay Nagar, Sangli - MPCB",14-12-2025 23:00,16.5038,74.3623,SO2,5,23,14
India,Maharashtra,Solapur,"Dnyaneshwar Nagar, Solapur - MPCB",14-12-2025 23:00,17.6336264,75.9132495,NO2,12,123,31
India,Maharashtra,Solapur,"Dnyaneshwar Nagar, Solapur - MPCB",14-12-2025 23:00,17.6336264,75.9132495,NH3,6,52,12
India,Odisha,Baripada,"Meher Colony, Baripada - OSPCB",14-12-2025 23:00,21.941841,86.728318,NH3,1,5,4
India,Odisha,Baripada,"Meher Colony, Baripada - OSPCB",14-12-2025 23:00,21.941841,86.728318,CO,101,106,103
India,Odisha,Bhubaneswar,"Lingraj Mandir, Bhubaneswar - OSPCB",14-12-2025 23:00,20.24079,85.836784,NO2,24,147,65
India,Odisha,Bhubaneswar,"Patia, Bhubaneswar - OSPCB",14-12-2025 23:00,20.34652,85.8163,PM10,125,331,187
India,Odisha,Bhubaneswar,"Patia, Bhubaneswar - OSPCB",14-12-2025 23:00,20.34652,85.8163,SO2,4,58,15
India,Odisha,Bileipada,"Tata Township, Bileipada - OSPCB",14-12-2025 23:00,22.06156703,85.47409613,PM2.5,162,350,250
India,Odisha,Bileipada,"Tata Township, Bileipada - OSPCB",14-12-2025 23:00,22.06156703,85.47409613,PM10,148,241,175
India,Odisha,Bileipada,"Tata Township, Bileipada - OSPCB",14-12-2025 23:00,22.06156703,85.47409613,NO2,6,7,7
India,Odisha,Brajrajnagar,"GM Office, Brajrajnagar - OSPCB",14-12-2025 23:00,21.8004996,83.8396977,PM2.5,NA,NA,NA
India,Maharashtra,Pimpri-Chinchwad,"Thergaon, Pimpri Chinchwad - MPCB",14-12-2025 23:00,18.616318,73.765797,CO,30,128,80
India,Maharashtra,Pune,"Bhumkar Nagar, Pune - IITM",14-12-2025 23:00,18.60577,73.749976,OZONE,2,108,35
India,Maharashtra,Pune,"Hadapsar, Pune - IITM",14-12-2025 23:00,18.501793,73.927532,PM2.5,139,425,351
India,Maharashtra,Pune,"Hadapsar, Pune - IITM",14-12-2025 23:00,18.501793,73.927532,OZONE,10,64,36
India,Maharashtra,Pune,"Katraj Dairy, Pune - MPCB",14-12-2025 23:00,18.45445,73.854155,PM2.5,82,222,134
India,Maharashtra,Pune,"Katraj Dairy, Pune - MPCB",14-12-2025 23:00,18.45445,73.854155,PM10,92,171,136
India,Odisha,Angul,"Hakimapada, Angul - OSPCB",14-12-2025 23:00,20.832874,85.104082,NH3,5,10,8
India,Odisha,Angul,"Hakimapada, Angul - OSPCB",14-12-2025 23:00,20.832874,85.104082,SO2,3,17,8
India,Odisha,Balasore,"Kalidaspur, Balasore - OSPCB",14-12-2025 23:00,21.51161,86.89088,PM10,103,193,142
India,Odisha,Balasore,"Kalidaspur, Balasore - OSPCB",14-12-2025 23:00,21.51161,86.89088,NH3,2,4,3
India,Odisha,Balasore,"Kalidaspur, Balasore - OSPCB",14-12-2025 23:00,21.51161,86.89088,SO2,6,36,14
India,Odisha,Balasore,"Kalidaspur, Balasore - OSPCB",14-12-2025 23:00,21.51161,86.89088,OZONE,20,77,56
India,Odisha,Barbil,"Forest Office, Barbil - OSPCB",14-12-2025 23:00,22.1166054,85.3945546,PM10,113,389,163
India,Maharashtra,Solapur,"Dnyaneshwar Nagar, Solapur - MPCB",14-12-2025 23:00,17.6336264,75.9132495,OZONE,11,70,42
India,Maharashtra,Solapur,"Ratandeep Housing Society, Solapur - MPCB",14-12-2025 23:00,17.65439,75.90649,NH3,2,26,5
India,Maharashtra,Thane,"Kasarvadavali, Thane - MPCB",14-12-2025 23:00,19.26777,72.97182,SO2,3,21,9
India,Maharashtra,Ulhasnagar,"Sidhi Vinayak Nagar, Ulhasnagar - MPCB",14-12-2025 23:00,19.235581,73.159121,NO2,16,35,25
India,Maharashtra,Ulhasnagar,"Sidhi Vinayak Nagar, Ulhasnagar - MPCB",14-12-2025 23:00,19.235581,73.159121,CO,5,106,44
India,Odisha,Rairangpur,"Divisional Forest Office, Rairangpur - OSPCB",14-12-2025 23:00,22.265816,86.174829,CO,41,99,69
India,Odisha,Rourkela,"Fertilizer Township, Rourkela - OSPCB",14-12-2025 23:00,22.18972222,84.86277778,SO2,8,10,9
India,Odisha,Rourkela,"Raghunathpali, Rourkela - OSPCB",14-12-2025 23:00,22.220833,84.809444,OZONE,5,7,6
India,Odisha,Suakati,"OMC Colony, Suakati - OSPCB",14-12-2025 23:00,21.606865,85.510538,PM10,12,133,92
India,Odisha,Suakati,"OMC Colony, Suakati - OSPCB",14-12-2025 23:00,21.606865,85.510538,OZONE,18,20,19
India,Maharashtra,Virar,"Bolinj, Virar - MPCB",14-12-2025 23:00,19.445821,72.7988231,PM2.5,57,345,164
India,Maharashtra,Virar,"Bolinj, Virar - MPCB",14-12-2025 23:00,19.445821,72.7988231,NO2,13,99,51
India,Meghalaya,Shillong,"Lumpyngngad, Shillong - Meghalaya PCB",14-12-2025 23:00,25.5586,91.8985,NO2,NA,NA,NA
India,Mizoram,Aizawl,"Sikulpuikawn, Aizawl - Mizoram PCB",14-12-2025 23:00,23.7176342,92.7192841,PM2.5,36,39,38
India,Mizoram,Aizawl,"Sikulpuikawn, Aizawl - Mizoram PCB",14-12-2025 23:00,23.7176342,92.7192841,PM10,34,37,36
India,Odisha,Byasanagar,"Ferro Chrome Colony, Byasanagar - OSPCB",14-12-2025 23:00,20.94185,86.1151,PM10,NA,NA,NA
India,Odisha,Cuttack,"CDA Area, Cuttack - OSPCB",14-12-2025 23:00,20.48891,85.84768,NO2,26,149,67
India,Odisha,Cuttack,"CDA Area, Cuttack - OSPCB",14-12-2025 23:00,20.48891,85.84768,NH3,5,8,6
India,Odisha,Keonjhar,"Jagamohanpur, Keonjhar - OSPCB",14-12-2025 23:00,21.6439,85.599355,PM2.5,60,147,74
India,Odisha,Keonjhar,"Jagamohanpur, Keonjhar - OSPCB",14-12-2025 23:00,21.6439,85.599355,CO,1,108,42
India,Maharashtra,Pimpri-Chinchwad,"Gavalinagar, Pimpri Chinchwad - MPCB",14-12-2025 23:00,18.63673,73.82487,SO2,1,7,3
India,Maharashtra,Pimpri-Chinchwad,"Park Street Wakad, Pimpri Chinchwad - MPCB",14-12-2025 23:00,18.59051,73.77946,NH3,2,7,4
India,Maharashtra,Pimpri-Chinchwad,"Park Street Wakad, Pimpri Chinchwad - MPCB",14-12-2025 23:00,18.59051,73.77946,SO2,3,19,9
India,Maharashtra,Pimpri-Chinchwad,"Park Street Wakad, Pimpri Chinchwad - MPCB",14-12-2025 23:00,18.59051,73.77946,OZONE,2,92,43
India,Maharashtra,Pimpri-Chinchwad,"Thergaon, Pimpri Chinchwad - MPCB",14-12-2025 23:00,18.616318,73.765797,PM10,92,441,217
India,Rajasthan,Jaipur,"Adarsh Nagar, Jaipur - RSPCB",14-12-2025 23:00,26.902909,75.836858,NH3,11,32,18
India,Rajasthan,Jaipur,"Adarsh Nagar, Jaipur - RSPCB",14-12-2025 23:00,26.902909,75.836858,OZONE,15,85,43
India,Rajasthan,Jaipur,"Mansarovar Sector-12, Jaipur - RSPCB",14-12-2025 23:00,26.843698,75.766894,PM2.5,58,343,159
India,Rajasthan,Jaipur,"Mansarovar Sector-12, Jaipur - RSPCB",14-12-2025 23:00,26.843698,75.766894,PM10,84,447,176
India,Rajasthan,Jaipur,"Mansarovar Sector-12, Jaipur - RSPCB",14-12-2025 23:00,26.843698,75.766894,NH3,13,19,16
India,Rajasthan,Jaipur,"Police Commissionerate, Jaipur - RSPCB",14-12-2025 23:00,26.9164092,75.7994901,NH3,6,77,19
India,Rajasthan,Jaipur,"Police Commissionerate, Jaipur - RSPCB",14-12-2025 23:00,26.9164092,75.7994901,SO2,15,17,16
India,Rajasthan,Jaipur,"RIICO Sitapura, Jaipur - RSPCB",14-12-2025 23:00,26.786682,75.827928,SO2,3,7,4
India,Rajasthan,Jaipur,"RIICO Sitapura, Jaipur - RSPCB",14-12-2025 23:00,26.786682,75.827928,OZONE,30,111,45
India,Rajasthan,Jaipur,"Sector-2 Murlipura, Jaipur - RSPCB",14-12-2025 23:00,26.960669,75.771817,PM2.5,104,315,209
India,Rajasthan,Churu,"Subash Chowk, Churu - RSPCB",14-12-2025 23:00,28.296139,74.961696,NO2,19,111,38
India,Rajasthan,Churu,"Subash Chowk, Churu - RSPCB",14-12-2025 23:00,28.296139,74.961696,CO,18,95,44
India,Rajasthan,Dausa,"Khatikan Mohalla, Dausa - RSPCB",14-12-2025 23:00,26.895552,76.334753,NO2,12,136,52
India,Rajasthan,Dausa,"Khatikan Mohalla, Dausa - RSPCB",14-12-2025 23:00,26.895552,76.334753,SO2,4,9,6
India,Rajasthan,Dholpur,"Raja Ganj, Dholpur - RSPCB",14-12-2025 23:00,26.699557,77.898881,NO2,10,52,31
India,Rajasthan,Dholpur,"Raja Ganj, Dholpur - RSPCB",14-12-2025 23:00,26.699557,77.898881,SO2,1,23,10
India,Rajasthan,Dholpur,"Raja Ganj, Dholpur - RSPCB",14-12-2025 23:00,26.699557,77.898881,OZONE,16,76,35
India,Rajasthan,Dungarpur,"Bhoiwada, Dungarpur - RSPCB",14-12-2025 23:00,23.837789,73.714926,CO,1,66,43
India,Rajasthan,Jaipur,"Adarsh Nagar, Jaipur - RSPCB",14-12-2025 23:00,26.902909,75.836858,PM2.5,68,325,149
India,Rajasthan,Jaipur,"Sector-2 Murlipura, Jaipur - RSPCB",14-12-2025 23:00,26.960669,75.771817,PM10,88,283,147
India,Rajasthan,Jaipur,"Sector-2 Murlipura, Jaipur - RSPCB",14-12-2025 23:00,26.960669,75.771817,NH3,5,11,9
India,Rajasthan,Jaipur,"Sector-2 Murlipura, Jaipur - RSPCB",14-12-2025 23:00,26.960669,75.771817,OZONE,3,104,32
India,Rajasthan,Jaipur,"Shastri Nagar, Jaipur - RSPCB",14-12-2025 23:00,26.9502929,75.730943,PM2.5,77,356,183
India,Rajasthan,Jaipur,"Shastri Nagar, Jaipur - RSPCB",14-12-2025 23:00,26.9502929,75.730943,SO2,1,41,18
India,Rajasthan,Jaipur,"Shastri Nagar, Jaipur - RSPCB",14-12-2025 23:00,26.9502929,75.730943,CO,16,183,115
India,Rajasthan,Jaisalmer,"Sadar Bazar, Jaisalmer - RSPCB",14-12-2025 23:00,26.912329,70.909168,PM2.5,22,367,193
India,Rajasthan,Jaisalmer,"Sadar Bazar, Jaisalmer - RSPCB",14-12-2025 23:00,26.912329,70.909168,NH3,11,21,16
India,Rajasthan,Jaisalmer,"Sadar Bazar, Jaisalmer - RSPCB",14-12-2025 23:00,26.912329,70.909168,OZONE,10,72,54
India,Odisha,Talcher,"Talcher Coalfields,Talcher - OSPCB",14-12-2025 23:00,20.9360711,85.1707021,NH3,6,8,6
India,Odisha,Tensa,"Barsua Iron Ore Mines, Tensa - OSPCB",14-12-2025 23:00,21.869985,85.167016,OZONE,19,62,33
India,Puducherry,Puducherry,"Jawahar Nagar, Puducherry - PPCC",14-12-2025 23:00,11.9309,79.8027,SO2,5,10,8
India,Punjab,Amritsar,"Golden Temple, Amritsar - PPCB",14-12-2025 23:00,31.62,74.876512,PM10,103,144,118
India,Punjab,Bathinda,"Hardev Nagar, Bathinda - PPCB",14-12-2025 23:00,30.233011,74.907758,PM2.5,NA,NA,NA
India,Punjab,Bathinda,"Hardev Nagar, Bathinda - PPCB",14-12-2025 23:00,30.233011,74.907758,PM10,NA,NA,NA
India,Rajasthan,Barmer,"Railway Colony, Barmer - RSPCB",14-12-2025 23:00,25.747299,71.393989,PM2.5,23,100,52
India,Rajasthan,Barmer,"Railway Colony, Barmer - RSPCB",14-12-2025 23:00,25.747299,71.393989,OZONE,15,80,48
India,Rajasthan,Bharatpur,"Krishna Nagar, Bharatpur - RSPCB",14-12-2025 23:00,27.215415,77.50873,NO2,35,70,48
India,Rajasthan,Bhilwara,"Pratap Nagar, Bhilwara - RSPCB",14-12-2025 23:00,25.339605,74.618883,PM2.5,43,305,138
India,Rajasthan,Bhilwara,"Pratap Nagar, Bhilwara - RSPCB",14-12-2025 23:00,25.339605,74.618883,NH3,8,18,13
India,Rajasthan,Bhiwadi,"RIICO Ind. Area III, Bhiwadi - RSPCB",14-12-2025 23:00,28.194909,76.862296,PM2.5,NA,NA,NA
India,Rajasthan,Bhiwadi,"RIICO Ind. Area III, Bhiwadi - RSPCB",14-12-2025 23:00,28.194909,76.862296,SO2,NA,NA,NA
India,Punjab,Patiala,"Model Town, Patiala - PPCB",14-12-2025 23:00,30.349388,76.366642,SO2,6,22,14
India,Rajasthan,Ajmer,"Civil Lines,  Ajmer - RSPCB",14-12-2025 23:00,26.470859,74.646594,OZONE,3,6,3
India,Rajasthan,Alwar,"Moti Doongri, Alwar - RSPCB",14-12-2025 23:00,27.554793,76.611536,CO,36,105,76
India,Rajasthan,Bhiwadi,"Vasundhara Nagar_UIT, Bhiwadi - RSPCB",14-12-2025 23:00,28.207266,76.829265,NO2,34,166,92
India,Rajasthan,Bhiwadi,"Vasundhara Nagar_UIT, Bhiwadi - RSPCB",14-12-2025 23:00,28.207266,76.829265,CO,52,118,101
India,Rajasthan,Bundi,"New Colony, Bundi - RSPCB",14-12-2025 23:00,25.435774,75.644272,PM10,37,105,76
India,Punjab,Ludhiana,"Punjab Agricultural University, Ludhiana - PPCB",14-12-2025 23:00,30.9028,75.8086,CO,30,72,46
India,Punjab,Patiala,"Model Town, Patiala - PPCB",14-12-2025 23:00,30.349388,76.366642,PM10,106,188,132
India,Rajasthan,Jodhpur,"Collectorate, Jodhpur - RSPCB",14-12-2025 23:00,26.268249,73.0193853,SO2,2,25,13
India,Rajasthan,Jodhpur,"Collectorate, Jodhpur - RSPCB",14-12-2025 23:00,26.268249,73.0193853,OZONE,5,80,40
India,Rajasthan,Jodhpur,"Digari Kalan, Jodhpur - RSPCB",14-12-2025 23:00,26.29581,73.082283,CO,18,120,28
India,Rajasthan,Sawai Madhopur,"Sahu Nagar, Sawai Madhopur - RSPCB",14-12-2025 23:00,26.031443,76.359327,OZONE,1,130,47
India,Rajasthan,Sikar,"Radhakishan Pura, Sikar - RSPCB",14-12-2025 23:00,27.608912,75.153302,NO2,19,150,55
India,Rajasthan,Sikar,"Radhakishan Pura, Sikar - RSPCB",14-12-2025 23:00,27.608912,75.153302,NH3,10,19,14
India,Rajasthan,Sikar,"Radhakishan Pura, Sikar - RSPCB",14-12-2025 23:00,27.608912,75.153302,SO2,4,16,7
India,Rajasthan,Sikar,"Radhakishan Pura, Sikar - RSPCB",14-12-2025 23:00,27.608912,75.153302,OZONE,6,116,40
India,Rajasthan,Sirohi,"Vedhaynath Colony, Sirohi - RSPCB",14-12-2025 23:00,24.885261,72.857549,PM2.5,35,240,77
India,Rajasthan,Sirohi,"Vedhaynath Colony, Sirohi - RSPCB",14-12-2025 23:00,24.885261,72.857549,PM10,55,186,94
India,Rajasthan,Sirohi,"Vedhaynath Colony, Sirohi - RSPCB",14-12-2025 23:00,24.885261,72.857549,NH3,2,5,4
India,Rajasthan,Sirohi,"Vedhaynath Colony, Sirohi - RSPCB",14-12-2025 23:00,24.885261,72.857549,CO,14,60,36
India,Rajasthan,Sri Ganganagar,"Old City, Sri Ganganagar - RSPCB",14-12-2025 23:00,29.931624,73.864511,PM2.5,45,140,85
India,Rajasthan,Sri Ganganagar,"Old City, Sri Ganganagar - RSPCB",14-12-2025 23:00,29.931624,73.864511,NO2,38,133,77
India,Rajasthan,Sri Ganganagar,"Old City, Sri Ganganagar - RSPCB",14-12-2025 23:00,29.931624,73.864511,NH3,2,20,5
India,Rajasthan,Tonk,"Shastri Nagar, Tonk - RSPCB",14-12-2025 23:00,26.159933,75.780517,PM2.5,47,408,154
India,Rajasthan,Tonk,"Shastri Nagar, Tonk - RSPCB",14-12-2025 23:00,26.159933,75.780517,NH3,2,30,10
India,TamilNadu,Cuddalore,"Semmandalam, Cuddalore - TNPCB",14-12-2025 23:00,11.7637683,79.7499835,NO2,4,22,9
India,TamilNadu,Cuddalore,"Semmandalam, Cuddalore - TNPCB",14-12-2025 23:00,11.7637683,79.7499835,OZONE,1,3,2
India,TamilNadu,Gummidipoondi,"Anthoni Pillai Nagar, Gummidipoondi - TNPCB",14-12-2025 23:00,13.4127,80.1081,NO2,1,4,2
India,TamilNadu,Karur,"Kamadenu Nagar, Karur - TNPCB",14-12-2025 23:00,10.96782,78.080882,PM2.5,52,102,74
India,TamilNadu,Madurai,"Uchapatti, Madurai - TNPCB",14-12-2025 23:00,9.865935,78.022669,PM10,53,126,78
India,TamilNadu,Madurai,"Uchapatti, Madurai - TNPCB",14-12-2025 23:00,9.865935,78.022669,NO2,7,7,7
India,TamilNadu,Madurai,"Uchapatti, Madurai - TNPCB",14-12-2025 23:00,9.865935,78.022669,SO2,36,39,37
India,TamilNadu,Nagapattinam,"Velippalayam, Nagapattinam - TNPCB",14-12-2025 23:00,10.798548,79.838212,NH3,NA,NA,NA
India,Rajasthan,Nagaur,"Karni Colony, Nagaur - RSPCB",14-12-2025 23:00,27.213494,73.734444,SO2,1,15,8
India,Rajasthan,Pali,"Indira Colony Vistar, Pali - RSPCB",14-12-2025 23:00,25.771061,73.340227,PM2.5,103,313,199
India,Rajasthan,Pali,"Indira Colony Vistar, Pali - RSPCB",14-12-2025 23:00,25.771061,73.340227,OZONE,5,40,21
India,Rajasthan,Pratapgarh,"Pragati Nagar, Pratapgarh - RSPCB",14-12-2025 23:00,24.041198,74.780702,PM10,47,101,75
India,Rajasthan,Pratapgarh,"Pragati Nagar, Pratapgarh - RSPCB",14-12-2025 23:00,24.041198,74.780702,NO2,17,38,24
India,Rajasthan,Rajsamand,"Dhoinda, Rajsamand - RSPCB",14-12-2025 23:00,25.03636,73.883502,NO2,NA,NA,NA
India,Rajasthan,Rajsamand,"Dhoinda, Rajsamand - RSPCB",14-12-2025 23:00,25.03636,73.883502,SO2,NA,NA,NA
India,Rajasthan,Sawai Madhopur,"Sahu Nagar, Sawai Madhopur - RSPCB",14-12-2025 23:00,26.031443,76.359327,PM10,56,221,120
India,TamilNadu,Chennai,"Kodungaiyur, Chennai - TNPCB",14-12-2025 23:00,13.1278,80.2642,CO,2,30,23
India,TamilNadu,Chennai,"Manali Village, Chennai - TNPCB",14-12-2025 23:00,13.1662,80.2584,PM2.5,68,101,88
India,TamilNadu,Chennai,"Manali Village, Chennai - TNPCB",14-12-2025 23:00,13.1662,80.2584,SO2,12,14,13
India,TamilNadu,Chennai,"Manali Village, Chennai - TNPCB",14-12-2025 23:00,13.1662,80.2584,CO,38,46,40
India,TamilNadu,Chennai,"Manali, Chennai - CPCB",14-12-2025 23:00,13.164544,80.26285,PM10,NA,NA,NA
India,TamilNadu,Chennai,"Manali, Chennai - CPCB",14-12-2025 23:00,13.164544,80.26285,NO2,NA,NA,NA
India,TamilNadu,Chennai,"Manali, Chennai - CPCB",14-12-2025 23:00,13.164544,80.26285,OZONE,NA,NA,NA
India,TamilNadu,Chennai,"Perungudi, Chennai - TNPCB",14-12-2025 23:00,12.9533,80.2357,NO2,3,9,6
India,TamilNadu,Chennai,"Royapuram, Chennai - TNPCB",14-12-2025 23:00,13.1036,80.2909,NO2,13,31,20
India,TamilNadu,Chennai,"Royapuram, Chennai - TNPCB",14-12-2025 23:00,13.1036,80.2909,NH3,5,6,5
India,TamilNadu,Chennai,"Royapuram, Chennai - TNPCB",14-12-2025 23:00,13.1036,80.2909,OZONE,17,19,17
India,TamilNadu,Chennai,"Velachery Res. Area, Chennai - CPCB",14-12-2025 23:00,13.0052189,80.2398125,NH3,3,4,4
India,TamilNadu,Coimbatore,"PSG College of Arts and Science, Coimbatore - TNPCB",14-12-2025 23:00,11.0328,77.0349,PM10,59,117,85
India,TamilNadu,Cuddalore,"Kudikadu, Cuddalore - TNPCB",14-12-2025 23:00,11.6829898,79.7532099,SO2,19,20,20
India,TamilNadu,Cuddalore,"Kudikadu, Cuddalore - TNPCB",14-12-2025 23:00,11.6829898,79.7532099,OZONE,12,14,13
India,TamilNadu,Cuddalore,"Semmandalam, Cuddalore - TNPCB",14-12-2025 23:00,11.7637683,79.7499835,PM2.5,49,161,84
India,Rajasthan,Karauli,"Satyawati Vihar, Karauli - RSPCB",14-12-2025 23:00,26.506177,77.025989,CO,60,107,90
India,Rajasthan,Kota,"Dhanmandi, Kota - RSPCB",14-12-2025 23:00,25.16409,75.858137,NH3,4,10,7
India,Rajasthan,Kota,"Nayapura, Kota - RSPCB",14-12-2025 23:00,25.196024,75.855668,SO2,3,53,9
India,Rajasthan,Kota,"Nayapura, Kota - RSPCB",14-12-2025 23:00,25.196024,75.855668,CO,24,122,66
India,Rajasthan,Kota,"Nayapura, Kota - RSPCB",14-12-2025 23:00,25.196024,75.855668,OZONE,3,177,60
India,Rajasthan,Kota,"Shrinath Puram, Kota - RSPCB",14-12-2025 23:00,25.14389,75.821256,PM10,71,180,119
India,Rajasthan,Kota,"Shrinath Puram, Kota - RSPCB",14-12-2025 23:00,25.14389,75.821256,NO2,13,16,15
India,Rajasthan,Kota,"Shrinath Puram, Kota - RSPCB",14-12-2025 23:00,25.14389,75.821256,OZONE,8,22,16
India,TamilNadu,Ooty,"Bombay Castel, Ooty - TNPCB",14-12-2025 23:00,11.4068288,76.7138973,NO2,3,4,3
India,TamilNadu,Pudukottai,"SIPCOT Nathampannai, Pudukottai - TNPCB",14-12-2025 23:00,10.423417,78.784889,PM2.5,41,78,59
India,TamilNadu,Ramanathapuram,"Chalai Bazaar, Ramanathapuram - TNPCB",14-12-2025 23:00,9.36399,78.831977,PM10,29,73,52
India,TamilNadu,Thanjavur,"Parisutham Nagar, Thanjavur - TNPCB",14-12-2025 23:00,10.7654824,79.1389968,NO2,2,4,3
India,Rajasthan,Jodhpur,"Jhalamand, Jodhpur - RSPCB",14-12-2025 23:00,26.215415,73.070156,SO2,3,18,7
India,Rajasthan,Jodhpur,"Jhalamand, Jodhpur - RSPCB",14-12-2025 23:00,26.215415,73.070156,CO,14,91,42
India,Rajasthan,Jodhpur,"Jhalamand, Jodhpur - RSPCB",14-12-2025 23:00,26.215415,73.070156,OZONE,4,161,71
India,Rajasthan,Jodhpur,"Samrat Ashok Udhyan, Jodhpur - RSPCB",14-12-2025 23:00,26.253384,72.976571,NO2,18,111,59
India,Rajasthan,Jodhpur,"Samrat Ashok Udhyan, Jodhpur - RSPCB",14-12-2025 23:00,26.253384,72.976571,NH3,3,9,6
India,Rajasthan,Udaipur,"Ashok Nagar, Udaipur - RSPCB",14-12-2025 23:00,24.5886166,73.6321397,PM2.5,52,299,127
India,Rajasthan,Udaipur,"Ashok Nagar, Udaipur - RSPCB",14-12-2025 23:00,24.5886166,73.6321397,NH3,3,23,10
India,Sikkim,Gangtok,"Zero Point GICI, Gangtok - SSPCB",14-12-2025 23:00,27.33853,88.614099,CO,2,8,5
India,Uttar_Pradesh,Agra,"Shahjahan Garden, Agra - UPPCB",14-12-2025 23:00,27.169338,78.03582,PM10,130,429,210
India,Uttar_Pradesh,Agra,"Shastripuram, Agra - UPPCB",14-12-2025 23:00,27.19862,77.92066,NO2,41,42,42
India,Uttar_Pradesh,Agra,"Shastripuram, Agra - UPPCB",14-12-2025 23:00,27.19862,77.92066,CO,27,66,40
India,Uttar_Pradesh,Baghpat,"Sardar Patel Inter College, Baghpat - UPPCB",14-12-2025 23:00,28.964949,77.278761,NH3,2,10,4
India,Uttar_Pradesh,Baghpat,"Sardar Patel Inter College, Baghpat - UPPCB",14-12-2025 23:00,28.964949,77.278761,SO2,12,39,20
India,Uttar_Pradesh,Bareilly,"Civil Lines, Bareilly - UPPCB",14-12-2025 23:00,28.359581,79.414455,CO,52,124,73
India,Uttar_Pradesh,Ghaziabad,"Sanjay Nagar, Ghaziabad - UPPCB",14-12-2025 23:00,28.685382,77.453839,OZONE,9,51,19
India,Uttar_Pradesh,Ghaziabad,"Vasundhara, Ghaziabad - UPPCB",14-12-2025 23:00,28.6603346,77.3572563,PM2.5,442,500,490
India,Uttar_Pradesh,Gorakhpur,"Madan Mohan Malaviya University of Technology, Gorakhpur - UPPCB",14-12-2025 23:00,26.730136,83.433859,NH3,1,1,1
India,Uttar_Pradesh,Greater Noida,"Knowledge Park - V, Greater Noida - UPPCB",14-12-2025 23:00,28.557054,77.453663,PM10,237,500,396
India,Uttar_Pradesh,Greater Noida,"Knowledge Park - V, Greater Noida - UPPCB",14-12-2025 23:00,28.557054,77.453663,NH3,22,35,28
India,Uttar_Pradesh,Jhansi,"Shivaji Nagar, Jhansi - UPPCB",14-12-2025 23:00,25.4547,78.6039,PM2.5,63,204,113
India,Uttar_Pradesh,Jhansi,"Shivaji Nagar, Jhansi - UPPCB",14-12-2025 23:00,25.4547,78.6039,PM10,65,138,100
India,Uttar_Pradesh,Jhansi,"Shivaji Nagar, Jhansi - UPPCB",14-12-2025 23:00,25.4547,78.6039,NH3,4,4,4
India,Uttar_Pradesh,Kanpur,"FTI Kidwai Nagar, Kanpur - UPPCB",14-12-2025 23:00,26.428282,80.327067,PM2.5,58,327,179
India,Uttar_Pradesh,Kanpur,"FTI Kidwai Nagar, Kanpur - UPPCB",14-12-2025 23:00,26.428282,80.327067,CO,42,92,48
India,Uttar_Pradesh,Kanpur,"NSI Kalyanpur, Kanpur - UPPCB",14-12-2025 23:00,26.509954,80.249612,PM2.5,59,367,174
India,Uttar_Pradesh,Kanpur,"NSI Kalyanpur, Kanpur - UPPCB",14-12-2025 23:00,26.509954,80.249612,NO2,22,22,22
India,Uttar_Pradesh,Bareilly,"Rajendra Nagar, Bareilly - UPPCB",14-12-2025 23:00,28.38910936,79.42963708,CO,10,56,22
India,Uttar_Pradesh,Firozabad,"Nagla Bhau, Firozabad - UPPCB",14-12-2025 23:00,27.168897,78.37696,NH3,2,2,2
India,Uttar_Pradesh,Ghaziabad,"Indirapuram, Ghaziabad - UPPCB",14-12-2025 23:00,28.646233,77.358075,SO2,34,54,45
India,Uttar_Pradesh,Ghaziabad,"Indirapuram, Ghaziabad - UPPCB",14-12-2025 23:00,28.646233,77.358075,CO,60,175,175
India,Uttar_Pradesh,Ghaziabad,"Sanjay Nagar, Ghaziabad - UPPCB",14-12-2025 23:00,28.685382,77.453839,PM10,204,485,366
India,TamilNadu,Thoothukudi,"Meelavittan, Thoothukudi - TNPCB",14-12-2025 23:00,8.816428,78.099039,SO2,1,17,12
India,TamilNadu,Tirunelveli,"Municipal Corporation Office, Tirunelveli - TNPCB",14-12-2025 23:00,8.728442,77.6962,OZONE,6,7,6
India,Telangana,Hyderabad,"Bollaram Industrial Area, Hyderabad - TSPCB",14-12-2025 23:00,17.540891,78.358528,NO2,18,44,31
India,Telangana,Hyderabad,"Bollaram Industrial Area, Hyderabad - TSPCB",14-12-2025 23:00,17.540891,78.358528,NH3,2,6,4
India,Telangana,Hyderabad,"Bollaram Industrial Area, Hyderabad - TSPCB",14-12-2025 23:00,17.540891,78.358528,OZONE,43,57,51
India,Telangana,Hyderabad,"Kompally Municipal Office, Hyderabad - TSPCB",14-12-2025 23:00,17.544899,78.486949,SO2,NA,NA,NA
India,Telangana,Hyderabad,"Kompally Municipal Office, Hyderabad - TSPCB",14-12-2025 23:00,17.544899,78.486949,CO,12,14,12
India,Telangana,Hyderabad,"Nacharam_TSIIC IALA, Hyderabad - TSPCB",14-12-2025 23:00,17.429398,78.569354,OZONE,16,32,28
India,Telangana,Hyderabad,"New Malakpet, Hyderabad - TSPCB",14-12-2025 23:00,17.37206,78.50864,PM2.5,35,77,53
India,Telangana,Hyderabad,"New Malakpet, Hyderabad - TSPCB",14-12-2025 23:00,17.37206,78.50864,NH3,3,4,3
India,Telangana,Hyderabad,"New Malakpet, Hyderabad - TSPCB",14-12-2025 23:00,17.37206,78.50864,CO,30,42,36
India,Telangana,Hyderabad,"Sanathnagar, Hyderabad - TSPCB",14-12-2025 23:00,17.4559458,78.4332152,NO2,23,29,27
India,Telangana,Hyderabad,"Sanathnagar, Hyderabad - TSPCB",14-12-2025 23:00,17.4559458,78.4332152,OZONE,10,16,14
India,Tripura,Agartala,"Bardowali, Agartala - Tripura SPCB",14-12-2025 23:00,23.8175497,91.2726974,NH3,5,6,6
India,Tripura,Agartala,"Bardowali, Agartala - Tripura SPCB",14-12-2025 23:00,23.8175497,91.2726974,OZONE,2,4,2
India,Uttar_Pradesh,Agra,"Manoharpur, Agra - UPPCB",14-12-2025 23:00,27.23711,78.01936,PM2.5,72,314,234
India,Telangana,Hyderabad,"Central University, Hyderabad - TSPCB",14-12-2025 23:00,17.460103,78.334361,NO2,25,52,36
India,Telangana,Hyderabad,"ECIL Kapra, Hyderabad - TSPCB",14-12-2025 23:00,17.470431,78.566959,CO,16,48,31
India,Telangana,Hyderabad,"ECIL Kapra, Hyderabad - TSPCB",14-12-2025 23:00,17.470431,78.566959,OZONE,14,39,31
India,Telangana,Hyderabad,"IITH Kandi, Hyderabad - TSPCB",14-12-2025 23:00,17.585705,78.126199,PM2.5,54,94,77
India,Telangana,Hyderabad,"IITH Kandi, Hyderabad - TSPCB",14-12-2025 23:00,17.585705,78.126199,SO2,8,9,8
India,Telangana,Hyderabad,"IITH Kandi, Hyderabad - TSPCB",14-12-2025 23:00,17.585705,78.126199,CO,8,40,13
India,Uttar_Pradesh,Agra,"Rohta, Agra - UPPCB",14-12-2025 23:00,27.106972,78.000111,PM2.5,90,393,208
India,Uttar_Pradesh,Agra,"Rohta, Agra - UPPCB",14-12-2025 23:00,27.106972,78.000111,PM10,125,440,210
India,Uttar_Pradesh,Agra,"Rohta, Agra - UPPCB",14-12-2025 23:00,27.106972,78.000111,OZONE,14,16,15
India,Uttar_Pradesh,Agra,"Sanjay Palace, Agra - UPPCB",14-12-2025 23:00,27.19865833,78.00598056,CO,28,48,33
India,Uttar_Pradesh,Agra,"Sector-3B Avas Vikas Colony, Agra - UPPCB",14-12-2025 23:00,27.19412,77.96237,PM10,127,352,212
India,Uttar_Pradesh,Lucknow,"Kukrail Picnic Spot-1, Lucknow - UPPCB",14-12-2025 23:00,26.90723,80.98579,PM2.5,43,277,114
India,Uttar_Pradesh,Lucknow,"Kukrail Picnic Spot-1, Lucknow - UPPCB",14-12-2025 23:00,26.90723,80.98579,PM10,53,172,102
India,Uttar_Pradesh,Lucknow,"Kukrail Picnic Spot-1, Lucknow - UPPCB",14-12-2025 23:00,26.90723,80.98579,CO,9,22,12
India,Uttar_Pradesh,Lucknow,"Lalbagh, Lucknow - CPCB",14-12-2025 23:00,26.8458805,80.9365541,OZONE,13,57,30
India,Uttar_Pradesh,Lucknow,"Talkatora District Industries Center, Lucknow - CPCB",14-12-2025 23:00,26.83399722,80.8917361,NH3,5,19,12
India,Uttar_Pradesh,Meerut,"Ganga Nagar, Meerut - UPPCB",14-12-2025 23:00,28.999264,77.7590354,PM10,154,448,316
India,Uttar_Pradesh,Meerut,"Ganga Nagar, Meerut - UPPCB",14-12-2025 23:00,28.999264,77.7590354,NH3,3,10,6
India,Uttar_Pradesh,Meerut,"Ganga Nagar, Meerut - UPPCB",14-12-2025 23:00,28.999264,77.7590354,SO2,20,29,25
India,Uttar_Pradesh,Moradabad,"Transport Nagar, Moradabad - UPPCB",14-12-2025 23:00,28.802625,78.753728,PM10,56,151,101
India,Uttar_Pradesh,Moradabad,"Transport Nagar, Moradabad - UPPCB",14-12-2025 23:00,28.802625,78.753728,NO2,29,30,30
India,Uttar_Pradesh,Moradabad,"Transport Nagar, Moradabad - UPPCB",14-12-2025 23:00,28.802625,78.753728,NH3,5,6,6
India,Uttar_Pradesh,Muzaffarnagar,"New Mandi, Muzaffarnagar - UPPCB",14-12-2025 23:00,29.4723508,77.7194031,PM10,124,404,220
India,Uttar_Pradesh,Muzaffarnagar,"New Mandi, Muzaffarnagar - UPPCB",14-12-2025 23:00,29.4723508,77.7194031,NO2,31,136,58
India,Uttar_Pradesh,Muzaffarnagar,"New Mandi, Muzaffarnagar - UPPCB",14-12-2025 23:00,29.4723508,77.7194031,NH3,12,20,16
India,Uttar_Pradesh,Noida,"Sector - 125, Noida - UPPCB",14-12-2025 23:00,28.5447608,77.3231257,SO2,7,14,10
India,Uttar_Pradesh,Noida,"Sector - 125, Noida - UPPCB",14-12-2025 23:00,28.5447608,77.3231257,OZONE,8,82,32
India,Uttar_Pradesh,Meerut,"Jai Bhim Nagar, Meerut - UPPCB",14-12-2025 23:00,28.9535882,77.7622941,PM2.5,307,465,395
India,Uttar_Pradesh,Meerut,"Jai Bhim Nagar, Meerut - UPPCB",14-12-2025 23:00,28.9535882,77.7622941,PM10,172,462,316
India,Uttar_Pradesh,Meerut,"Jai Bhim Nagar, Meerut - UPPCB",14-12-2025 23:00,28.9535882,77.7622941,SO2,4,8,6
India,Uttar_Pradesh,Meerut,"Jai Bhim Nagar, Meerut - UPPCB",14-12-2025 23:00,28.9535882,77.7622941,OZONE,3,128,49
India,Uttar_Pradesh,Meerut,"Pallavpuram Phase 2, Meerut - UPPCB",14-12-2025 23:00,29.06351,77.709723,SO2,6,21,12
India,Uttar_Pradesh,Meerut,"Pallavpuram Phase 2, Meerut - UPPCB",14-12-2025 23:00,29.06351,77.709723,OZONE,2,161,46
India,Uttar_Pradesh,Moradabad,"Buddhi Vihar, Moradabad - UPPCB",14-12-2025 23:00,28.83526,78.7446,NH3,5,5,5
India,Uttar_Pradesh,Moradabad,"Buddhi Vihar, Moradabad - UPPCB",14-12-2025 23:00,28.83526,78.7446,SO2,77,80,78
India,Uttar_Pradesh,Kanpur,"Nehru Nagar, Kanpur - UPPCB",14-12-2025 23:00,26.4703136,80.3229863,SO2,3,16,11
India,Uttar_Pradesh,Khurja,"Kalindi Kunj, Khurja - UPPCB",14-12-2025 23:00,28.2348927,77.8683002,SO2,14,15,14
India,Uttar_Pradesh,Lucknow,"B R Ambedkar University, Lucknow - UPPCB",14-12-2025 23:00,26.766433,80.927299,PM10,40,157,117
India,Uttar_Pradesh,Lucknow,"Gomti Nagar, Lucknow - UPPCB",14-12-2025 23:00,26.86812,81.005119,PM10,44,311,128
India,Uttar_Pradesh,Lucknow,"Gomti Nagar, Lucknow - UPPCB",14-12-2025 23:00,26.86812,81.005119,NO2,6,9,7
India,Uttar_Pradesh,Lucknow,"Gomti Nagar, Lucknow - UPPCB",14-12-2025 23:00,26.86812,81.005119,SO2,9,14,11
India,Uttar_Pradesh,Lucknow,"Gomti Nagar, Lucknow - UPPCB",14-12-2025 23:00,26.86812,81.005119,OZONE,25,37,33
India,Uttar_Pradesh,Varanasi,"Maldahiya, Varanasi - UPPCB",14-12-2025 23:00,25.32393,82.99687,CO,46,127,70
India,Uttar_Pradesh,Varanasi,"Maldahiya, Varanasi - UPPCB",14-12-2025 23:00,25.32393,82.99687,OZONE,2,4,3
India,Uttar_Pradesh,Vrindavan,"Omex Eternity, Vrindavan - UPPCB",14-12-2025 23:00,27.571409,77.655757,PM2.5,51,283,143
India,Uttarakhand,Kashipur,"Govt. Girls Inter College, Kashipur - UKPCB",14-12-2025 23:00,29.2124114,78.9611753,PM10,83,107,94
India,Uttarakhand,Kashipur,"Govt. Girls Inter College, Kashipur - UKPCB",14-12-2025 23:00,29.2124114,78.9611753,OZONE,1,3,1
India,Uttar_Pradesh,Noida,"Sector-1, Noida - UPPCB",14-12-2025 23:00,28.5898,77.3101,SO2,5,22,12
India,Uttar_Pradesh,Noida,"Sector-1, Noida - UPPCB",14-12-2025 23:00,28.5898,77.3101,CO,19,122,70
India,Uttar_Pradesh,Noida,"Sector-1, Noida - UPPCB",14-12-2025 23:00,28.5898,77.3101,OZONE,2,83,32
India,Uttar_Pradesh,Noida,"Sector-116, Noida - UPPCB",14-12-2025 23:00,28.56923,77.393848,PM2.5,430,500,488
India,Uttar_Pradesh,Noida,"Sector-116, Noida - UPPCB",14-12-2025 23:00,28.56923,77.393848,NO2,55,212,119
India,Uttar_Pradesh,Prayagraj,"Motilal Nehru NIT, Prayagraj - UPPCB",14-12-2025 23:00,25.494,81.863,SO2,NA,NA,NA
India,Uttar_Pradesh,Moradabad,"Eco Herbal Park, Moradabad - UPPCB",14-12-2025 23:00,28.840739,78.697531,SO2,8,24,14
India,Uttar_Pradesh,Moradabad,"Employment Office, Moradabad - UPPCB",14-12-2025 23:00,28.88528,78.7388,CO,32,62,41
India,Uttar_Pradesh,Moradabad,"Kashiram Nagar, Moradabad - UPPCB",14-12-2025 23:00,28.849399,78.742362,NO2,25,25,25
India,Uttar_Pradesh,Moradabad,"Kashiram Nagar, Moradabad - UPPCB",14-12-2025 23:00,28.849399,78.742362,CO,30,112,54
India,Uttar_Pradesh,Moradabad,"Kashiram Nagar, Moradabad - UPPCB",14-12-2025 23:00,28.849399,78.742362,OZONE,22,49,27
India,Uttar_Pradesh,Prayagraj,"Motilal Nehru NIT, Prayagraj - UPPCB",14-12-2025 23:00,25.494,81.863,OZONE,NA,NA,NA
India,Uttar_Pradesh,Prayagraj,"Nagar Nigam, Prayagraj - UPPCB",14-12-2025 23:00,25.44919916,81.82735986,PM10,NA,NA,NA
India,Uttar_Pradesh,Prayagraj,"Nagar Nigam, Prayagraj - UPPCB",14-12-2025 23:00,25.44919916,81.82735986,OZONE,10,14,12
India,Uttar_Pradesh,Varanasi,"IESD Banaras Hindu University, Varanasi - UPPCB",14-12-2025 23:00,25.262326,82.995408,NH3,2,10,5
India,West_Bengal,Asansol,"Asansol Court Area, Asansol - WBPCB",14-12-2025 23:00,23.685297,86.945968,PM2.5,58,278,156
India,West_Bengal,Asansol,"Asansol Court Area, Asansol - WBPCB",14-12-2025 23:00,23.685297,86.945968,NH3,3,9,5
India,West_Bengal,Asansol,"Trivenidevi Bhalotia College, Asansol - WBPCB",14-12-2025 23:00,23.616515,87.119133,OZONE,8,14,10
India,West_Bengal,Durgapur,"Womens College_City Center, Durgapur - WBPCB (Formerly known as Sidhu Kanhu Indoor Stadium)",14-12-2025 23:00,23.549395,87.300496,NO2,24,35,28
India,West_Bengal,Durgapur,"Womens College_City Center, Durgapur - WBPCB (Formerly known as Sidhu Kanhu Indoor Stadium)",14-12-2025 23:00,23.549395,87.300496,NH3,2,3,2
India,West_Bengal,Haldia,"Priyambada Housing Estate, Haldia - WBPCB",14-12-2025 23:00,22.06047,88.109737,PM10,67,196,129
India,West_Bengal,Haldia,"Priyambada Housing Estate, Haldia - WBPCB",14-12-2025 23:00,22.06047,88.109737,SO2,13,22,15
India,West_Bengal,Howrah,"Botanical Garden, Howrah - WBPCB",14-12-2025 23:00,22.554954,88.292568,PM2.5,26,245,119
India,West_Bengal,Howrah,"Botanical Garden, Howrah - WBPCB",14-12-2025 23:00,22.554954,88.292568,NO2,9,17,11
India,West_Bengal,Howrah,"Botanical Garden, Howrah - WBPCB",14-12-2025 23:00,22.554954,88.292568,NH3,2,3,2
India,West_Bengal,Howrah,"Botanical Garden, Howrah - WBPCB",14-12-2025 23:00,22.554954,88.292568,OZONE,5,27,14
India,West_Bengal,Howrah,"Dasnagar, Howrah - WBPCB",14-12-2025 23:00,22.6025571,88.3105664,PM2.5,42,306,153
India,West_Bengal,Howrah,"Dasnagar, Howrah - WBPCB",14-12-2025 23:00,22.6025571,88.3105664,NH3,2,4,3
India,West_Bengal,Howrah,"Ghusuri, Howrah - WBPCB",14-12-2025 23:00,22.611968,88.347422,PM2.5,78,450,282
India,West_Bengal,Howrah,"Ghusuri, Howrah - WBPCB",14-12-2025 23:00,22.611968,88.347422,NO2,21,38,26
India,West_Bengal,Howrah,"Ghusuri, Howrah - WBPCB",14-12-2025 23:00,22.611968,88.347422,NH3,7,15,11
India,West_Bengal,Howrah,"Padmapukur, Howrah - WBPCB",14-12-2025 23:00,22.5687319,88.2797276,NO2,9,25,18
India,West_Bengal,Kolkata,"Ballygunge, Kolkata - WBPCB",14-12-2025 23:00,22.5367507,88.3638022,SO2,4,19,12
India,West_Bengal,Kolkata,"Ballygunge, Kolkata - WBPCB",14-12-2025 23:00,22.5367507,88.3638022,CO,2,122,58
India,West_Bengal,Kolkata,"Bidhannagar, Kolkata - WBPCB",14-12-2025 23:00,22.58157048,88.41002457,NH3,NA,NA,NA
India,West_Bengal,Kolkata,"Fort William, Kolkata - WBPCB",14-12-2025 23:00,22.55664,88.342674,NH3,9,10,10
India,West_Bengal,Kolkata,"Fort William, Kolkata - WBPCB",14-12-2025 23:00,22.55664,88.342674,SO2,10,20,12
India,West_Bengal,Kolkata,"Fort William, Kolkata - WBPCB",14-12-2025 23:00,22.55664,88.342674,CO,15,105,53
India,West_Bengal,Kolkata,"Rabindra Sarobar, Kolkata - WBPCB",14-12-2025 23:00,22.51106,88.35142,PM2.5,31,137,72
India,West_Bengal,Kolkata,"Rabindra Sarobar, Kolkata - WBPCB",14-12-2025 23:00,22.51106,88.35142,PM10,42,124,82
India,West_Bengal,Kolkata,"Victoria, Kolkata - WBPCB",14-12-2025 23:00,22.5448082,88.3403691,PM10,79,246,150
India,West_Bengal,Kolkata,"Victoria, Kolkata - WBPCB",14-12-2025 23:00,22.5448082,88.3403691,CO,15,100,33
India,West_Bengal,Kolkata,"Victoria, Kolkata - WBPCB",14-12-2025 23:00,22.5448082,88.3403691,OZONE,4,65,19
India,West_Bengal,Siliguri,"Ward-32 Bapupara, Siliguri - WBPCB",14-12-2025 23:00,26.6879226,88.4152495,PM10,40,144,78
India,West_Bengal,Siliguri,"Ward-32 Bapupara, Siliguri - WBPCB",14-12-2025 23:00,26.6879226,88.4152495,OZONE,34,109,61
India,Andhra_Pradesh,Amaravati,"Secretariat, Amaravati - APPCB",14-12-2025 23:00,16.5150833,80.5181667,PM2.5,56,307,147
India,Andhra_Pradesh,Amaravati,"Secretariat, Amaravati - APPCB",14-12-2025 23:00,16.5150833,80.5181667,NO2,20,87,44
India,Andhra_Pradesh,Amaravati,"Secretariat, Amaravati - APPCB",14-12-2025 23:00,16.5150833,80.5181667,NH3,1,4,3
India,Andhra_Pradesh,Anantapur,"Gulzarpet, Anantapur - APPCB",14-12-2025 23:00,14.675886,77.593027,PM10,35,118,82
India,Andhra_Pradesh,Anantapur,"Gulzarpet, Anantapur - APPCB",14-12-2025 23:00,14.675886,77.593027,NO2,14,18,16
India,Andhra_Pradesh,Anantapur,"Gulzarpet, Anantapur - APPCB",14-12-2025 23:00,14.675886,77.593027,NH3,6,7,6
India,Andhra_Pradesh,Anantapur,"Gulzarpet, Anantapur - APPCB",14-12-2025 23:00,14.675886,77.593027,OZONE,18,71,57
India,Andhra_Pradesh,Chittoor,"Gangineni Cheruvu, Chittoor - APPCB",14-12-2025 23:00,13.20488,79.097889,NO2,32,40,36
India,Andhra_Pradesh,Chittoor,"Gangineni Cheruvu, Chittoor - APPCB",14-12-2025 23:00,13.20488,79.097889,SO2,7,33,15
India,Andhra_Pradesh,Kadapa,"Yerramukkapalli, Kadapa - APPCB",14-12-2025 23:00,14.465052,78.824187,PM2.5,40,109,68
India,Andhra_Pradesh,Kadapa,"Yerramukkapalli, Kadapa - APPCB",14-12-2025 23:00,14.465052,78.824187,NH3,4,5,4
India,Andhra_Pradesh,Kadapa,"Yerramukkapalli, Kadapa - APPCB",14-12-2025 23:00,14.465052,78.824187,CO,14,36,20
India,Andhra_Pradesh,Kadapa,"Yerramukkapalli, Kadapa - APPCB",14-12-2025 23:00,14.465052,78.824187,OZONE,18,25,23
India,Andhra_Pradesh,Rajamahendravaram,"Anand Kala Kshetram, Rajamahendravaram - APPCB",14-12-2025 23:00,16.9872867,81.7363176,PM10,105,174,130
India,Andhra_Pradesh,Rajamahendravaram,"Anand Kala Kshetram, Rajamahendravaram - APPCB",14-12-2025 23:00,16.9872867,81.7363176,NO2,15,61,34
India,Andhra_Pradesh,Rajamahendravaram,"Anand Kala Kshetram, Rajamahendravaram - APPCB",14-12-2025 23:00,16.9872867,81.7363176,OZONE,14,29,25
India,Andhra_Pradesh,Tirupati,"Vaikuntapuram, Tirupati - APPCB",14-12-2025 23:00,13.615387,79.40923,PM10,65,71,68
India,Andhra_Pradesh,Tirupati,"Vaikuntapuram, Tirupati - APPCB",14-12-2025 23:00,13.615387,79.40923,NH3,3,4,4
India,Andhra_Pradesh,Tirupati,"Vaikuntapuram, Tirupati - APPCB",14-12-2025 23:00,13.615387,79.40923,CO,26,37,31
India,Andhra_Pradesh,Vijayawada,"HB Colony, Vijayawada - APPCB",14-12-2025 23:00,16.536107,80.594233,NO2,12,14,13
India,Assam,Guwahati,"Railway Colony, Guwahati - PCBA",14-12-2025 23:00,26.181742,91.78063,CO,27,109,64
India,Assam,Nalbari,"Bata Chowk, Nalbari - PCBA",14-12-2025 23:00,26.446912,91.439057,PM2.5,NA,NA,NA
India,Assam,Nalbari,"Bata Chowk, Nalbari - PCBA",14-12-2025 23:00,26.446912,91.439057,CO,20,22,21
India,Assam,Nalbari,"Bata Chowk, Nalbari - PCBA",14-12-2025 23:00,26.446912,91.439057,OZONE,12,16,15
India,Assam,Silchar,"Tarapur, Silchar - PCBA",14-12-2025 23:00,24.82827,92.79525,PM10,50,61,55
India,Assam,Sivasagar,"Girls College, Sivasagar - PCBA",14-12-2025 23:00,26.987634,94.636574,CO,10,108,64
India,Bihar,Katihar,"Mirchaibari, Katihar - BSPCB",14-12-2025 23:00,25.560083,87.553265,PM10,NA,NA,NA
India,Bihar,Katihar,"Mirchaibari, Katihar - BSPCB",14-12-2025 23:00,25.560083,87.553265,SO2,NA,NA,NA
India,Bihar,Manguraha,"Forest Rest House, Manguraha - BSPCB",14-12-2025 23:00,27.308328,84.531742,OZONE,10,19,12
India,Bihar,Motihari,"Gandak Colony, Motihari - BSPCB",14-12-2025 23:00,26.63086,84.90051,PM2.5,17,103,58
India,Bihar,Motihari,"Gandak Colony, Motihari - BSPCB",14-12-2025 23:00,26.63086,84.90051,NH3,3,3,3
India,Bihar,Motihari,"Gandak Colony, Motihari - BSPCB",14-12-2025 23:00,26.63086,84.90051,SO2,2,3,3
India,Bihar,Araria,"Kharahiya Basti, Araria - BSPCB",14-12-2025 23:00,26.146529,87.454184,PM2.5,22,312,140
India,Bihar,Araria,"Kharahiya Basti, Araria - BSPCB",14-12-2025 23:00,26.146529,87.454184,CO,1,35,17
India,Bihar,Aurangabad,"Gurdeo Nagar, Aurangabad - BSPCB",14-12-2025 23:00,24.75746,84.366208,NH3,1,2,1
India,Bihar,Begusarai,"Lohiyanagar, Begusarai - BSPCB",14-12-2025 23:00,25.42742023,86.13886079,PM10,76,129,100
India,Bihar,Begusarai,"Lohiyanagar, Begusarai - BSPCB",14-12-2025 23:00,25.42742023,86.13886079,OZONE,9,17,13
India,Bihar,Bhagalpur,"DM Office_Kachari Chowk, Bhagalpur - BSPCB",14-12-2025 23:00,25.251013,86.989001,NH3,1,1,1
India,Bihar,Bhagalpur,"Mayaganj, Bhagalpur - BSPCB",14-12-2025 23:00,25.265194,87.012947,PM2.5,NA,NA,NA
India,Bihar,Bhagalpur,"Mayaganj, Bhagalpur - BSPCB",14-12-2025 23:00,25.265194,87.012947,PM10,NA,NA,NA
India,Bihar,Buxar,"Charitra Van, Buxar - BSPCB",14-12-2025 23:00,25.56752,83.966379,NO2,9,10,9
India,Bihar,Buxar,"Charitra Van, Buxar - BSPCB",14-12-2025 23:00,25.56752,83.966379,NH3,3,3,3
India,Arunachal_Pradesh,Naharlagun,"Naharlagun, Naharlagun - APSPCB",14-12-2025 23:00,27.103358,93.679645,PM2.5,43,482,175
India,Arunachal_Pradesh,Naharlagun,"Naharlagun, Naharlagun - APSPCB",14-12-2025 23:00,27.103358,93.679645,NO2,6,7,7
India,Assam,Guwahati,"LGBI Airport, Guwahati - PCBA",14-12-2025 23:00,26.10887,91.589544,NH3,5,5,5
India,Bihar,Chhapra,"Darshan Nagar, Chhapra - BSPCB",14-12-2025 23:00,25.7808257,84.7446768,PM10,42,128,84
India,Bihar,Gaya,"Collectorate, Gaya - BSPCB",14-12-2025 23:00,24.7955,84.9994,CO,NA,NA,NA
India,Bihar,Gaya,"SFTI Kusdihra, Gaya - BSPCB",14-12-2025 23:00,24.762518,84.982348,CO,24,46,31
India,Andaman and Nicobar,Sri Vijaya Puram,"Police Line, Sri Vijaya Puram - ANPCC",14-12-2025 23:00,11.654054,92.734055,NO2,NA,NA,NA
India,Andaman and Nicobar,Sri Vijaya Puram,"Police Line, Sri Vijaya Puram - ANPCC",14-12-2025 23:00,11.654054,92.734055,NH3,NA,NA,NA
India,Andhra_Pradesh,Visakhapatnam,"GVM Corporation, Visakhapatnam - APPCB",14-12-2025 23:00,17.72,83.3,OZONE,4,100,82
India,Chandigarh,Chandigarh,"Sector-25, Chandigarh - CPCC",14-12-2025 23:00,30.751462,76.762879,NO2,19,66,29
India,Chandigarh,Chandigarh,"Sector-53, Chandigarh - CPCC",14-12-2025 23:00,30.719859,76.738637,PM2.5,32,250,97
India,Chandigarh,Chandigarh,"Sector-53, Chandigarh - CPCC",14-12-2025 23:00,30.719859,76.738637,PM10,29,140,74
India,Chandigarh,Chandigarh,"Sector-53, Chandigarh - CPCC",14-12-2025 23:00,30.719859,76.738637,SO2,6,37,14
India,Chhattisgarh,Bhilai,"32Bungalows, Bhilai - CECB",14-12-2025 23:00,21.194815,81.31477,CO,18,100,39
India,Chhattisgarh,Bhilai,"32Bungalows, Bhilai - CECB",14-12-2025 23:00,21.194815,81.31477,OZONE,2,73,30
India,Chhattisgarh,Bhilai,"Civic Center, Bhilai - Bhilai Steel Plant",14-12-2025 23:00,21.185571,81.343175,PM2.5,35,111,65
India,Chhattisgarh,Bhilai,"Civic Center, Bhilai - Bhilai Steel Plant",14-12-2025 23:00,21.185571,81.343175,SO2,6,10,9
India,Chhattisgarh,Bhilai,"Hathkhoj, Bhilai - CECB",14-12-2025 23:00,21.224231,81.40835,PM2.5,NA,NA,NA
India,Bihar,Samastipur,"DM Office_Kasipur, Samastipur - BSPCB",14-12-2025 23:00,25.859655,85.77944,PM2.5,50,342,212
India,Bihar,Samastipur,"DM Office_Kasipur, Samastipur - BSPCB",14-12-2025 23:00,25.859655,85.77944,PM10,37,179,110
India,Bihar,Sasaram,"Dada Peer, Sasaram - BSPCB",14-12-2025 23:00,24.952822,84.002396,NO2,2,3,2
India,Bihar,Sasaram,"Dada Peer, Sasaram - BSPCB",14-12-2025 23:00,24.952822,84.002396,NH3,1,4,3
India,Bihar,Sasaram,"Dada Peer, Sasaram - BSPCB",14-12-2025 23:00,24.952822,84.002396,CO,30,62,50
India,Bihar,Siwan,"Chitragupta Nagar, Siwan - BSPCB",14-12-2025 23:00,26.2271665,84.3570427,NH3,1,1,1
India,Bihar,Siwan,"Chitragupta Nagar, Siwan - BSPCB",14-12-2025 23:00,26.2271665,84.3570427,OZONE,5,6,6
India,Chandigarh,Chandigarh,"Sector 22, Chandigarh - CPCC",14-12-2025 23:00,30.735567,76.775714,PM2.5,40,303,116
India,Chandigarh,Chandigarh,"Sector 22, Chandigarh - CPCC",14-12-2025 23:00,30.735567,76.775714,SO2,5,46,14
India,Bihar,Munger,"Town Hall, Munger - BSPCB",14-12-2025 23:00,25.376776,86.471523,NO2,4,5,5
India,Bihar,Munger,"Town Hall, Munger - BSPCB",14-12-2025 23:00,25.376776,86.471523,SO2,34,57,41
India,Bihar,Muzaffarpur,"Buddha Colony, Muzaffarpur - BSPCB",14-12-2025 23:00,26.11442,85.39813,CO,53,117,84
India,Bihar,Muzaffarpur,"Buddha Colony, Muzaffarpur - BSPCB",14-12-2025 23:00,26.11442,85.39813,OZONE,1,60,19
India,Bihar,Muzaffarpur,"MIT-Daudpur Kothi, Muzaffarpur - BSPCB",14-12-2025 23:00,26.1403345,85.3650192,PM10,64,79,71
India,Bihar,Patna,"DRM Office Danapur, Patna - BSPCB",14-12-2025 23:00,25.586562,85.043586,PM10,60,412,181
India,Chhattisgarh,Raipur,"Siltara Phase-II, Raipur - CECB",14-12-2025 23:00,21.371751,81.664929,SO2,3,17,6
India,Delhi,Delhi,"Alipur, Delhi - DPCC",14-12-2025 23:00,28.815329,77.15301,NH3,5,11,9
India,Delhi,Delhi,"Anand Vihar, Delhi - DPCC",14-12-2025 23:00,28.647622,77.315809,NO2,51,186,106
India,Delhi,Delhi,"Anand Vihar, Delhi - DPCC",14-12-2025 23:00,28.647622,77.315809,CO,108,184,127
India,Delhi,Delhi,"Ashok Vihar, Delhi - DPCC",14-12-2025 23:00,28.695381,77.181665,PM2.5,500,500,500
India,Delhi,Delhi,"Ashok Vihar, Delhi - DPCC",14-12-2025 23:00,28.695381,77.181665,NO2,54,253,116
India,Chhattisgarh,Bhilai,"Hathkhoj, Bhilai - CECB",14-12-2025 23:00,21.224231,81.40835,CO,NA,NA,NA
India,Chhattisgarh,Bhilai,"Hathkhoj, Bhilai - CECB",14-12-2025 23:00,21.224231,81.40835,OZONE,NA,NA,NA
India,Chhattisgarh,Chhal,"Nawapara SECL Colony, Chhal - CECB",14-12-2025 23:00,22.118125,83.140608,SO2,6,104,25
India,Chhattisgarh,Korba,"Rampur, Korba - CECB",14-12-2025 23:00,22.368195,82.746431,CO,24,40,32
India,Chhattisgarh,Korba,"Urja Nagar, Korba - CECB",14-12-2025 23:00,22.348441,82.549611,PM10,92,93,92
India,Chhattisgarh,Korba,"Urja Nagar, Korba - CECB",14-12-2025 23:00,22.348441,82.549611,OZONE,35,36,36
India,Chhattisgarh,Kunjemura,"OP Jindal School, Kunjemura - CECB",14-12-2025 23:00,22.12665,83.483212,NO2,18,58,36
India,Chhattisgarh,Kunjemura,"OP Jindal School, Kunjemura - CECB",14-12-2025 23:00,22.12665,83.483212,NH3,2,2,2
India,Chhattisgarh,Kunjemura,"OP Jindal School, Kunjemura - CECB",14-12-2025 23:00,22.12665,83.483212,SO2,1,73,19
India,Chhattisgarh,Raipur,"Bhatagaon New ISBT, Raipur - CECB",14-12-2025 23:00,21.219665,81.630094,NO2,NA,NA,NA
India,Chhattisgarh,Raipur,"Krishak Nagar, Raipur - CECB",14-12-2025 23:00,21.237755,81.705301,PM2.5,53,114,80
India,Delhi,Delhi,"Bawana, Delhi - DPCC",14-12-2025 23:00,28.7762,77.051074,PM10,356,500,456
India,Delhi,Delhi,"Burari Crossing, Delhi - IMD",14-12-2025 23:00,28.7256504,77.2011573,CO,107,168,117
India,Delhi,Delhi,"CRRI Mathura Road, Delhi - IMD",14-12-2025 23:00,28.5512005,77.2735737,PM10,332,468,404
India,Delhi,Delhi,"CRRI Mathura Road, Delhi - IMD",14-12-2025 23:00,28.5512005,77.2735737,CO,70,129,92
India,Delhi,Delhi,"CRRI Mathura Road, Delhi - IMD",14-12-2025 23:00,28.5512005,77.2735737,OZONE,9,80,29
India,Bihar,Patna,"Govt. High School Shikarpur, Patna - BSPCB",14-12-2025 23:00,25.592539,85.227158,NH3,4,5,5
India,Bihar,Patna,"Govt. High School Shikarpur, Patna - BSPCB",14-12-2025 23:00,25.592539,85.227158,SO2,11,26,15
India,Bihar,Patna,"Muradpur, Patna - BSPCB",14-12-2025 23:00,25.619651,85.147382,PM10,81,402,141
India,Bihar,Patna,"Muradpur, Patna - BSPCB",14-12-2025 23:00,25.619651,85.147382,CO,30,82,51
India,Bihar,Patna,"Samanpura, Patna - BSPCB",14-12-2025 23:00,25.596727,85.085624,PM2.5,37,354,183
India,Bihar,Purnia,"Mariam Nagar, Purnia - BSPCB",14-12-2025 23:00,25.366336,87.117468,PM2.5,8,193,72
India,Bihar,Purnia,"Mariam Nagar, Purnia - BSPCB",14-12-2025 23:00,25.366336,87.117468,PM10,7,119,59
India,Bihar,Purnia,"Mariam Nagar, Purnia - BSPCB",14-12-2025 23:00,25.366336,87.117468,NH3,3,3,3
India,Bihar,Rajgir,"Dangi Tola, Rajgir - BSPCB",14-12-2025 23:00,25.0328,85.41948,PM10,NA,NA,NA
India,Delhi,Delhi,"Chandni Chowk, Delhi - IITM",14-12-2025 23:00,28.656756,77.227234,NO2,59,109,77
India,Delhi,Delhi,"Chandni Chowk, Delhi - IITM",14-12-2025 23:00,28.656756,77.227234,NH3,8,15,9
India,Delhi,Delhi,"Chandni Chowk, Delhi - IITM",14-12-2025 23:00,28.656756,77.227234,SO2,6,8,7
India,Delhi,Delhi,"Chandni Chowk, Delhi - IITM",14-12-2025 23:00,28.656756,77.227234,OZONE,1,106,35
India,Delhi,Delhi,"DTU, Delhi - CPCB",14-12-2025 23:00,28.7500499,77.1112615,PM10,219,500,414
India,Delhi,Delhi,"DTU, Delhi - CPCB",14-12-2025 23:00,28.7500499,77.1112615,NO2,30,46,36
India,Delhi,Delhi,"DTU, Delhi - CPCB",14-12-2025 23:00,28.7500499,77.1112615,OZONE,15,47,22
India,Delhi,Delhi,"Dr. Karni Singh Shooting Range, Delhi - DPCC",14-12-2025 23:00,28.498571,77.26484,PM10,398,469,435
India,Delhi,Delhi,"Dwarka-Sector 8, Delhi - DPCC ",14-12-2025 23:00,28.5710274,77.0719006,PM2.5,418,500,465
India,Delhi,Delhi,"IGI Airport (T3), Delhi - IMD",14-12-2025 23:00,28.5627763,77.1180053,PM2.5,346,442,391
India,Delhi,Delhi,"IGI Airport (T3), Delhi - IMD",14-12-2025 23:00,28.5627763,77.1180053,CO,66,127,96
India,Delhi,Delhi,"IGI Airport (T3), Delhi - IMD",14-12-2025 23:00,28.5627763,77.1180053,OZONE,3,90,24
India,Delhi,Delhi,"Mundka, Delhi - DPCC",14-12-2025 23:00,28.684678,77.076574,NO2,60,197,110
India,Delhi,Delhi,"NSIT Dwarka, Delhi - CPCB",14-12-2025 23:00,28.60909,77.0325413,NO2,69,137,83
India,Delhi,Delhi,"Najafgarh, Delhi - DPCC",14-12-2025 23:00,28.570173,76.933762,PM2.5,339,500,431
India,Delhi,Delhi,"Najafgarh, Delhi - DPCC",14-12-2025 23:00,28.570173,76.933762,NO2,94,160,130
India,Delhi,Delhi,"Narela, Delhi - DPCC",14-12-2025 23:00,28.822836,77.101981,PM10,288,500,440
India,Delhi,Delhi,"Narela, Delhi - DPCC",14-12-2025 23:00,28.822836,77.101981,NO2,33,97,52
India,Delhi,Delhi,"Pusa, Delhi - DPCC",14-12-2025 23:00,28.639652,77.146275,SO2,3,9,5
India,Delhi,Delhi,"Pusa, Delhi - IMD",14-12-2025 23:00,28.63611,77.173332,PM2.5,421,500,470
India,Delhi,Delhi,"R K Puram, Delhi - DPCC",14-12-2025 23:00,28.563262,77.186937,SO2,2,38,17
India,Delhi,Delhi,"Rohini, Delhi - DPCC",14-12-2025 23:00,28.732528,77.11992,PM2.5,500,500,500
India,Delhi,Delhi,"Rohini, Delhi - DPCC",14-12-2025 23:00,28.732528,77.11992,PM10,454,500,491
India,Delhi,Delhi,"Rohini, Delhi - DPCC",14-12-2025 23:00,28.732528,77.11992,NH3,24,36,29
India,Delhi,Delhi,"Nehru Nagar, Delhi - DPCC",14-12-2025 23:00,28.56789,77.250515,NO2,30,126,73
India,Delhi,Delhi,"Okhla Phase-2, Delhi - DPCC",14-12-2025 23:00,28.530785,77.271255,PM10,438,500,459
India,Delhi,Delhi,"Patparganj, Delhi - DPCC",14-12-2025 23:00,28.623763,77.287209,PM10,332,490,426
India,Delhi,Delhi,"Punjabi Bagh, Delhi - DPCC",14-12-2025 23:00,28.674045,77.131023,SO2,2,15,10
India,Delhi,Delhi,"Sri Aurobindo Marg, Delhi - DPCC",14-12-2025 23:00,28.531346,77.190156,SO2,4,15,10
India,Delhi,Delhi,"Vivek Vihar, Delhi - DPCC",14-12-2025 23:00,28.672342,77.31526,CO,34,143,90
India,Gujarat,Ahmedabad,"Gyaspur, Ahmedabad - IITM",14-12-2025 23:00,22.977134,72.553024,NO2,35,127,80
India,Gujarat,Ahmedabad,"Maninagar, Ahmedabad - GPCB",14-12-2025 23:00,23.002657,72.591912,NO2,63,64,63
India,Gujarat,Ahmedabad,"Rakhial, Ahmedabad - IITM",14-12-2025 23:00,23.016834,72.625775,SO2,26,76,46
India,Gujarat,Ahmedabad,"Rakhial, Ahmedabad - IITM",14-12-2025 23:00,23.016834,72.625775,CO,14,156,78
India,Delhi,Delhi,"Lodhi Road, Delhi - IMD",14-12-2025 23:00,28.5918245,77.2273074,PM10,NA,NA,NA
India,Delhi,Delhi,"Mandir Marg, Delhi - DPCC",14-12-2025 23:00,28.636429,77.201067,CO,75,130,113
India,Delhi,Delhi,"IIT Delhi, Delhi - IITM",14-12-2025 23:00,28.54246,77.191651,CO,40,110,74
India,Delhi,Delhi,"ITO, Delhi - CPCB",14-12-2025 23:00,28.628624,77.24106,SO2,7,28,20
India,Delhi,Delhi,"Shadipur, Delhi - CPCB",14-12-2025 23:00,28.6514781,77.1473105,NO2,56,77,67
India,Delhi,Delhi,"Shadipur, Delhi - CPCB",14-12-2025 23:00,28.6514781,77.1473105,NH3,12,16,14
India,Haryana,Fatehabad,"Huda Sector, Fatehabad - HSPCB",14-12-2025 23:00,29.503664,75.467934,PM2.5,265,336,304
India,Haryana,Gurugram,"NISE Gwal Pahari, Gurugram - IMD",14-12-2025 23:00,28.422681,77.148944,PM2.5,346,431,397
India,Haryana,Gurugram,"NISE Gwal Pahari, Gurugram - IMD",14-12-2025 23:00,28.422681,77.148944,PM10,270,436,361
India,Haryana,Gurugram,"NISE Gwal Pahari, Gurugram - IMD",14-12-2025 23:00,28.422681,77.148944,NO2,16,33,25
India,Haryana,Gurugram,"NISE Gwal Pahari, Gurugram - IMD",14-12-2025 23:00,28.422681,77.148944,OZONE,6,83,34
India,Haryana,Gurugram,"Sector-51, Gurugram - HSPCB",14-12-2025 23:00,28.4227,77.0667,NO2,3,10,6
India,Haryana,Gurugram,"Sector-51, Gurugram - HSPCB",14-12-2025 23:00,28.4227,77.0667,NH3,4,10,8
India,Haryana,Gurugram,"Sector-51, Gurugram - HSPCB",14-12-2025 23:00,28.4227,77.0667,SO2,19,33,26
India,Haryana,Kurukshetra,"Sector-7, Kurukshetra - HSPCB",14-12-2025 23:00,29.966942,76.875879,CO,21,111,47
India,Haryana,Kurukshetra,"Sector-7, Kurukshetra - HSPCB",14-12-2025 23:00,29.966942,76.875879,OZONE,1,59,27
India,Haryana,Mandikhera,"General Hospital, Mandikhera(Nuh) - HSPCB",14-12-2025 23:00,27.9002,76.9938,NO2,20,23,22
India,Haryana,Mandikhera,"General Hospital, Mandikhera(Nuh) - HSPCB",14-12-2025 23:00,27.9002,76.9938,SO2,30,37,34
India,Haryana,Manesar,"Sector-2 IMT, Manesar - HSPCB",14-12-2025 23:00,28.360699,76.93609,SO2,6,15,11
India,Haryana,Narnaul,"Shastri Nagar, Narnaul - HSPCB",14-12-2025 23:00,28.060249,76.113115,SO2,2,7,5
India,Haryana,Bahadurgarh,"Arya Nagar, Bahadurgarh - HSPCB",14-12-2025 23:00,28.6701,76.9254,PM10,208,500,432
India,Haryana,Bahadurgarh,"Arya Nagar, Bahadurgarh - HSPCB",14-12-2025 23:00,28.6701,76.9254,NO2,12,14,13
India,Haryana,Bhiwani,"H.B. Colony, Bhiwani - HSPCB",14-12-2025 23:00,28.806223,76.141105,NO2,1,35,32
India,Haryana,Bhiwani,"H.B. Colony, Bhiwani - HSPCB",14-12-2025 23:00,28.806223,76.141105,SO2,12,13,13
India,Haryana,Charkhi Dadri,"Mini Secretariat, Charkhi Dadri - HSPCB",14-12-2025 23:00,28.593883,76.270653,PM2.5,87,355,275
India,Haryana,Charkhi Dadri,"Mini Secretariat, Charkhi Dadri - HSPCB",14-12-2025 23:00,28.593883,76.270653,PM10,91,284,204
India,Haryana,Palwal,"Shyam Nagar, Palwal - HSPCB",14-12-2025 23:00,28.1485564,77.3320667,CO,30,72,49
India,Haryana,Palwal,"Shyam Nagar, Palwal - HSPCB",14-12-2025 23:00,28.1485564,77.3320667,OZONE,23,25,24
India,Haryana,Panchgaon,"Amity University, Panchgaon - IITM",14-12-2025 23:00,28.3153,76.9143,PM2.5,262,363,322
India,Haryana,Rohtak,"MD University, Rohtak - HSPCB",14-12-2025 23:00,28.52123,76.37138,CO,53,59,55
India,Haryana,Sirsa,"F-Block, Sirsa - HSPCB",14-12-2025 23:00,29.5364,75.0158,NH3,11,15,13
India,Haryana,Charkhi Dadri,"Mini Secretariat, Charkhi Dadri - HSPCB",14-12-2025 23:00,28.593883,76.270653,OZONE,13,17,16
India,Haryana,Dharuhera,"Municipal Corporation Office, Dharuhera -  HSPCB",14-12-2025 23:00,28.2068,76.7997,NH3,9,27,19
India,Haryana,Faridabad,"New Industrial Town, Faridabad - HSPCB",14-12-2025 23:00,28.39072,77.30059,NO2,24,26,25
India,Haryana,Faridabad,"Sector 11, Faridabad - HSPCB",14-12-2025 23:00,28.376058,77.315741,PM2.5,319,416,360
India,Haryana,Jind,"Police Lines, Jind - HSPCB",14-12-2025 23:00,29.307814,76.337619,NO2,36,53,43
India,Haryana,Jind,"Police Lines, Jind - HSPCB",14-12-2025 23:00,29.307814,76.337619,SO2,1,2,1
India,Haryana,Jind,"Police Lines, Jind - HSPCB",14-12-2025 23:00,29.307814,76.337619,OZONE,5,64,31
India,Haryana,Kaithal,"Rishi Nagar, Kaithal - HSPCB",14-12-2025 23:00,29.8006,76.4155,OZONE,2,27,13
India,Haryana,Karnal,"Sector-12, Karnal - HSPCB",14-12-2025 23:00,29.6953,77.0027,NO2,6,7,6
India,Haryana,Karnal,"Sector-12, Karnal - HSPCB",14-12-2025 23:00,29.6953,77.0027,SO2,17,53,30
India,Gujarat,Ahmedabad,"SAC ISRO Satellite, Ahmedabad - IITM",14-12-2025 23:00,23.023389,72.515201,OZONE,2,72,19
India,Gujarat,Ahmedabad,"SVPI Airport Hansol, Ahmedabad - IITM",14-12-2025 23:00,23.076793,72.627874,NO2,29,223,112
India,Gujarat,Ankleshwar,"GIDC, Ankleshwar - GPCB",14-12-2025 23:00,21.613267,73.010555,NH3,7,7,7
India,Gujarat,Gandhinagar,"IIPHG Lekawada, Gandhinagar - IITM",14-12-2025 23:00,23.243639,72.68994,NO2,7,8,7
India,Gujarat,Vapi,"Phase-1 GIDC, Vapi - GPCB",14-12-2025 23:00,20.362421,72.918013,PM2.5,27,150,71
India,Gujarat,Vapi,"Phase-1 GIDC, Vapi - GPCB",14-12-2025 23:00,20.362421,72.918013,OZONE,8,8,8
India,Gujarat,Vatva,"Phase-4 GIDC, Vatva - GPCB",14-12-2025 23:00,22.969611,72.6435,NO2,32,43,37
India,Gujarat,Vatva,"Phase-4 GIDC, Vatva - GPCB",14-12-2025 23:00,22.969611,72.6435,NH3,5,9,7
India,Haryana,Ambala,"Patti Mehar, Ambala - HSPCB",14-12-2025 23:00,30.379589,76.778328,PM10,58,130,83
India,Haryana,Gurugram,"Teri Gram, Gurugram - HSPCB",14-12-2025 23:00,28.4275,77.1465,CO,52,85,60
India,Karnataka,Shivamogga,"Vinoba Nagara, Shivamogga - KSPCB",14-12-2025 23:00,13.94,75.555917,OZONE,7,73,31
India,Karnataka,Yadgir,"Collector Office, Yadgir - KSPCB",14-12-2025 23:00,16.7602,77.1428,PM10,58,116,89
India,Karnataka,Yadgir,"Collector Office, Yadgir - KSPCB",14-12-2025 23:00,16.7602,77.1428,NO2,5,21,11
India,Karnataka,Yadgir,"Collector Office, Yadgir - KSPCB",14-12-2025 23:00,16.7602,77.1428,CO,2,34,23
India,Kerala,Kannur,"Thavakkara, Kannur - Kerala PCB",14-12-2025 23:00,11.875,75.3732,PM2.5,58,69,62
India,Kerala,Kannur,"Thavakkara, Kannur - Kerala PCB",14-12-2025 23:00,11.875,75.3732,CO,17,20,18
India,Kerala,Thiruvananthapuram,"Kariavattom, Thiruvananthapuram - Kerala PCB",14-12-2025 23:00,8.5637,76.8865,PM2.5,89,323,193
India,Kerala,Thiruvananthapuram,"Kariavattom, Thiruvananthapuram - Kerala PCB",14-12-2025 23:00,8.5637,76.8865,SO2,2,18,7
India,Kerala,Thiruvananthapuram,"Plammoodu, Thiruvananthapuram - Kerala PCB",14-12-2025 23:00,8.5149093,76.9435879,PM10,72,132,90
India,Haryana,Sirsa,"F-Block, Sirsa - HSPCB",14-12-2025 23:00,29.5364,75.0158,CO,54,81,61
India,Haryana,Sonipat,"Murthal, Sonipat - HSPCB",14-12-2025 23:00,29.0272,77.0621,PM2.5,124,400,285
India,Haryana,Sonipat,"Murthal, Sonipat - HSPCB",14-12-2025 23:00,29.0272,77.0621,NO2,23,54,43
India,Haryana,Yamuna Nagar,"Gobind Pura, Yamuna Nagar - HSPCB",14-12-2025 23:00,30.1480566,77.2893471,PM10,102,161,127
India,Himachal Pradesh,Baddi,"HIMUDA Complex Phase-1, Baddi - HPPCB",14-12-2025 23:00,30.943887,76.801991,NO2,13,69,36
India,Jammu_and_Kashmir,Srinagar,"Rajbagh, Srinagar - JKSPCB",14-12-2025 23:00,34.066206,74.81982,PM10,NA,NA,NA
India,Jammu_and_Kashmir,Srinagar,"Rajbagh, Srinagar - JKSPCB",14-12-2025 23:00,34.066206,74.81982,SO2,3,4,3
India,Kerala,Thrissur,"Corporation Ground, Thrissur - Kerala PCB",14-12-2025 23:00,10.5324,76.2159,NO2,NA,NA,NA
India,Madhya Pradesh,Bhopal,"Idgah Hills, Bhopal - MPPCB",14-12-2025 23:00,23.264759,77.381568,NO2,15,57,27
India,Madhya Pradesh,Bhopal,"Paryavaran Parisar, Bhopal - MPPCB",14-12-2025 23:00,23.210494,77.425409,NO2,28,109,58
India,Madhya Pradesh,Bhopal,"Paryavaran Parisar, Bhopal - MPPCB",14-12-2025 23:00,23.210494,77.425409,SO2,2,14,7
India,Madhya Pradesh,Bhopal,"Paryavaran Parisar, Bhopal - MPPCB",14-12-2025 23:00,23.210494,77.425409,OZONE,7,66,42
India,Madhya Pradesh,Bhopal,"T T Nagar, Bhopal - MPPCB",14-12-2025 23:00,23.233584,77.400574,PM2.5,65,301,123
India,Karnataka,Chamarajanagar,"Urban, Chamarajanagar - KSPCB",14-12-2025 23:00,11.55358,76.55521,CO,14,119,21
India,Karnataka,Dharwad,"Kalabhavan, Dharwad - KSPCB",14-12-2025 23:00,15.459706,75.008381,CO,66,115,76
India,Karnataka,Hubballi,"Lingaraj Nagar, Hubballi - KSPCB",14-12-2025 23:00,15.3714823,75.1160168,NH3,2,2,2
India,Karnataka,Kalaburagi,"Mahatma Basaveswar Colony, Kalaburgi - KSPCB",14-12-2025 23:00,17.336318,76.847397,SO2,3,5,4
India,Karnataka,Kalaburagi,"Mahatma Basaveswar Colony, Kalaburgi - KSPCB",14-12-2025 23:00,17.336318,76.847397,OZONE,13,18,14
India,Madhya Pradesh,Damoh,"Shrivastav Colony, Damoh - MPPCB",14-12-2025 23:00,23.81748678,79.446246,SO2,4,13,8
India,Madhya Pradesh,Damoh,"Shrivastav Colony, Damoh - MPPCB",14-12-2025 23:00,23.81748678,79.446246,CO,38,48,43
India,Madhya Pradesh,Dewas,"Bhopal Chauraha, Dewas - MPPCB",14-12-2025 23:00,22.9682591,76.064118,PM10,44,148,81
India,Madhya Pradesh,Gwalior,"City Center, Gwalior - MPPCB",14-12-2025 23:00,26.203442,78.193251,NO2,15,102,43
India,Madhya Pradesh,Gwalior,"Deen Dayal Nagar, Gwalior - MPPCB",14-12-2025 23:00,26.259242,78.216432,NO2,20,93,57
India,Karnataka,Bengaluru,"BTM Layout, Bengaluru - CPCB",14-12-2025 23:00,12.9135218,77.5950804,OZONE,21,22,21
India,Karnataka,Bengaluru,"BWSSB Kadabesanahalli, Bengaluru - CPCB",14-12-2025 23:00,12.9352049,77.6814488,NO2,12,27,18
India,Karnataka,Bengaluru,"BWSSB Kadabesanahalli, Bengaluru - CPCB",14-12-2025 23:00,12.9352049,77.6814488,OZONE,15,69,32
India,Karnataka,Bengaluru,"Hebbal, Bengaluru - KSPCB",14-12-2025 23:00,13.029152,77.585901,SO2,4,10,6
India,Karnataka,Bengaluru,"Hombegowda Nagar, Bengaluru - KSPCB",14-12-2025 23:00,12.938539,77.5901,NH3,2,3,3
India,Karnataka,Bengaluru,"Hombegowda Nagar, Bengaluru - KSPCB",14-12-2025 23:00,12.938539,77.5901,SO2,7,23,14
India,Karnataka,Bengaluru,"Kasturi Nagar, Bengaluru - KSPCB",14-12-2025 23:00,13.003872,77.664217,PM10,76,86,85
India,Karnataka,Bengaluru,"Kasturi Nagar, Bengaluru - KSPCB",14-12-2025 23:00,13.003872,77.664217,NO2,31,32,32
India,Karnataka,Bengaluru,"Kasturi Nagar, Bengaluru - KSPCB",14-12-2025 23:00,13.003872,77.664217,NH3,1,1,1
India,Karnataka,Bengaluru,"Peenya, Bengaluru - CPCB",14-12-2025 23:00,13.0270199,77.494094,PM2.5,20,50,31
India,Karnataka,Bengaluru,"RVCE-Mailasandra, Bengaluru - KSPCB",14-12-2025 23:00,12.921418,77.502466,NO2,23,30,30
India,Karnataka,Bengaluru,"RVCE-Mailasandra, Bengaluru - KSPCB",14-12-2025 23:00,12.921418,77.502466,NH3,2,2,2
India,Karnataka,Bengaluru,"RVCE-Mailasandra, Bengaluru - KSPCB",14-12-2025 23:00,12.921418,77.502466,SO2,5,6,6
India,Karnataka,Madikeri,"Stuart Hill, Madikeri - KSPCB",14-12-2025 23:00,12.415911,75.73505,PM2.5,24,55,40
India,Karnataka,Mangalore,"Kadri, Mangalore - KSPCB",14-12-2025 23:00,12.88925,74.853,NH3,1,1,1
India,Karnataka,Mangalore,"Kadri, Mangalore - KSPCB",14-12-2025 23:00,12.88925,74.853,OZONE,4,43,24
India,Maharashtra,Ahmednagar,"Tarakpur, Ahmednagar - MPCB",14-12-2025 23:00,19.10122,74.73339,NO2,13,40,20
India,Maharashtra,Ahmednagar,"Tarakpur, Ahmednagar - MPCB",14-12-2025 23:00,19.10122,74.73339,NH3,1,35,12
India,Maharashtra,Akola,"Ramdaspeth, Akola - MPCB",14-12-2025 23:00,20.719516,77.000253,PM10,39,127,92
India,Maharashtra,Akola,"Ramdaspeth, Akola - MPCB",14-12-2025 23:00,20.719516,77.000253,OZONE,5,70,30
India,Maharashtra,Amravati,"Shivneri Colony, Amravati - MPCB",14-12-2025 23:00,20.9402359,77.7895248,NO2,9,46,22
India,Maharashtra,Amravati,"Shivneri Colony, Amravati - MPCB",14-12-2025 23:00,20.9402359,77.7895248,CO,12,57,29
India,Maharashtra,Amravati,"Shri Shivaji Science College, Amravati - MPCB",14-12-2025 23:00,20.939198,77.765701,PM10,37,183,89
India,Madhya Pradesh,Maihar,"Sahilara, Maihar - KJS Cements",14-12-2025 23:00,24.2613009,80.7231783,CO,38,78,63
India,Madhya Pradesh,Mandideep,"Sector-D Industrial Area, Mandideep - MPPCB",14-12-2025 23:00,23.10844,77.511428,NO2,81,283,171
India,Madhya Pradesh,Mandideep,"Sector-D Industrial Area, Mandideep - MPPCB",14-12-2025 23:00,23.10844,77.511428,SO2,17,125,62
India,Madhya Pradesh,Mandideep,"Sector-D Industrial Area, Mandideep - MPPCB",14-12-2025 23:00,23.10844,77.511428,CO,16,104,59
India,Madhya Pradesh,Mandideep,"Sector-D Industrial Area, Mandideep - MPPCB",14-12-2025 23:00,23.10844,77.511428,OZONE,3,53,38
India,Madhya Pradesh,Pithampur,"Sector-2 Industrial Area, Pithampur - MPPCB",14-12-2025 23:00,22.624758,75.675238,SO2,9,18,12
India,Madhya Pradesh,Pithampur,"Sector-2 Industrial Area, Pithampur - MPPCB",14-12-2025 23:00,22.624758,75.675238,CO,21,64,43
India,Maharashtra,Kalyan,"Khadakpada, Kalyan - MPCB",14-12-2025 23:00,19.25292,73.142019,PM2.5,NA,NA,NA
India,Maharashtra,Kalyan,"Pimpleshwar Mandir, Kalyan - MPCB",14-12-2025 23:00,19.192056,72.9585188,PM2.5,NA,NA,NA
India,Maharashtra,Kalyan,"Pimpleshwar Mandir, Kalyan - MPCB",14-12-2025 23:00,19.192056,72.9585188,PM10,114,298,198
India,Maharashtra,Kalyan,"Pimpleshwar Mandir, Kalyan - MPCB",14-12-2025 23:00,19.192056,72.9585188,NH3,2,10,5
India,Maharashtra,Kolhapur,"Shivaji University, Kolhapur - MPCB",14-12-2025 23:00,16.6870449,74.2505872,PM2.5,74,101,87
India,Maharashtra,Kolhapur,"Shivaji University, Kolhapur - MPCB",14-12-2025 23:00,16.6870449,74.2505872,NH3,1,7,3
India,Maharashtra,Kolhapur,"Sinchan Bhavan, Kolhapur - MPCB",14-12-2025 23:00,16.7143745,74.2426398,NO2,10,45,27
India,Madhya Pradesh,Gwalior,"Maharaj Bada, Gwalior - MPPCB",14-12-2025 23:00,26.200388,78.147714,SO2,5,10,9
India,Madhya Pradesh,Gwalior,"Maharaj Bada, Gwalior - MPPCB",14-12-2025 23:00,26.200388,78.147714,CO,2,117,79
India,Madhya Pradesh,Gwalior,"Maharaj Bada, Gwalior - MPPCB",14-12-2025 23:00,26.200388,78.147714,OZONE,26,33,29
India,Madhya Pradesh,Indore,"Airport Area, Indore - IMC",14-12-2025 23:00,22.7289,75.8076,SO2,26,27,26
India,Madhya Pradesh,Indore,"Regional Park, Indore - IMC",14-12-2025 23:00,22.678,75.8559,PM10,9,60,36
India,Madhya Pradesh,Indore,"Regional Park, Indore - IMC",14-12-2025 23:00,22.678,75.8559,SO2,23,32,28
India,Madhya Pradesh,Indore,"Regional Park, Indore - IMC",14-12-2025 23:00,22.678,75.8559,CO,23,42,29
India,Maharashtra,Belapur,"CBD Belapur, Belapur - MPCB",14-12-2025 23:00,19.0243902,73.0406721,OZONE,7,76,43
India,Maharashtra,Bhiwandi,"Gokul Nagar, Bhiwandi - MPCB",14-12-2025 23:00,19.309073,73.057223,PM10,68,177,142
India,Maharashtra,Bhiwandi,"Gokul Nagar, Bhiwandi - MPCB",14-12-2025 23:00,19.309073,73.057223,CO,18,55,35
India,Maharashtra,Chandrapur,"Chauhan Colony, Chandrapur - MPCB",14-12-2025 23:00,19.9629,79.298714,NH3,2,2,2
India,Maharashtra,Chandrapur,"MIDC Khutala, Chandrapur - MPCB",14-12-2025 23:00,19.9775302,79.2337086,PM2.5,40,164,81
India,Maharashtra,Amravati,"Shri Shivaji Science College, Amravati - MPCB",14-12-2025 23:00,20.939198,77.765701,OZONE,2,74,26
India,Maharashtra,Aurangabad,"MIDC Chilkalthana, Aurangabad - MPCB",14-12-2025 23:00,19.87562,75.38731,NH3,2,3,2
India,Maharashtra,Aurangabad,"More Chowk Waluj, Aurangabad - MPCB",14-12-2025 23:00,19.8389439,75.244448,CO,2,132,43
India,Maharashtra,Aurangabad,"Rachnakar Colony, Aurangabad - MPCB",14-12-2025 23:00,19.863756,75.321188,PM2.5,64,300,124
India,Madhya Pradesh,Sagar,"Civil Lines, Sagar - MPPCB",14-12-2025 23:00,23.838586,78.759431,PM10,76,181,134
India,Madhya Pradesh,Sagar,"Civil Lines, Sagar - MPPCB",14-12-2025 23:00,23.838586,78.759431,OZONE,49,79,61
India,Madhya Pradesh,Satna,"Bandhavgar Colony, Satna - Birla Cement",14-12-2025 23:00,24.58434363,80.8549414,OZONE,1,81,39
India,Madhya Pradesh,Singrauli,"Suryakiran Bhawan NCL, Singrauli - MPPCB",14-12-2025 23:00,24.10897,82.64558,NO2,81,145,111
India,Madhya Pradesh,Jabalpur,"Gupteshwar, Jabalpur - JMC",14-12-2025 23:00,23.142888,79.916147,SO2,7,9,8
India,Madhya Pradesh,Jabalpur,"Gupteshwar, Jabalpur - JMC",14-12-2025 23:00,23.142888,79.916147,CO,48,120,93
India,Madhya Pradesh,Jabalpur,"Marhatal, Jabalpur - MPPCB",14-12-2025 23:00,23.168606,79.932247,PM10,89,289,134
India,Madhya Pradesh,Jabalpur,"Marhatal, Jabalpur - MPPCB",14-12-2025 23:00,23.168606,79.932247,CO,2,116,68
India,Madhya Pradesh,Katni,"Gole Bazar, Katni - MPPCB",14-12-2025 23:00,23.50016,80.23284,NO2,28,70,45
India,Maharashtra,Jalgaon,"Prabhat Colony, Jalgaon - MPCB",14-12-2025 23:00,21.001264,75.565602,SO2,7,60,16
India,Maharashtra,Jalna,"Old MIDC, Jalna - MPCB",14-12-2025 23:00,19.854616,75.905894,PM2.5,43,132,64
India,Maharashtra,Jalna,"Old MIDC, Jalna - MPCB",14-12-2025 23:00,19.854616,75.905894,SO2,6,36,14
India,Maharashtra,Mumbai,"Sion, Mumbai - MPCB",14-12-2025 23:00,19.047,72.8746,OZONE,5,13,8
India,Maharashtra,Mumbai,"Vile Parle West, Mumbai - MPCB",14-12-2025 23:00,19.10861,72.83622,NO2,11,11,11
India,Maharashtra,Mumbai,"Vile Parle West, Mumbai - MPCB",14-12-2025 23:00,19.10861,72.83622,SO2,47,52,50
India,Maharashtra,Mumbai,"Worli, Mumbai - MPCB",14-12-2025 23:00,18.9936162,72.8128113,PM10,86,123,103
India,Maharashtra,Mumbai,"Worli, Mumbai - MPCB",14-12-2025 23:00,18.9936162,72.8128113,NO2,4,18,9
India,Maharashtra,Mumbai,"Worli, Mumbai - MPCB",14-12-2025 23:00,18.9936162,72.8128113,NH3,1,3,2
India,Maharashtra,Mumbai,"Worli, Mumbai - MPCB",14-12-2025 23:00,18.9936162,72.8128113,SO2,18,28,21
India,Maharashtra,Nagpur,"Ambazari, Nagpur - MPCB",14-12-2025 23:00,21.121801,79.04952,PM2.5,53,118,94
India,Maharashtra,Nagpur,"Ambazari, Nagpur - MPCB",14-12-2025 23:00,21.121801,79.04952,PM10,53,110,88
India,Maharashtra,Nagpur,"Mahal, Nagpur - MPCB",14-12-2025 23:00,21.14472,79.107595,CO,26,135,79
India,Maharashtra,Nagpur,"Opp GPO Civil Lines, Nagpur - MPCB",14-12-2025 23:00,21.152875,79.0517531,PM10,55,237,127
India,Maharashtra,Mumbai,"Chembur, Mumbai - MPCB",14-12-2025 23:00,19.0364585,72.8954371,PM10,99,157,127
India,Maharashtra,Mumbai,"Chembur, Mumbai - MPCB",14-12-2025 23:00,19.0364585,72.8954371,NO2,22,109,72
India,Maharashtra,Mumbai,"Chembur, Mumbai - MPCB",14-12-2025 23:00,19.0364585,72.8954371,NH3,1,4,2
India,Maharashtra,Mumbai,"Chembur, Mumbai - MPCB",14-12-2025 23:00,19.0364585,72.8954371,SO2,4,36,13
India,Maharashtra,Mumbai,"Chembur, Mumbai - MPCB",14-12-2025 23:00,19.0364585,72.8954371,OZONE,6,176,109
India,Maharashtra,Mumbai,"Colaba, Mumbai - MPCB",14-12-2025 23:00,18.91,72.82,PM10,98,152,116
India,Maharashtra,Mumbai,"Colaba, Mumbai - MPCB",14-12-2025 23:00,18.91,72.82,SO2,21,21,21
India,Maharashtra,Mumbai,"Colaba, Mumbai - MPCB",14-12-2025 23:00,18.91,72.82,CO,56,62,57
India,Maharashtra,Mumbai,"Deonar, Mumbai - IITM",14-12-2025 23:00,19.04946,72.923,PM2.5,43,164,108
India,Maharashtra,Mumbai,"Deonar, Mumbai - IITM",14-12-2025 23:00,19.04946,72.923,NO2,14,71,39
India,Maharashtra,Mumbai,"Deonar, Mumbai - IITM",14-12-2025 23:00,19.04946,72.923,CO,18,102,61
India,Maharashtra,Mumbai,"Ghatkopar, Mumbai - BMC",14-12-2025 23:00,19.083694,72.920967,PM10,129,190,164
India,Maharashtra,Mumbai,"Ghatkopar, Mumbai - BMC",14-12-2025 23:00,19.083694,72.920967,NH3,1,6,3
India,Maharashtra,Mumbai,"Ghatkopar, Mumbai - BMC",14-12-2025 23:00,19.083694,72.920967,CO,14,48,19
India,Maharashtra,Mumbai,"Kandivali West, Mumbai - BMC",14-12-2025 23:00,19.215859,72.831718,CO,28,111,41
India,Maharashtra,Mumbai,"Kherwadi_Bandra East, Mumbai - MPCB",14-12-2025 23:00,19.0632143,72.8456324,CO,8,46,14
India,Maharashtra,Mumbai,"Khindipada-Bhandup West, Mumbai - IITM",14-12-2025 23:00,19.1653323,72.922099,SO2,1,29,15
India,Maharashtra,Mumbai,"Kurla, Mumbai - MPCB",14-12-2025 23:00,19.0863,72.8888,PM10,85,162,123
India,Maharashtra,Mumbai,"Kurla, Mumbai - MPCB",14-12-2025 23:00,19.0863,72.8888,NO2,5,10,7
India,Maharashtra,Nashik,"Hirawadi, Nashik - MPCB",14-12-2025 23:00,20.021503,73.813844,OZONE,8,78,42
India,Maharashtra,Nashik,"MIDC Ambad, Nashik - MPCB",14-12-2025 23:00,19.95022,73.73148,NH3,2,4,3
India,Maharashtra,Nashik,"MIDC Ambad, Nashik - MPCB",14-12-2025 23:00,19.95022,73.73148,CO,24,36,27
India,Maharashtra,Nashik,"Pandav Nagari, Nashik - MPCB",14-12-2025 23:00,19.9591346,73.7788008,PM10,69,135,103
India,Maharashtra,Nashik,"Pandav Nagari, Nashik - MPCB",14-12-2025 23:00,19.9591346,73.7788008,NH3,3,11,5
India,Maharashtra,Nashik,"Pandav Nagari, Nashik - MPCB",14-12-2025 23:00,19.9591346,73.7788008,SO2,1,14,6
India,Maharashtra,Navi Mumbai,"Kopripada-Vashi, Navi Mumbai - MPCB",14-12-2025 23:00,19.090337,73.014232,PM10,90,361,146
India,Maharashtra,Mira-Bhayandar,"Bhayandar West, Mira-Bhayandar - MPCB",14-12-2025 23:00,19.296481,72.840923,OZONE,1,158,77
India,Maharashtra,Mumbai,"Borivali East, Mumbai - IITM",14-12-2025 23:00,19.23241,72.86895,OZONE,19,74,52
India,Maharashtra,Mumbai,"Byculla, Mumbai - BMC",14-12-2025 23:00,18.9767,72.838,NO2,58,168,108
India,Maharashtra,Mumbai,"Chakala-Andheri East, Mumbai - IITM",14-12-2025 23:00,19.11074,72.86084,PM2.5,78,122,103
India,Maharashtra,Mumbai,"Malad West, Mumbai - IITM",14-12-2025 23:00,19.19709,72.82204,SO2,NA,NA,NA
India,Maharashtra,Mumbai,"Mazgaon, Mumbai - IITM",14-12-2025 23:00,18.96702,72.84214,PM2.5,62,133,92
India,Maharashtra,Mumbai,"Mazgaon, Mumbai - IITM",14-12-2025 23:00,18.96702,72.84214,PM10,61,111,86
India,Maharashtra,Mumbai,"Mindspace-Malad West, Mumbai - MPCB",14-12-2025 23:00,19.1878657,72.8304069,NO2,22,109,53
India,Maharashtra,Mumbai,"Mulund West, Mumbai - MPCB",14-12-2025 23:00,19.175,72.9419,PM2.5,NA,NA,NA
India,Maharashtra,Latur,"Sawe Wadi, Latur - MPCB",14-12-2025 23:00,18.39963,76.57452,PM2.5,50,98,77
India,Maharashtra,Latur,"Sawe Wadi, Latur - MPCB",14-12-2025 23:00,18.39963,76.57452,NH3,6,20,11
India,Maharashtra,Mahad,"Kamble Tarf Birwadi, Mahad - MPCB",14-12-2025 23:00,18.1023399,73.4783687,PM10,101,145,122
India,Maharashtra,Mira-Bhayandar,"Bhayandar West, Mira-Bhayandar - MPCB",14-12-2025 23:00,19.296481,72.840923,PM2.5,75,146,93
India,Maharashtra,Mumbai,"Navy Nagar-Colaba, Mumbai - IITM",14-12-2025 23:00,18.897756,72.81332,OZONE,6,80,55
India,Maharashtra,Mumbai,"Sewri, Mumbai - BMC",14-12-2025 23:00,19.000084,72.85673,NO2,1,17,9
India,Maharashtra,Mumbai,"Shivaji Nagar, Mumbai - BMC",14-12-2025 23:00,19.060498,72.923356,PM2.5,89,322,232
India,Maharashtra,Mumbai,"Shivaji Nagar, Mumbai - BMC",14-12-2025 23:00,19.060498,72.923356,NH3,3,17,5
India,Maharashtra,Mumbai,"Shivaji Nagar, Mumbai - BMC",14-12-2025 23:00,19.060498,72.923356,CO,6,122,50
India,Maharashtra,Nanded,"Sneh Nagar, Nanded - MPCB",14-12-2025 23:00,19.173852,77.296291,NH3,3,5,4
India,Maharashtra,Nanded,"Sneh Nagar, Nanded - MPCB",14-12-2025 23:00,19.173852,77.296291,CO,21,28,24
India,Maharashtra,Nashik,"Gangapur Road, Nashik - MPCB",14-12-2025 23:00,20.0073285,73.7762427,PM2.5,40,138,76
India,Maharashtra,Nashik,"Gangapur Road, Nashik - MPCB",14-12-2025 23:00,20.0073285,73.7762427,PM10,53,171,96
India,Maharashtra,Nashik,"Gangapur Road, Nashik - MPCB",14-12-2025 23:00,20.0073285,73.7762427,CO,32,44,38
India,Maharashtra,Parbhani,"Masoom Colony, Parbhani - MPCB",14-12-2025 23:00,19.265594,76.761463,OZONE,10,10,10
India,Maharashtra,Pimpri-Chinchwad,"Gavalinagar, Pimpri Chinchwad - MPCB",14-12-2025 23:00,18.63673,73.82487,PM10,63,287,159
India,Maharashtra,Pimpri-Chinchwad,"Gavalinagar, Pimpri Chinchwad - MPCB",14-12-2025 23:00,18.63673,73.82487,CO,20,117,67
India,Maharashtra,Pimpri-Chinchwad,"Gavalinagar, Pimpri Chinchwad - MPCB",14-12-2025 23:00,18.63673,73.82487,OZONE,1,105,42
India,Maharashtra,Pimpri-Chinchwad,"Park Street Wakad, Pimpri Chinchwad - MPCB",14-12-2025 23:00,18.59051,73.77946,PM2.5,23,319,186
India,Maharashtra,Pimpri-Chinchwad,"Savta Mali Nagar, Pimpri-Chinchwad - IITM",14-12-2025 23:00,18.614767,73.799516,CO,23,140,76
India,Maharashtra,Pimpri-Chinchwad,"Thergaon, Pimpri Chinchwad - MPCB",14-12-2025 23:00,18.616318,73.765797,PM2.5,34,396,232
India,Maharashtra,Pimpri-Chinchwad,"Thergaon, Pimpri Chinchwad - MPCB",14-12-2025 23:00,18.616318,73.765797,SO2,1,7,4
India,Maharashtra,Ulhasnagar,"Sidhi Vinayak Nagar, Ulhasnagar - MPCB",14-12-2025 23:00,19.235581,73.159121,OZONE,18,105,51
India,Maharashtra,Virar,"Bolinj, Virar - MPCB",14-12-2025 23:00,19.445821,72.7988231,NH3,9,9,9
India,Maharashtra,Virar,"Bolinj, Virar - MPCB",14-12-2025 23:00,19.445821,72.7988231,CO,18,140,36
India,Meghalaya,Shillong,"JN Stadium, Shillong - Meghalaya PCB",14-12-2025 23:00,25.5803419,91.8942571,NH3,8,13,10
India,Meghalaya,Shillong,"JN Stadium, Shillong - Meghalaya PCB",14-12-2025 23:00,25.5803419,91.8942571,SO2,23,28,26
India,Meghalaya,Shillong,"JN Stadium, Shillong - Meghalaya PCB",14-12-2025 23:00,25.5803419,91.8942571,CO,20,105,63
India,Mizoram,Aizawl,"Sikulpuikawn, Aizawl - Mizoram PCB",14-12-2025 23:00,23.7176342,92.7192841,CO,3,3,3
India,Odisha,Baripada,"Meher Colony, Baripada - OSPCB",14-12-2025 23:00,21.941841,86.728318,OZONE,28,86,86
India,Odisha,Bhubaneswar,"Lingraj Mandir, Bhubaneswar - OSPCB",14-12-2025 23:00,20.24079,85.836784,PM10,123,407,210
India,Odisha,Bhubaneswar,"Lingraj Mandir, Bhubaneswar - OSPCB",14-12-2025 23:00,20.24079,85.836784,SO2,5,50,16
India,Odisha,Bhubaneswar,"Lingraj Mandir, Bhubaneswar - OSPCB",14-12-2025 23:00,20.24079,85.836784,OZONE,4,302,91
India,Odisha,Bhubaneswar,"Patia, Bhubaneswar - OSPCB",14-12-2025 23:00,20.34652,85.8163,PM2.5,173,355,274
India,Odisha,Bhubaneswar,"Patia, Bhubaneswar - OSPCB",14-12-2025 23:00,20.34652,85.8163,CO,1,121,100
India,Odisha,Brajrajnagar,"GM Office, Brajrajnagar - OSPCB",14-12-2025 23:00,21.8004996,83.8396977,NH3,NA,NA,NA
India,Maharashtra,Solapur,"Dnyaneshwar Nagar, Solapur - MPCB",14-12-2025 23:00,17.6336264,75.9132495,CO,13,78,33
India,Maharashtra,Thane,"Kasarvadavali, Thane - MPCB",14-12-2025 23:00,19.26777,72.97182,PM10,99,158,138
India,Maharashtra,Thane,"Upvan Fort, Thane - MPCB",14-12-2025 23:00,19.222279,72.957979,CO,16,64,26
India,Maharashtra,Thane,"Upvan Fort, Thane - MPCB",14-12-2025 23:00,19.222279,72.957979,OZONE,13,151,91
India,Maharashtra,Ulhasnagar,"Sidhi Vinayak Nagar, Ulhasnagar - MPCB",14-12-2025 23:00,19.235581,73.159121,PM10,102,304,154
India,Maharashtra,Ulhasnagar,"Sidhi Vinayak Nagar, Ulhasnagar - MPCB",14-12-2025 23:00,19.235581,73.159121,SO2,1,101,17
India,Maharashtra,Pune,"Revenue Colony-Shivajinagar, Pune - IITM",14-12-2025 23:00,18.530085,73.849598,NO2,37,105,66
India,Maharashtra,Pune,"Revenue Colony-Shivajinagar, Pune - IITM",14-12-2025 23:00,18.530085,73.849598,CO,47,163,163
India,Maharashtra,Pune,"Savitribai Phule Pune University, Pune - MPCB",14-12-2025 23:00,18.547056,73.826908,NO2,NA,NA,NA
India,Maharashtra,Pune,"Transport Nagar-Nigdi, Pune - IITM",14-12-2025 23:00,18.664282,73.763966,PM10,98,244,165
India,Maharashtra,Pune,"Transport Nagar-Nigdi, Pune - IITM",14-12-2025 23:00,18.664282,73.763966,NO2,33,171,91
India,Maharashtra,Sangli,"Vijay Nagar, Sangli - MPCB",14-12-2025 23:00,16.5038,74.3623,CO,32,49,37
India,Maharashtra,Pune,"Bhumkar Nagar, Pune - IITM",14-12-2025 23:00,18.60577,73.749976,PM2.5,93,385,269
India,Maharashtra,Pune,"Hadapsar, Pune - IITM",14-12-2025 23:00,18.501793,73.927532,NO2,16,43,28
India,Maharashtra,Pune,"Hadapsar, Pune - IITM",14-12-2025 23:00,18.501793,73.927532,CO,16,66,22
India,Maharashtra,Pune,"Katraj Dairy, Pune - MPCB",14-12-2025 23:00,18.45445,73.854155,NH3,2,16,7
India,Maharashtra,Pune,"Mhada Colony, Pune - IITM",14-12-2025 23:00,18.57304,73.927715,PM2.5,87,330,216
India,Maharashtra,Pune,"Mhada Colony, Pune - IITM",14-12-2025 23:00,18.57304,73.927715,PM10,106,275,180
India,Maharashtra,Navi Mumbai,"Nerul, Navi Mumbai - MPCB",14-12-2025 23:00,19.008751,73.01662,PM10,74,180,128
India,Maharashtra,Navi Mumbai,"Sanpada, Navi Mumbai - MPCB",14-12-2025 23:00,19.0575752,73.0151367,SO2,10,26,15
India,Maharashtra,Navi Mumbai,"Tondare-Taloja, Navi Mumbai - MPCB",14-12-2025 23:00,19.063,73.1209,PM10,62,189,117
India,Maharashtra,Parbhani,"Masoom Colony, Parbhani - MPCB",14-12-2025 23:00,19.265594,76.761463,PM2.5,38,207,152
India,Nagaland,Kohima,"PWD Junction, Kohima - NPCB",14-12-2025 23:00,25.6635413,94.0989878,SO2,71,75,74
India,Nagaland,Kohima,"PWD Junction, Kohima - NPCB",14-12-2025 23:00,25.6635413,94.0989878,OZONE,5,22,16
India,Odisha,Angul,"Hakimapada, Angul - OSPCB",14-12-2025 23:00,20.832874,85.104082,CO,24,108,57
India,Odisha,Balasore,"Kalidaspur, Balasore - OSPCB",14-12-2025 23:00,21.51161,86.89088,PM2.5,97,324,247
India,Odisha,Byasanagar,"Ferro Chrome Colony, Byasanagar - OSPCB",14-12-2025 23:00,20.94185,86.1151,CO,2,54,20
India,Odisha,Cuttack,"CDA Area, Cuttack - OSPCB",14-12-2025 23:00,20.48891,85.84768,PM2.5,147,368,277
India,Odisha,Keonjhar,"Jagamohanpur, Keonjhar - OSPCB",14-12-2025 23:00,21.6439,85.599355,SO2,1,22,6
India,Odisha,Talcher,"Talcher Coalfields,Talcher - OSPCB",14-12-2025 23:00,20.9360711,85.1707021,SO2,25,100,57
India,Odisha,Tensa,"Barsua Iron Ore Mines, Tensa - OSPCB",14-12-2025 23:00,21.869985,85.167016,SO2,18,46,24
India,Puducherry,Puducherry,"Jawahar Nagar, Puducherry - PPCC",14-12-2025 23:00,11.9309,79.8027,CO,16,35,24
India,Punjab,Amritsar,"Golden Temple, Amritsar - PPCB",14-12-2025 23:00,31.62,74.876512,NH3,5,6,6
India,Punjab,Amritsar,"Golden Temple, Amritsar - PPCB",14-12-2025 23:00,31.62,74.876512,SO2,18,31,24
India,Punjab,Amritsar,"Golden Temple, Amritsar - PPCB",14-12-2025 23:00,31.62,74.876512,CO,38,63,49
India,Punjab,Bathinda,"Hardev Nagar, Bathinda - PPCB",14-12-2025 23:00,30.233011,74.907758,NO2,9,27,14
India,Punjab,Bathinda,"Hardev Nagar, Bathinda - PPCB",14-12-2025 23:00,30.233011,74.907758,SO2,11,21,16
India,Punjab,Bathinda,"Hardev Nagar, Bathinda - PPCB",14-12-2025 23:00,30.233011,74.907758,CO,76,80,78
India,Odisha,Rairangpur,"Divisional Forest Office, Rairangpur - OSPCB",14-12-2025 23:00,22.265816,86.174829,PM10,103,155,123
India,Odisha,Rairangpur,"Divisional Forest Office, Rairangpur - OSPCB",14-12-2025 23:00,22.265816,86.174829,OZONE,7,61,27
India,Odisha,Rourkela,"Fertilizer Township, Rourkela - OSPCB",14-12-2025 23:00,22.18972222,84.86277778,NO2,11,11,11
India,Odisha,Rourkela,"Raghunathpali, Rourkela - OSPCB",14-12-2025 23:00,22.220833,84.809444,NH3,2,2,2
India,Odisha,Rourkela,"Sector-2, Rourkela - OSPCB",14-12-2025 23:00,22.245,84.88111111,PM10,69,115,93
India,Odisha,Suakati,"OMC Colony, Suakati - OSPCB",14-12-2025 23:00,21.606865,85.510538,PM2.5,NA,NA,NA
India,Odisha,Talcher,"Talcher Coalfields,Talcher - OSPCB",14-12-2025 23:00,20.9360711,85.1707021,PM10,126,414,255
India,Rajasthan,Bhiwadi,"Vasundhara Nagar_UIT, Bhiwadi - RSPCB",14-12-2025 23:00,28.207266,76.829265,PM10,182,500,371
India,Rajasthan,Bhiwadi,"Vasundhara Nagar_UIT, Bhiwadi - RSPCB",14-12-2025 23:00,28.207266,76.829265,OZONE,3,148,39
India,Rajasthan,Bikaner,"MM Ground, Bikaner - RSPCB",14-12-2025 23:00,28.018792,73.292658,NH3,11,19,14
India,Rajasthan,Bikaner,"MM Ground, Bikaner - RSPCB",14-12-2025 23:00,28.018792,73.292658,SO2,2,18,8
India,Rajasthan,Bikaner,"MM Ground, Bikaner - RSPCB",14-12-2025 23:00,28.018792,73.292658,CO,18,155,109
India,Rajasthan,Bundi,"New Colony, Bundi - RSPCB",14-12-2025 23:00,25.435774,75.644272,PM2.5,52,190,103
India,Rajasthan,Bundi,"New Colony, Bundi - RSPCB",14-12-2025 23:00,25.435774,75.644272,NH3,1,2,1
India,Rajasthan,Bundi,"New Colony, Bundi - RSPCB",14-12-2025 23:00,25.435774,75.644272,SO2,1,14,5
India,Rajasthan,Chittorgarh,"Shastri Nagar, Chittorgarh - RSPCB",14-12-2025 23:00,24.892047,74.623527,PM10,55,209,122
India,Rajasthan,Baran,"Bamboliya, Baran - RSPCB",14-12-2025 23:00,25.106006,76.469948,CO,18,54,21
India,Rajasthan,Barmer,"Railway Colony, Barmer - RSPCB",14-12-2025 23:00,25.747299,71.393989,PM10,44,206,98
India,Rajasthan,Barmer,"Railway Colony, Barmer - RSPCB",14-12-2025 23:00,25.747299,71.393989,NH3,5,9,6
India,Rajasthan,Bharatpur,"Krishna Nagar, Bharatpur - RSPCB",14-12-2025 23:00,27.215415,77.50873,PM2.5,81,299,188
India,Rajasthan,Bharatpur,"Krishna Nagar, Bharatpur - RSPCB",14-12-2025 23:00,27.215415,77.50873,CO,57,126,105
India,Rajasthan,Bhiwadi,"RIICO Ind. Area III, Bhiwadi - RSPCB",14-12-2025 23:00,28.194909,76.862296,CO,24,109,67
India,Rajasthan,Churu,"Subash Chowk, Churu - RSPCB",14-12-2025 23:00,28.296139,74.961696,NH3,6,8,7
India,Rajasthan,Dholpur,"Raja Ganj, Dholpur - RSPCB",14-12-2025 23:00,26.699557,77.898881,PM10,109,205,144
India,Rajasthan,Dungarpur,"Bhoiwada, Dungarpur - RSPCB",14-12-2025 23:00,23.837789,73.714926,PM2.5,35,273,125
India,Rajasthan,Dungarpur,"Bhoiwada, Dungarpur - RSPCB",14-12-2025 23:00,23.837789,73.714926,PM10,56,175,111
India,Rajasthan,Dungarpur,"Bhoiwada, Dungarpur - RSPCB",14-12-2025 23:00,23.837789,73.714926,NO2,12,80,28
India,Rajasthan,Dungarpur,"Bhoiwada, Dungarpur - RSPCB",14-12-2025 23:00,23.837789,73.714926,NH3,3,7,4
India,Rajasthan,Dungarpur,"Bhoiwada, Dungarpur - RSPCB",14-12-2025 23:00,23.837789,73.714926,SO2,1,20,5
India,Punjab,Jalandhar,"Civil Line, Jalandhar - PPCB",14-12-2025 23:00,31.321907,75.578914,NO2,35,39,37
India,Punjab,Khanna,"Kalal Majra, Khanna - PPCB",14-12-2025 23:00,30.736056,76.209694,PM2.5,70,153,109
India,Punjab,Khanna,"Kalal Majra, Khanna - PPCB",14-12-2025 23:00,30.736056,76.209694,NH3,7,7,7
India,Punjab,Ludhiana,"Punjab Agricultural University, Ludhiana - PPCB",14-12-2025 23:00,30.9028,75.8086,PM2.5,93,115,99
India,Punjab,Mandi Gobindgarh,"RIMT University, Mandi Gobindgarh - PPCB",14-12-2025 23:00,30.649961,76.331442,NH3,6,6,6
India,Punjab,Patiala,"Model Town, Patiala - PPCB",14-12-2025 23:00,30.349388,76.366642,CO,22,108,86
India,Rajasthan,Ajmer,"Civil Lines,  Ajmer - RSPCB",14-12-2025 23:00,26.470859,74.646594,SO2,15,23,19
India,Rajasthan,Ajmer,"Civil Lines,  Ajmer - RSPCB",14-12-2025 23:00,26.470859,74.646594,CO,5,6,5
India,Rajasthan,Alwar,"Moti Doongri, Alwar - RSPCB",14-12-2025 23:00,27.554793,76.611536,PM2.5,55,122,78
India,Rajasthan,Baran,"Bamboliya, Baran - RSPCB",14-12-2025 23:00,25.106006,76.469948,SO2,6,17,11
India,Rajasthan,Jaipur,"Shastri Nagar, Jaipur - RSPCB",14-12-2025 23:00,26.9502929,75.730943,NO2,65,130,91
India,Rajasthan,Jalore,"Mudtra Sili, Jalore - RSPCB",14-12-2025 23:00,25.344694,72.626208,OZONE,4,104,43
India,Rajasthan,Jhalawar,"Rajlaxmi Nagar, Jhalawar - RSPCB",14-12-2025 23:00,24.588397,76.172782,PM2.5,55,352,174
India,Rajasthan,Jaipur,"Police Commissionerate, Jaipur - RSPCB",14-12-2025 23:00,26.9164092,75.7994901,NO2,44,97,73
India,Rajasthan,Jaipur,"Police Commissionerate, Jaipur - RSPCB",14-12-2025 23:00,26.9164092,75.7994901,OZONE,12,51,22
India,Rajasthan,Nagaur,"Karni Colony, Nagaur - RSPCB",14-12-2025 23:00,27.213494,73.734444,CO,12,105,70
India,Rajasthan,Pali,"Indira Colony Vistar, Pali - RSPCB",14-12-2025 23:00,25.771061,73.340227,PM10,103,257,140
India,Rajasthan,Pratapgarh,"Pragati Nagar, Pratapgarh - RSPCB",14-12-2025 23:00,24.041198,74.780702,PM2.5,23,97,63
India,Rajasthan,Rajsamand,"Dhoinda, Rajsamand - RSPCB",14-12-2025 23:00,25.03636,73.883502,PM2.5,37,283,98
India,Rajasthan,Rajsamand,"Dhoinda, Rajsamand - RSPCB",14-12-2025 23:00,25.03636,73.883502,CO,NA,NA,NA
India,Rajasthan,Rajsamand,"Dhoinda, Rajsamand - RSPCB",14-12-2025 23:00,25.03636,73.883502,OZONE,NA,NA,NA
India,Rajasthan,Sawai Madhopur,"Sahu Nagar, Sawai Madhopur - RSPCB",14-12-2025 23:00,26.031443,76.359327,PM2.5,34,244,92
India,Rajasthan,Kota,"Dhanmandi, Kota - RSPCB",14-12-2025 23:00,25.16409,75.858137,SO2,2,111,17
India,Rajasthan,Kota,"Dhanmandi, Kota - RSPCB",14-12-2025 23:00,25.16409,75.858137,OZONE,4,158,55
India,Rajasthan,Kota,"Nayapura, Kota - RSPCB",14-12-2025 23:00,25.196024,75.855668,PM10,105,259,151
India,Rajasthan,Kota,"Shrinath Puram, Kota - RSPCB",14-12-2025 23:00,25.14389,75.821256,PM2.5,89,303,163
India,Rajasthan,Kota,"Shrinath Puram, Kota - RSPCB",14-12-2025 23:00,25.14389,75.821256,CO,39,118,80
India,Rajasthan,Nagaur,"Karni Colony, Nagaur - RSPCB",14-12-2025 23:00,27.213494,73.734444,PM10,89,456,272
India,Rajasthan,Sirohi,"Vedhaynath Colony, Sirohi - RSPCB",14-12-2025 23:00,24.885261,72.857549,NO2,10,119,49
India,Rajasthan,Sirohi,"Vedhaynath Colony, Sirohi - RSPCB",14-12-2025 23:00,24.885261,72.857549,SO2,4,14,7
India,Rajasthan,Sirohi,"Vedhaynath Colony, Sirohi - RSPCB",14-12-2025 23:00,24.885261,72.857549,OZONE,4,107,50
India,Rajasthan,Sri Ganganagar,"Old City, Sri Ganganagar - RSPCB",14-12-2025 23:00,29.931624,73.864511,PM10,162,428,229
India,Rajasthan,Tonk,"Shastri Nagar, Tonk - RSPCB",14-12-2025 23:00,26.159933,75.780517,SO2,2,5,3
India,Rajasthan,Tonk,"Shastri Nagar, Tonk - RSPCB",14-12-2025 23:00,26.159933,75.780517,OZONE,1,185,58
India,TamilNadu,Chennai,"Velachery Res. Area, Chennai - CPCB",14-12-2025 23:00,13.0052189,80.2398125,OZONE,2,8,5
India,TamilNadu,Coimbatore,"PSG College of Arts and Science, Coimbatore - TNPCB",14-12-2025 23:00,11.0328,77.0349,SO2,1,42,6
India,TamilNadu,Coimbatore,"SIDCO Kurichi, Coimbatore - TNPCB",14-12-2025 23:00,10.942451,76.978996,PM10,48,91,65
India,TamilNadu,Coimbatore,"SIDCO Kurichi, Coimbatore - TNPCB",14-12-2025 23:00,10.942451,76.978996,NO2,4,15,11
India,Rajasthan,Jodhpur,"Mandor, Jodhpur - RSPCB",14-12-2025 23:00,26.358805,73.047444,NH3,4,8,6
India,Rajasthan,Jodhpur,"Samrat Ashok Udhyan, Jodhpur - RSPCB",14-12-2025 23:00,26.253384,72.976571,PM10,55,306,134
India,Rajasthan,Jodhpur,"Samrat Ashok Udhyan, Jodhpur - RSPCB",14-12-2025 23:00,26.253384,72.976571,CO,32,119,45
India,Rajasthan,Karauli,"Satyawati Vihar, Karauli - RSPCB",14-12-2025 23:00,26.506177,77.025989,NO2,26,81,45
India,Rajasthan,Udaipur,"Ashok Nagar, Udaipur - RSPCB",14-12-2025 23:00,24.5886166,73.6321397,SO2,6,10,8
India,TamilNadu,Ariyalur,"Keelapalur, Ariyalur - TNPCB",14-12-2025 23:00,11.06825,79.07033,PM10,48,75,59
India,TamilNadu,Chennai,"Kodungaiyur, Chennai - TNPCB",14-12-2025 23:00,13.1278,80.2642,NH3,2,3,2
India,Rajasthan,Jhunjhunu,"Indra Nagar, Jhunjhunu - RSPCB",14-12-2025 23:00,28.108988,75.386577,SO2,3,9,6
India,Rajasthan,Jodhpur,"Collectorate, Jodhpur - RSPCB",14-12-2025 23:00,26.268249,73.0193853,PM10,75,434,165
India,Rajasthan,Jodhpur,"Digari Kalan, Jodhpur - RSPCB",14-12-2025 23:00,26.29581,73.082283,NH3,7,21,11
India,TamilNadu,Dindigul,"Mendonsa Colony, Dindigul - TNPCB",14-12-2025 23:00,10.358535,77.984321,NH3,NA,NA,NA
India,TamilNadu,Dindigul,"Mendonsa Colony, Dindigul - TNPCB",14-12-2025 23:00,10.358535,77.984321,CO,21,24,23
India,TamilNadu,Nagapattinam,"Velippalayam, Nagapattinam - TNPCB",14-12-2025 23:00,10.798548,79.838212,PM2.5,NA,NA,NA
India,TamilNadu,Chennai,"Manali, Chennai - CPCB",14-12-2025 23:00,13.164544,80.26285,NH3,NA,NA,NA
India,TamilNadu,Chennai,"Manali, Chennai - CPCB",14-12-2025 23:00,13.164544,80.26285,SO2,NA,NA,NA
India,TamilNadu,Chennai,"Royapuram, Chennai - TNPCB",14-12-2025 23:00,13.1036,80.2909,PM2.5,15,49,25
India,Uttar_Pradesh,Ghaziabad,"Sanjay Nagar, Ghaziabad - UPPCB",14-12-2025 23:00,28.685382,77.453839,SO2,11,18,14
India,Uttar_Pradesh,Ghaziabad,"Vasundhara, Ghaziabad - UPPCB",14-12-2025 23:00,28.6603346,77.3572563,PM10,425,500,478
India,Uttar_Pradesh,Ghaziabad,"Vasundhara, Ghaziabad - UPPCB",14-12-2025 23:00,28.6603346,77.3572563,NO2,76,230,115
India,Uttar_Pradesh,Ghaziabad,"Vasundhara, Ghaziabad - UPPCB",14-12-2025 23:00,28.6603346,77.3572563,CO,90,170,162
India,Uttar_Pradesh,Gorakhpur,"Madan Mohan Malaviya University of Technology, Gorakhpur - UPPCB",14-12-2025 23:00,26.730136,83.433859,PM10,24,329,69
India,Uttar_Pradesh,Greater Noida,"Knowledge Park - III, Greater Noida - UPPCB",14-12-2025 23:00,28.47272,77.482,NH3,NA,NA,NA
India,Uttar_Pradesh,Greater Noida,"Knowledge Park - III, Greater Noida - UPPCB",14-12-2025 23:00,28.47272,77.482,OZONE,NA,NA,NA
India,Uttar_Pradesh,Greater Noida,"Knowledge Park - V, Greater Noida - UPPCB",14-12-2025 23:00,28.557054,77.453663,NO2,56,142,91
India,Uttar_Pradesh,Agra,"Manoharpur, Agra - UPPCB",14-12-2025 23:00,27.23711,78.01936,NH3,3,4,3
India,Uttar_Pradesh,Agra,"Manoharpur, Agra - UPPCB",14-12-2025 23:00,27.23711,78.01936,OZONE,7,7,7
India,Uttar_Pradesh,Agra,"Rohta, Agra - UPPCB",14-12-2025 23:00,27.106972,78.000111,CO,25,104,56
India,Uttar_Pradesh,Agra,"Sanjay Palace, Agra - UPPCB",14-12-2025 23:00,27.19865833,78.00598056,SO2,16,20,17
India,Uttar_Pradesh,Agra,"Sector-3B Avas Vikas Colony, Agra - UPPCB",14-12-2025 23:00,27.19412,77.96237,PM2.5,77,355,212
India,Uttar_Pradesh,Agra,"Sector-3B Avas Vikas Colony, Agra - UPPCB",14-12-2025 23:00,27.19412,77.96237,SO2,10,11,10
India,Uttar_Pradesh,Agra,"Sector-3B Avas Vikas Colony, Agra - UPPCB",14-12-2025 23:00,27.19412,77.96237,CO,22,71,41
India,Telangana,Hyderabad,"Sanathnagar, Hyderabad - TSPCB",14-12-2025 23:00,17.4559458,78.4332152,SO2,12,19,15
India,Telangana,Hyderabad,"Sanathnagar, Hyderabad - TSPCB",14-12-2025 23:00,17.4559458,78.4332152,CO,49,64,52
India,Telangana,Hyderabad,"Somajiguda, Hyderabad - TSPCB",14-12-2025 23:00,17.417094,78.457437,PM2.5,77,274,167
India,Telangana,Hyderabad,"Somajiguda, Hyderabad - TSPCB",14-12-2025 23:00,17.417094,78.457437,NH3,3,5,4
India,Telangana,Hyderabad,"Somajiguda, Hyderabad - TSPCB",14-12-2025 23:00,17.417094,78.457437,SO2,15,21,18
India,Telangana,Hyderabad,"Zoo Park, Hyderabad - TSPCB",14-12-2025 23:00,17.349694,78.451437,PM2.5,68,182,111
India,Telangana,Hyderabad,"Zoo Park, Hyderabad - TSPCB",14-12-2025 23:00,17.349694,78.451437,CO,2,67,26
India,Telangana,Hyderabad,"New Malakpet, Hyderabad - TSPCB",14-12-2025 23:00,17.37206,78.50864,SO2,15,23,18
India,Telangana,Hyderabad,"Ramachandrapuram, Hyderabad - TSPCB",14-12-2025 23:00,17.528544,78.286195,PM2.5,44,55,51
India,Telangana,Hyderabad,"Ramachandrapuram, Hyderabad - TSPCB",14-12-2025 23:00,17.528544,78.286195,PM10,62,73,69
India,Telangana,Hyderabad,"Ramachandrapuram, Hyderabad - TSPCB",14-12-2025 23:00,17.528544,78.286195,SO2,11,16,13
India,Telangana,Hyderabad,"Ramachandrapuram, Hyderabad - TSPCB",14-12-2025 23:00,17.528544,78.286195,CO,40,84,51
India,Telangana,Hyderabad,"Ramachandrapuram, Hyderabad - TSPCB",14-12-2025 23:00,17.528544,78.286195,OZONE,20,35,32
India,Telangana,Hyderabad,"Sanathnagar, Hyderabad - TSPCB",14-12-2025 23:00,17.4559458,78.4332152,PM2.5,50,160,94
India,TamilNadu,Thoothukudi,"Meelavittan, Thoothukudi - TNPCB",14-12-2025 23:00,8.816428,78.099039,NO2,4,11,8
India,TamilNadu,Thoothukudi,"Meelavittan, Thoothukudi - TNPCB",14-12-2025 23:00,8.816428,78.099039,OZONE,25,54,38
India,TamilNadu,Virudhunagar,"Collectorate Office, Virudhunagar - TNPCB",14-12-2025 23:00,9.559382,77.948828,PM2.5,NA,NA,NA
India,TamilNadu,Virudhunagar,"Collectorate Office, Virudhunagar - TNPCB",14-12-2025 23:00,9.559382,77.948828,NH3,NA,NA,NA
India,Telangana,Hyderabad,"Bollaram Industrial Area, Hyderabad - TSPCB",14-12-2025 23:00,17.540891,78.358528,PM2.5,57,175,121
India,Uttar_Pradesh,Agra,"Shahjahan Garden, Agra - UPPCB",14-12-2025 23:00,27.169338,78.03582,OZONE,NA,NA,NA
India,Uttar_Pradesh,Baghpat,"Sardar Patel Inter College, Baghpat - UPPCB",14-12-2025 23:00,28.964949,77.278761,PM10,192,480,377
India,Uttar_Pradesh,Baghpat,"Sardar Patel Inter College, Baghpat - UPPCB",14-12-2025 23:00,28.964949,77.278761,NO2,24,94,44
India,Uttar_Pradesh,Bareilly,"Civil Lines, Bareilly - UPPCB",14-12-2025 23:00,28.359581,79.414455,NO2,2,3,2
India,TamilNadu,Perundurai,"SIPCOT Industrial Park, Perundurai - TNPCB",14-12-2025 23:00,11.258242,77.552761,OZONE,22,22,22
India,TamilNadu,Pudukottai,"SIPCOT Nathampannai, Pudukottai - TNPCB",14-12-2025 23:00,10.423417,78.784889,NO2,4,10,6
India,TamilNadu,Thanjavur,"Parisutham Nagar, Thanjavur - TNPCB",14-12-2025 23:00,10.7654824,79.1389968,PM2.5,38,62,50
India,Telangana,Hyderabad,"Central University, Hyderabad - TSPCB",14-12-2025 23:00,17.460103,78.334361,NH3,4,8,5
India,Telangana,Hyderabad,"ECIL Kapra, Hyderabad - TSPCB",14-12-2025 23:00,17.470431,78.566959,NO2,NA,NA,NA
India,Telangana,Hyderabad,"ECIL Kapra, Hyderabad - TSPCB",14-12-2025 23:00,17.470431,78.566959,NH3,NA,NA,NA
India,Telangana,Hyderabad,"ECIL Kapra, Hyderabad - TSPCB",14-12-2025 23:00,17.470431,78.566959,SO2,NA,NA,NA
India,Telangana,Hyderabad,"IITH Kandi, Hyderabad - TSPCB",14-12-2025 23:00,17.585705,78.126199,NH3,2,4,3
India,Uttar_Pradesh,Bareilly,"Rajendra Nagar, Bareilly - UPPCB",14-12-2025 23:00,28.38910936,79.42963708,PM2.5,43,142,80
India,Uttar_Pradesh,Bareilly,"Rajendra Nagar, Bareilly - UPPCB",14-12-2025 23:00,28.38910936,79.42963708,NH3,1,1,1
India,Uttar_Pradesh,Bulandshahr,"Yamunapuram, Bulandshahr - UPPCB",14-12-2025 23:00,28.406963,77.849831,OZONE,2,88,29
India,Uttar_Pradesh,Prayagraj,"Motilal Nehru NIT, Prayagraj - UPPCB",14-12-2025 23:00,25.494,81.863,CO,NA,NA,NA
India,Uttar_Pradesh,Prayagraj,"Nagar Nigam, Prayagraj - UPPCB",14-12-2025 23:00,25.44919916,81.82735986,NH3,13,18,15
India,Uttar_Pradesh,Varanasi,"Ardhali Bazar, Varanasi - UPPCB",14-12-2025 23:00,25.3505986,82.9083074,PM2.5,75,341,232
India,Uttar_Pradesh,Varanasi,"Ardhali Bazar, Varanasi - UPPCB",14-12-2025 23:00,25.3505986,82.9083074,SO2,9,13,10
India,Uttar_Pradesh,Varanasi,"Bhelupur, Varanasi - UPPCB",14-12-2025 23:00,25.301778,82.996789,NH3,1,1,1
India,Uttar_Pradesh,Varanasi,"IESD Banaras Hindu University, Varanasi - UPPCB",14-12-2025 23:00,25.262326,82.995408,PM10,98,274,176
India,Uttar_Pradesh,Lucknow,"Kendriya Vidyalaya, Lucknow - CPCB",14-12-2025 23:00,26.906111,80.948222,SO2,2,23,9
India,Uttar_Pradesh,Lucknow,"Kendriya Vidyalaya, Lucknow - CPCB",14-12-2025 23:00,26.906111,80.948222,OZONE,10,78,48
India,Uttar_Pradesh,Lucknow,"Kukrail Picnic Spot-1, Lucknow - UPPCB",14-12-2025 23:00,26.90723,80.98579,OZONE,7,35,15
India,Uttar_Pradesh,Lucknow,"Lalbagh, Lucknow - CPCB",14-12-2025 23:00,26.8458805,80.9365541,PM10,116,432,235
India,Uttar_Pradesh,Lucknow,"Talkatora District Industries Center, Lucknow - CPCB",14-12-2025 23:00,26.83399722,80.8917361,SO2,2,78,10
India,Uttar_Pradesh,Lucknow,"Talkatora District Industries Center, Lucknow - CPCB",14-12-2025 23:00,26.83399722,80.8917361,OZONE,9,53,30
India,Uttar_Pradesh,Varanasi,"Maldahiya, Varanasi - UPPCB",14-12-2025 23:00,25.32393,82.99687,PM10,77,265,147
India,Uttar_Pradesh,Varanasi,"Maldahiya, Varanasi - UPPCB",14-12-2025 23:00,25.32393,82.99687,NO2,2,2,2
India,Uttar_Pradesh,Vrindavan,"Omex Eternity, Vrindavan - UPPCB",14-12-2025 23:00,27.571409,77.655757,SO2,10,13,11
India,Uttarakhand,Dehradun,"Doon University, Dehradun - UKPCB",14-12-2025 23:00,30.269444,78.044167,NO2,1,5,3
India,Uttarakhand,Kashipur,"Govt. Girls Inter College, Kashipur - UKPCB",14-12-2025 23:00,29.2124114,78.9611753,PM2.5,77,102,87
India,Uttar_Pradesh,Noida,"Sector - 62, Noida - IMD",14-12-2025 23:00,28.6245479,77.3577104,PM10,352,436,404
India,Uttar_Pradesh,Noida,"Sector-1, Noida - UPPCB",14-12-2025 23:00,28.5898,77.3101,PM2.5,449,500,489
India,Uttar_Pradesh,Noida,"Sector-116, Noida - UPPCB",14-12-2025 23:00,28.56923,77.393848,PM10,405,500,473
India,Uttar_Pradesh,Noida,"Sector-116, Noida - UPPCB",14-12-2025 23:00,28.56923,77.393848,SO2,5,11,9
India,Uttar_Pradesh,Prayagraj,"Jhunsi, Prayagraj - UPPCB",14-12-2025 23:00,25.425602,81.917152,CO,56,119,90
India,Uttar_Pradesh,Jhansi,"Shivaji Nagar, Jhansi - UPPCB",14-12-2025 23:00,25.4547,78.6039,SO2,12,18,15
India,Uttar_Pradesh,Jhansi,"Shivaji Nagar, Jhansi - UPPCB",14-12-2025 23:00,25.4547,78.6039,CO,24,94,60
India,Uttar_Pradesh,Kanpur,"FTI Kidwai Nagar, Kanpur - UPPCB",14-12-2025 23:00,26.428282,80.327067,NH3,2,2,2
India,Uttar_Pradesh,Kanpur,"NSI Kalyanpur, Kanpur - UPPCB",14-12-2025 23:00,26.509954,80.249612,SO2,18,26,20
India,Uttar_Pradesh,Kanpur,"Nehru Nagar, Kanpur - UPPCB",14-12-2025 23:00,26.4703136,80.3229863,PM2.5,64,321,166
India,Uttar_Pradesh,Meerut,"Jai Bhim Nagar, Meerut - UPPCB",14-12-2025 23:00,28.9535882,77.7622941,NO2,11,74,34
India,Uttar_Pradesh,Moradabad,"Buddhi Vihar, Moradabad - UPPCB",14-12-2025 23:00,28.83526,78.7446,PM10,67,242,132
India,Uttar_Pradesh,Moradabad,"Buddhi Vihar, Moradabad - UPPCB",14-12-2025 23:00,28.83526,78.7446,OZONE,10,20,13
India,Uttar_Pradesh,Moradabad,"Eco Herbal Park, Moradabad - UPPCB",14-12-2025 23:00,28.840739,78.697531,PM10,104,218,145
India,Uttar_Pradesh,Kanpur,"Nehru Nagar, Kanpur - UPPCB",14-12-2025 23:00,26.4703136,80.3229863,OZONE,6,10,8
India,Uttar_Pradesh,Khurja,"Kalindi Kunj, Khurja - UPPCB",14-12-2025 23:00,28.2348927,77.8683002,NO2,6,7,7
India,Uttar_Pradesh,Lucknow,"B R Ambedkar University, Lucknow - UPPCB",14-12-2025 23:00,26.766433,80.927299,CO,38,53,41
India,Uttar_Pradesh,Muzaffarnagar,"New Mandi, Muzaffarnagar - UPPCB",14-12-2025 23:00,29.4723508,77.7194031,OZONE,3,213,69
India,Uttar_Pradesh,Noida,"Sector - 125, Noida - UPPCB",14-12-2025 23:00,28.5447608,77.3231257,PM10,333,500,440
India,Uttar_Pradesh,Moradabad,"Jigar Colony, Moradabad - UPPCB",14-12-2025 23:00,28.856664,78.772638,PM2.5,60,272,98
India,Uttar_Pradesh,Moradabad,"Jigar Colony, Moradabad - UPPCB",14-12-2025 23:00,28.856664,78.772638,OZONE,17,25,20
India,West_Bengal,Asansol,"Evelyn Lodge, Asansol - WBPCB",14-12-2025 23:00,23.697936,86.944395,CO,5,92,53
India,West_Bengal,Asansol,"Mahabir Colliery, Asansol - WBPCB",14-12-2025 23:00,23.618183,87.105718,NH3,1,1,1
India,West_Bengal,Asansol,"Trivenidevi Bhalotia College, Asansol - WBPCB",14-12-2025 23:00,23.616515,87.119133,NH3,7,9,8
India,West_Bengal,Barrackpore,"SVSPA Campus, Barrackpore - WBPCB",14-12-2025 23:00,22.7605581,88.3617589,SO2,8,11,9
India,West_Bengal,Durgapur,"Mahishkapur Road_B-Zone, Durgapur - WBPCB",14-12-2025 23:00,23.567923,87.306843,PM10,48,118,84
India,West_Bengal,Durgapur,"Womens College_City Center, Durgapur - WBPCB (Formerly known as Sidhu Kanhu Indoor Stadium)",14-12-2025 23:00,23.549395,87.300496,PM2.5,39,204,96
India,West_Bengal,Durgapur,"Womens College_City Center, Durgapur - WBPCB (Formerly known as Sidhu Kanhu Indoor Stadium)",14-12-2025 23:00,23.549395,87.300496,PM10,73,161,114
India,West_Bengal,Durgapur,"Womens College_City Center, Durgapur - WBPCB (Formerly known as Sidhu Kanhu Indoor Stadium)",14-12-2025 23:00,23.549395,87.300496,SO2,13,30,21
India,West_Bengal,Haldia,"Priyambada Housing Estate, Haldia - WBPCB",14-12-2025 23:00,22.06047,88.109737,PM2.5,69,302,182
India,West_Bengal,Howrah,"Belur Math, Howrah - WBPCB",14-12-2025 23:00,22.629801,88.352017,PM2.5,68,403,261
India,West_Bengal,Howrah,"Belur Math, Howrah - WBPCB",14-12-2025 23:00,22.629801,88.352017,NO2,21,51,32
India,West_Bengal,Howrah,"Dasnagar, Howrah - WBPCB",14-12-2025 23:00,22.6025571,88.3105664,OZONE,5,84,33
India,West_Bengal,Howrah,"Ghusuri, Howrah - WBPCB",14-12-2025 23:00,22.611968,88.347422,PM10,66,423,208
India,West_Bengal,Howrah,"Padmapukur, Howrah - WBPCB",14-12-2025 23:00,22.5687319,88.2797276,SO2,5,12,8
India,West_Bengal,Kolkata,"Jadavpur, Kolkata - WBPCB",14-12-2025 23:00,22.49929,88.36917,PM2.5,53,338,192
India,West_Bengal,Kolkata,"Jadavpur, Kolkata - WBPCB",14-12-2025 23:00,22.49929,88.36917,NO2,29,158,86
India,West_Bengal,Kolkata,"Rabindra Bharati University, Kolkata - WBPCB",14-12-2025 23:00,22.627847,88.380669,PM2.5,51,280,146
India,West_Bengal,Kolkata,"Rabindra Bharati University, Kolkata - WBPCB",14-12-2025 23:00,22.627847,88.380669,CO,30,117,65
India,West_Bengal,Kolkata,"Rabindra Sarobar, Kolkata - WBPCB",14-12-2025 23:00,22.51106,88.35142,NO2,29,171,108
India,West_Bengal,Kolkata,"Rabindra Sarobar, Kolkata - WBPCB",14-12-2025 23:00,22.51106,88.35142,NH3,8,44,23
India,West_Bengal,Kolkata,"Rabindra Sarobar, Kolkata - WBPCB",14-12-2025 23:00,22.51106,88.35142,CO,16,115,71
India,West_Bengal,Kolkata,"Victoria, Kolkata - WBPCB",14-12-2025 23:00,22.5448082,88.3403691,PM2.5,81,377,245
India,West_Bengal,Kolkata,"Victoria, Kolkata - WBPCB",14-12-2025 23:00,22.5448082,88.3403691,NH3,5,5,5
India,West_Bengal,Siliguri,"Ward-32 Bapupara, Siliguri - WBPCB",14-12-2025 23:00,26.6879226,88.4152495,NH3,11,11,11
India,West_Bengal,Siliguri,"Ward-32 Bapupara, Siliguri - WBPCB",14-12-2025 23:00,26.6879226,88.4152495,SO2,13,20,15
India,Assam,Guwahati,"Railway Colony, Guwahati - PCBA",14-12-2025 23:00,26.181742,91.78063,PM10,41,309,134
India,Assam,Nagaon,"Christianpatty, Nagaon - PCBA",14-12-2025 23:00,26.349082,92.68449,PM2.5,61,153,110
India,Assam,Nagaon,"Christianpatty, Nagaon - PCBA",14-12-2025 23:00,26.349082,92.68449,NO2,1,1,1
India,Assam,Nagaon,"Christianpatty, Nagaon - PCBA",14-12-2025 23:00,26.349082,92.68449,NH3,4,4,4
India,Assam,Nagaon,"Christianpatty, Nagaon - PCBA",14-12-2025 23:00,26.349082,92.68449,OZONE,7,9,9
India,Assam,Nalbari,"Bata Chowk, Nalbari - PCBA",14-12-2025 23:00,26.446912,91.439057,PM10,NA,NA,NA
India,Assam,Nalbari,"Bata Chowk, Nalbari - PCBA",14-12-2025 23:00,26.446912,91.439057,NO2,14,15,14
India,Assam,Nalbari,"Bata Chowk, Nalbari - PCBA",14-12-2025 23:00,26.446912,91.439057,SO2,6,8,8
India,Assam,Silchar,"Tarapur, Silchar - PCBA",14-12-2025 23:00,24.82827,92.79525,NH3,1,2,1
India,Assam,Silchar,"Tarapur, Silchar - PCBA",14-12-2025 23:00,24.82827,92.79525,SO2,4,8,7
India,Bihar,Motihari,"Gandak Colony, Motihari - BSPCB",14-12-2025 23:00,26.63086,84.90051,PM10,24,129,78
India,Bihar,Motihari,"Gandak Colony, Motihari - BSPCB",14-12-2025 23:00,26.63086,84.90051,OZONE,3,6,5
India,Bihar,Munger,"Town Hall, Munger - BSPCB",14-12-2025 23:00,25.376776,86.471523,OZONE,12,22,14
India,Bihar,Muzaffarpur,"Buddha Colony, Muzaffarpur - BSPCB",14-12-2025 23:00,26.11442,85.39813,NO2,17,54,29
India,Bihar,Muzaffarpur,"Buddha Colony, Muzaffarpur - BSPCB",14-12-2025 23:00,26.11442,85.39813,NH3,8,16,13
India,Bihar,Muzaffarpur,"Buddha Colony, Muzaffarpur - BSPCB",14-12-2025 23:00,26.11442,85.39813,SO2,4,18,9
India,Bihar,Muzaffarpur,"MIT-Daudpur Kothi, Muzaffarpur - BSPCB",14-12-2025 23:00,26.1403345,85.3650192,NO2,1,5,2
India,Bihar,Muzaffarpur,"MIT-Daudpur Kothi, Muzaffarpur - BSPCB",14-12-2025 23:00,26.1403345,85.3650192,NH3,1,1,1
India,Bihar,Muzaffarpur,"MIT-Daudpur Kothi, Muzaffarpur - BSPCB",14-12-2025 23:00,26.1403345,85.3650192,OZONE,17,63,43
India,Bihar,Buxar,"Charitra Van, Buxar - BSPCB",14-12-2025 23:00,25.56752,83.966379,SO2,6,13,9
India,Bihar,Buxar,"Charitra Van, Buxar - BSPCB",14-12-2025 23:00,25.56752,83.966379,CO,22,27,24
India,Bihar,Chhapra,"Darshan Nagar, Chhapra - BSPCB",14-12-2025 23:00,25.7808257,84.7446768,PM2.5,38,157,83
India,Bihar,Chhapra,"Darshan Nagar, Chhapra - BSPCB",14-12-2025 23:00,25.7808257,84.7446768,CO,8,22,16
India,Bihar,Chhapra,"Darshan Nagar, Chhapra - BSPCB",14-12-2025 23:00,25.7808257,84.7446768,OZONE,26,73,53
India,Bihar,Gaya,"Kareemganj, Gaya - BSPCB",14-12-2025 23:00,24.792403,84.992416,NO2,2,7,5
India,Bihar,Gaya,"Kareemganj, Gaya - BSPCB",14-12-2025 23:00,24.792403,84.992416,NH3,4,6,5
India,Bihar,Gaya,"SFTI Kusdihra, Gaya - BSPCB",14-12-2025 23:00,24.762518,84.982348,PM2.5,72,87,78
India,Bihar,Gaya,"SFTI Kusdihra, Gaya - BSPCB",14-12-2025 23:00,24.762518,84.982348,NO2,23,27,25
India,Andhra_Pradesh,Visakhapatnam,"GVM Corporation, Visakhapatnam - APPCB",14-12-2025 23:00,17.72,83.3,NH3,3,4,4
India,Arunachal_Pradesh,Naharlagun,"Naharlagun, Naharlagun - APSPCB",14-12-2025 23:00,27.103358,93.679645,PM10,46,499,163
India,Arunachal_Pradesh,Naharlagun,"Naharlagun, Naharlagun - APSPCB",14-12-2025 23:00,27.103358,93.679645,OZONE,5,6,6
India,Assam,Byrnihat,"Central Academy for SFS, Byrnihat - PCBA",14-12-2025 23:00,26.071318,91.87488,CO,43,59,50
India,Assam,Guwahati,"LGBI Airport, Guwahati - PCBA",14-12-2025 23:00,26.10887,91.589544,NO2,13,17,15
India,Assam,Guwahati,"LGBI Airport, Guwahati - PCBA",14-12-2025 23:00,26.10887,91.589544,SO2,6,25,14
India,Assam,Guwahati,"LGBI Airport, Guwahati - PCBA",14-12-2025 23:00,26.10887,91.589544,OZONE,11,14,12
India,Bihar,Hajipur,"Industrial Area, Hajipur - BSPCB",14-12-2025 23:00,25.697189,85.2459,NO2,24,56,38
India,Bihar,Hajipur,"Industrial Area, Hajipur - BSPCB",14-12-2025 23:00,25.697189,85.2459,NH3,8,23,15
India,Bihar,Hajipur,"Industrial Area, Hajipur - BSPCB",14-12-2025 23:00,25.697189,85.2459,CO,20,76,38
India,Bihar,Katihar,"Mirchaibari, Katihar - BSPCB",14-12-2025 23:00,25.560083,87.553265,OZONE,NA,NA,NA
India,Bihar,Kishanganj,"SDM Office_Khagra, Kishanganj - BSPCB",14-12-2025 23:00,26.0881305,87.93840336,PM10,116,409,170
India,Bihar,Kishanganj,"SDM Office_Khagra, Kishanganj - BSPCB",14-12-2025 23:00,26.0881305,87.93840336,CO,16,24,22
India,Bihar,Manguraha,"Forest Rest House, Manguraha - BSPCB",14-12-2025 23:00,27.308328,84.531742,NO2,4,12,7
India,Assam,Sivasagar,"Girls College, Sivasagar - PCBA",14-12-2025 23:00,26.987634,94.636574,SO2,11,19,13
India,Assam,Sivasagar,"Girls College, Sivasagar - PCBA",14-12-2025 23:00,26.987634,94.636574,OZONE,4,76,27
India,Bihar,Arrah,"New DM Office, Arrah - BSPCB",14-12-2025 23:00,25.5626095,84.663264,OZONE,5,10,8
India,Bihar,Aurangabad,"Gurdeo Nagar, Aurangabad - BSPCB",14-12-2025 23:00,24.75746,84.366208,PM10,81,205,145
India,Bihar,Begusarai,"Lohiyanagar, Begusarai - BSPCB",14-12-2025 23:00,25.42742023,86.13886079,NO2,7,21,13
India,Andhra_Pradesh,Kadapa,"Yerramukkapalli, Kadapa - APPCB",14-12-2025 23:00,14.465052,78.824187,PM10,37,104,66
India,Andhra_Pradesh,Tirumala,"Toll Gate, Tirumala - APPCB",14-12-2025 23:00,13.67,79.35,PM2.5,98,218,151
India,Andhra_Pradesh,Tirumala,"Toll Gate, Tirumala - APPCB",14-12-2025 23:00,13.67,79.35,CO,1,73,23
India,Andhra_Pradesh,Tirupati,"Vaikuntapuram, Tirupati - APPCB",14-12-2025 23:00,13.615387,79.40923,SO2,17,18,17
India,Andhra_Pradesh,Vijayawada,"HB Colony, Vijayawada - APPCB",14-12-2025 23:00,16.536107,80.594233,PM2.5,52,75,63
India,Andhra_Pradesh,Vijayawada,"HB Colony, Vijayawada - APPCB",14-12-2025 23:00,16.536107,80.594233,NH3,3,4,3
India,Andhra_Pradesh,Vijayawada,"HB Colony, Vijayawada - APPCB",14-12-2025 23:00,16.536107,80.594233,CO,40,44,44
India,Andhra_Pradesh,Vijayawada,"Kanuru, Vijayawada - APPCB",14-12-2025 23:00,16.486692,80.699436,SO2,NA,NA,NA
India,Andhra_Pradesh,Vijayawada,"Rajiv Gandhi Park, Vijayawada - APPCB",14-12-2025 23:00,16.509717,80.612222,NO2,10,86,40
India,Andhra_Pradesh,Visakhapatnam,"GVM Corporation, Visakhapatnam - APPCB",14-12-2025 23:00,17.72,83.3,PM2.5,208,317,276
India,Bihar,Bettiah,"Kamalnath Nagar, Bettiah - BSPCB",14-12-2025 23:00,26.80365,84.51954,NH3,1,1,1
India,Bihar,Bettiah,"Kamalnath Nagar, Bettiah - BSPCB",14-12-2025 23:00,26.80365,84.51954,SO2,4,15,10
India,Bihar,Bettiah,"Kamalnath Nagar, Bettiah - BSPCB",14-12-2025 23:00,26.80365,84.51954,OZONE,22,23,22
India,Bihar,Bhagalpur,"DM Office_Kachari Chowk, Bhagalpur - BSPCB",14-12-2025 23:00,25.251013,86.989001,PM2.5,15,160,73
India,Bihar,Bhagalpur,"Mayaganj, Bhagalpur - BSPCB",14-12-2025 23:00,25.265194,87.012947,NO2,NA,NA,NA
India,Bihar,Bhagalpur,"Mayaganj, Bhagalpur - BSPCB",14-12-2025 23:00,25.265194,87.012947,SO2,NA,NA,NA
India,Andaman and Nicobar,Sri Vijaya Puram,"Police Line, Sri Vijaya Puram - ANPCC",14-12-2025 23:00,11.654054,92.734055,SO2,NA,NA,NA
India,Andhra_Pradesh,Amaravati,"Secretariat, Amaravati - APPCB",14-12-2025 23:00,16.5150833,80.5181667,PM10,95,222,143
India,Andhra_Pradesh,Chittoor,"Gangineni Cheruvu, Chittoor - APPCB",14-12-2025 23:00,13.20488,79.097889,PM2.5,31,228,143
India,Andhra_Pradesh,Chittoor,"Gangineni Cheruvu, Chittoor - APPCB",14-12-2025 23:00,13.20488,79.097889,OZONE,54,61,55
India,Chhattisgarh,Raipur,"Bhatagaon New ISBT, Raipur - CECB",14-12-2025 23:00,21.219665,81.630094,PM10,42,143,82
India,Chhattisgarh,Raipur,"Bhatagaon New ISBT, Raipur - CECB",14-12-2025 23:00,21.219665,81.630094,NH3,2,2,2
India,Chhattisgarh,Raipur,"Bhatagaon New ISBT, Raipur - CECB",14-12-2025 23:00,21.219665,81.630094,OZONE,3,11,5
India,Chhattisgarh,Raipur,"Krishak Nagar, Raipur - CECB",14-12-2025 23:00,21.237755,81.705301,CO,32,50,38
India,Chhattisgarh,Raipur,"Siltara Phase-II, Raipur - CECB",14-12-2025 23:00,21.371751,81.664929,CO,34,36,35
India,Chhattisgarh,Raipur,"Siltara Phase-II, Raipur - CECB",14-12-2025 23:00,21.371751,81.664929,OZONE,3,3,3
India,Delhi,Delhi,"Alipur, Delhi - DPCC",14-12-2025 23:00,28.815329,77.15301,PM2.5,362,500,435
India,Delhi,Delhi,"Alipur, Delhi - DPCC",14-12-2025 23:00,28.815329,77.15301,NO2,54,90,66
India,Delhi,Delhi,"Anand Vihar, Delhi - DPCC",14-12-2025 23:00,28.647622,77.315809,PM2.5,453,500,493
India,Delhi,Delhi,"Anand Vihar, Delhi - DPCC",14-12-2025 23:00,28.647622,77.315809,NH3,23,29,26
India,Delhi,Delhi,"Ashok Vihar, Delhi - DPCC",14-12-2025 23:00,28.695381,77.181665,PM10,470,500,495
India,Delhi,Delhi,"Ashok Vihar, Delhi - DPCC",14-12-2025 23:00,28.695381,77.181665,NH3,1,1,1
India,Delhi,Delhi,"Ashok Vihar, Delhi - DPCC",14-12-2025 23:00,28.695381,77.181665,CO,48,144,111
India,Delhi,Delhi,"Ashok Vihar, Delhi - DPCC",14-12-2025 23:00,28.695381,77.181665,OZONE,6,81,28
India,Delhi,Delhi,"Aya Nagar, Delhi - IMD",14-12-2025 23:00,28.4706914,77.1099364,NO2,14,85,41
India,Delhi,Delhi,"Aya Nagar, Delhi - IMD",14-12-2025 23:00,28.4706914,77.1099364,CO,50,120,85
India,Delhi,Delhi,"Bawana, Delhi - DPCC",14-12-2025 23:00,28.7762,77.051074,NO2,24,114,63
India,Delhi,Delhi,"Bawana, Delhi - DPCC",14-12-2025 23:00,28.7762,77.051074,CO,81,148,113
India,Delhi,Delhi,"Bawana, Delhi - DPCC",14-12-2025 23:00,28.7762,77.051074,OZONE,4,98,33
India,Chhattisgarh,Korba,"Urja Nagar, Korba - CECB",14-12-2025 23:00,22.348441,82.549611,NH3,1,1,1
India,Chhattisgarh,Korba,"Urja Nagar, Korba - CECB",14-12-2025 23:00,22.348441,82.549611,SO2,2,12,7
India,Chhattisgarh,Kunjemura,"OP Jindal School, Kunjemura - CECB",14-12-2025 23:00,22.12665,83.483212,CO,33,52,44
India,Chhattisgarh,Milupara,"Govt. Higher Secondary School, Milupara - CECB",14-12-2025 23:00,22.1910172,83.5197009,PM10,NA,NA,NA
India,Chhattisgarh,Raipur,"AIIMS, Raipur - CECB",14-12-2025 23:00,21.258815,81.578979,NH3,1,1,1
India,Chhattisgarh,Raipur,"AIIMS, Raipur - CECB",14-12-2025 23:00,21.258815,81.578979,CO,34,91,50
India,Chhattisgarh,Raipur,"Bhatagaon New ISBT, Raipur - CECB",14-12-2025 23:00,21.219665,81.630094,PM2.5,28,94,56
India,Bihar,Saharsa,"Police Line, Saharsa - BSPCB",14-12-2025 23:00,25.892357,86.590325,PM2.5,3,237,96
India,Bihar,Saharsa,"Police Line, Saharsa - BSPCB",14-12-2025 23:00,25.892357,86.590325,PM10,29,168,93
India,Bihar,Saharsa,"Police Line, Saharsa - BSPCB",14-12-2025 23:00,25.892357,86.590325,NO2,6,8,7
India,Bihar,Saharsa,"Police Line, Saharsa - BSPCB",14-12-2025 23:00,25.892357,86.590325,CO,33,43,37
India,Bihar,Samastipur,"DM Office_Kasipur, Samastipur - BSPCB",14-12-2025 23:00,25.859655,85.77944,OZONE,8,9,8
India,Bihar,Sasaram,"Dada Peer, Sasaram - BSPCB",14-12-2025 23:00,24.952822,84.002396,OZONE,8,25,17
India,Bihar,Siwan,"Chitragupta Nagar, Siwan - BSPCB",14-12-2025 23:00,26.2271665,84.3570427,PM2.5,17,127,74
India,Bihar,Muzaffarpur,"Muzaffarpur Collectorate, Muzaffarpur - BSPCB",14-12-2025 23:00,26.1209,85.3647,SO2,4,6,5
India,Bihar,Patna,"DRM Office Danapur, Patna - BSPCB",14-12-2025 23:00,25.586562,85.043586,PM2.5,90,320,212
India,Bihar,Patna,"DRM Office Danapur, Patna - BSPCB",14-12-2025 23:00,25.586562,85.043586,NH3,6,25,13
India,Bihar,Patna,"DRM Office Danapur, Patna - BSPCB",14-12-2025 23:00,25.586562,85.043586,SO2,6,23,13
India,Bihar,Patna,"Govt. High School Shikarpur, Patna - BSPCB",14-12-2025 23:00,25.592539,85.227158,OZONE,9,13,10
India,Bihar,Patna,"Muradpur, Patna - BSPCB",14-12-2025 23:00,25.619651,85.147382,PM2.5,65,279,147
India,Delhi,Delhi,"CRRI Mathura Road, Delhi - IMD",14-12-2025 23:00,28.5512005,77.2735737,NO2,13,74,44
India,Delhi,Delhi,"Chandni Chowk, Delhi - IITM",14-12-2025 23:00,28.656756,77.227234,PM2.5,417,497,446
India,Delhi,Delhi,"Chandni Chowk, Delhi - IITM",14-12-2025 23:00,28.656756,77.227234,CO,62,110,82
India,Delhi,Delhi,"DTU, Delhi - CPCB",14-12-2025 23:00,28.7500499,77.1112615,PM2.5,407,500,485
India,Delhi,Delhi,"DTU, Delhi - CPCB",14-12-2025 23:00,28.7500499,77.1112615,NH3,12,14,13
India,Delhi,Delhi,"Dr. Karni Singh Shooting Range, Delhi - DPCC",14-12-2025 23:00,28.498571,77.26484,NH3,14,19,17
India,Chandigarh,Chandigarh,"Sector 22, Chandigarh - CPCC",14-12-2025 23:00,30.735567,76.775714,PM10,35,186,89
India,Chandigarh,Chandigarh,"Sector 22, Chandigarh - CPCC",14-12-2025 23:00,30.735567,76.775714,OZONE,4,147,52
India,Chandigarh,Chandigarh,"Sector-25, Chandigarh - CPCC",14-12-2025 23:00,30.751462,76.762879,PM10,57,148,95
India,Chandigarh,Chandigarh,"Sector-25, Chandigarh - CPCC",14-12-2025 23:00,30.751462,76.762879,SO2,6,15,10
India,Chandigarh,Chandigarh,"Sector-25, Chandigarh - CPCC",14-12-2025 23:00,30.751462,76.762879,CO,48,102,65
India,Chandigarh,Chandigarh,"Sector-25, Chandigarh - CPCC",14-12-2025 23:00,30.751462,76.762879,OZONE,1,66,24
India,Chhattisgarh,Bhilai,"32Bungalows, Bhilai - CECB",14-12-2025 23:00,21.194815,81.31477,NO2,23,106,57
India,Bihar,Patna,"Rajbansi Nagar, Patna - BSPCB",14-12-2025 23:00,25.599486,85.113666,NO2,21,128,75
India,Bihar,Patna,"Rajbansi Nagar, Patna - BSPCB",14-12-2025 23:00,25.599486,85.113666,NH3,3,9,6
India,Bihar,Patna,"Rajbansi Nagar, Patna - BSPCB",14-12-2025 23:00,25.599486,85.113666,OZONE,22,28,26
India,Bihar,Patna,"Samanpura, Patna - BSPCB",14-12-2025 23:00,25.596727,85.085624,NO2,20,21,21
India,Bihar,Rajgir,"Dangi Tola, Rajgir - BSPCB",14-12-2025 23:00,25.0328,85.41948,NO2,8,11,9
India,Bihar,Rajgir,"Dangi Tola, Rajgir - BSPCB",14-12-2025 23:00,25.0328,85.41948,SO2,18,22,20
India,Chhattisgarh,Bhilai,"Hathkhoj, Bhilai - CECB",14-12-2025 23:00,21.224231,81.40835,NH3,NA,NA,NA
India,Chhattisgarh,Bhilai,"Hathkhoj, Bhilai - CECB",14-12-2025 23:00,21.224231,81.40835,SO2,NA,NA,NA
India,Chhattisgarh,Bilaspur,"Mangala, Bilaspur - NTPC",14-12-2025 23:00,22.08815,82.13737,PM10,72,179,113
India,Delhi,Delhi,"Jahangirpuri, Delhi - DPCC",14-12-2025 23:00,28.73282,77.170633,NH3,1,6,3
India,Delhi,Delhi,"Jahangirpuri, Delhi - DPCC",14-12-2025 23:00,28.73282,77.170633,SO2,7,47,17
India,Delhi,Delhi,"Jawaharlal Nehru Stadium, Delhi - DPCC",14-12-2025 23:00,28.58028,77.233829,PM2.5,443,500,471
India,Delhi,Delhi,"Lodhi Road, Delhi - IITM",14-12-2025 23:00,28.588333,77.221667,PM10,274,409,341
India,Delhi,Delhi,"Lodhi Road, Delhi - IMD",14-12-2025 23:00,28.5918245,77.2273074,OZONE,4,72,21
India,Delhi,Delhi,"Major Dhyan Chand National Stadium, Delhi - DPCC",14-12-2025 23:00,28.611281,77.237738,NO2,44,148,91
India,Delhi,Delhi,"Sri Aurobindo Marg, Delhi - DPCC",14-12-2025 23:00,28.531346,77.190156,CO,70,120,98
India,Delhi,Delhi,"Sri Aurobindo Marg, Delhi - DPCC",14-12-2025 23:00,28.531346,77.190156,OZONE,1,118,33
India,Delhi,Delhi,"Vivek Vihar, Delhi - DPCC",14-12-2025 23:00,28.672342,77.31526,NO2,40,188,88
India,Delhi,Delhi,"Vivek Vihar, Delhi - DPCC",14-12-2025 23:00,28.672342,77.31526,OZONE,3,76,20
India,Delhi,Delhi,"Wazirpur, Delhi - DPCC",14-12-2025 23:00,28.699793,77.165453,SO2,8,16,12
India,Gujarat,Ahmedabad,"Chandkheda, Ahmedabad - IITM",14-12-2025 23:00,23.107969,72.574648,NH3,5,18,10
India,Gujarat,Ahmedabad,"Chandkheda, Ahmedabad - IITM",14-12-2025 23:00,23.107969,72.574648,SO2,4,12,8
India,Delhi,Delhi,"R K Puram, Delhi - DPCC",14-12-2025 23:00,28.563262,77.186937,OZONE,14,117,38
India,Delhi,Delhi,"Shadipur, Delhi - CPCB",14-12-2025 23:00,28.6514781,77.1473105,SO2,10,19,15
India,Delhi,Delhi,"Shadipur, Delhi - CPCB",14-12-2025 23:00,28.6514781,77.1473105,OZONE,9,26,16
India,Delhi,Delhi,"Sirifort, Delhi - CPCB",14-12-2025 23:00,28.5504249,77.2159377,SO2,19,33,26
India,Delhi,Delhi,"Sonia Vihar, Delhi - DPCC",14-12-2025 23:00,28.710508,77.249485,PM2.5,375,500,483
India,Delhi,Delhi,"Sonia Vihar, Delhi - DPCC",14-12-2025 23:00,28.710508,77.249485,PM10,202,500,441
India,Delhi,Delhi,"Mundka, Delhi - DPCC",14-12-2025 23:00,28.684678,77.076574,PM10,433,500,484
India,Delhi,Delhi,"Mundka, Delhi - DPCC",14-12-2025 23:00,28.684678,77.076574,NH3,20,39,29
India,Delhi,Delhi,"NSIT Dwarka, Delhi - CPCB",14-12-2025 23:00,28.60909,77.0325413,PM2.5,322,459,385
India,Delhi,Delhi,"NSIT Dwarka, Delhi - CPCB",14-12-2025 23:00,28.60909,77.0325413,CO,46,104,72
India,Delhi,Delhi,"Najafgarh, Delhi - DPCC",14-12-2025 23:00,28.570173,76.933762,NH3,10,15,13
India,Delhi,Delhi,"Dwarka-Sector 8, Delhi - DPCC ",14-12-2025 23:00,28.5710274,77.0719006,SO2,22,33,27
India,Delhi,Delhi,"IHBAS, Dilshad Garden, Delhi - CPCB",14-12-2025 23:00,28.6811736,77.3025234,OZONE,22,28,24
India,Delhi,Delhi,"IIT Delhi, Delhi - IITM",14-12-2025 23:00,28.54246,77.191651,NO2,31,96,55
India,Delhi,Delhi,"ITO, Delhi - CPCB",14-12-2025 23:00,28.628624,77.24106,NO2,65,288,160
India,Gujarat,Ahmedabad,"Gyaspur, Ahmedabad - IITM",14-12-2025 23:00,22.977134,72.553024,PM2.5,67,278,157
India,Gujarat,Ahmedabad,"Gyaspur, Ahmedabad - IITM",14-12-2025 23:00,22.977134,72.553024,PM10,117,185,158
India,Gujarat,Ahmedabad,"Gyaspur, Ahmedabad - IITM",14-12-2025 23:00,22.977134,72.553024,OZONE,1,76,28
India,Gujarat,Ahmedabad,"Rakhial, Ahmedabad - IITM",14-12-2025 23:00,23.016834,72.625775,PM2.5,60,323,153
India,Gujarat,Ahmedabad,"Rakhial, Ahmedabad - IITM",14-12-2025 23:00,23.016834,72.625775,NO2,15,99,42
India,Delhi,Delhi,"Narela, Delhi - DPCC",14-12-2025 23:00,28.822836,77.101981,CO,38,119,88
India,Delhi,Delhi,"Narela, Delhi - DPCC",14-12-2025 23:00,28.822836,77.101981,OZONE,7,134,58
India,Delhi,Delhi,"North Campus, DU, Delhi - IMD",14-12-2025 23:00,28.6573814,77.1585447,CO,64,185,153
India,Delhi,Delhi,"Patparganj, Delhi - DPCC",14-12-2025 23:00,28.623763,77.287209,NO2,52,148,90
India,Gujarat,Ahmedabad,"SAC ISRO Bopal, Ahmedabad - IITM",14-12-2025 23:00,23.041137,72.456691,NH3,11,20,15
India,Gujarat,Ahmedabad,"SAC ISRO Bopal, Ahmedabad - IITM",14-12-2025 23:00,23.041137,72.456691,SO2,1,25,6
India,Gujarat,Ahmedabad,"SAC ISRO Satellite, Ahmedabad - IITM",14-12-2025 23:00,23.023389,72.515201,PM2.5,55,100,71
India,Gujarat,Ahmedabad,"SAC ISRO Satellite, Ahmedabad - IITM",14-12-2025 23:00,23.023389,72.515201,NH3,9,27,14
India,Delhi,Delhi,"Pusa, Delhi - DPCC",14-12-2025 23:00,28.639652,77.146275,NO2,61,179,106
India,Delhi,Delhi,"Pusa, Delhi - DPCC",14-12-2025 23:00,28.639652,77.146275,NH3,19,26,23
India,Delhi,Delhi,"Pusa, Delhi - DPCC",14-12-2025 23:00,28.639652,77.146275,CO,54,104,82
India,Delhi,Delhi,"R K Puram, Delhi - DPCC",14-12-2025 23:00,28.563262,77.186937,PM2.5,443,500,487
India,Haryana,Karnal,"Sector-12, Karnal - HSPCB",14-12-2025 23:00,29.6953,77.0027,CO,40,60,48
India,Haryana,Karnal,"Sector-12, Karnal - HSPCB",14-12-2025 23:00,29.6953,77.0027,OZONE,36,36,36
India,Haryana,Kurukshetra,"Sector-7, Kurukshetra - HSPCB",14-12-2025 23:00,29.966942,76.875879,NH3,5,5,5
India,Haryana,Kurukshetra,"Sector-7, Kurukshetra - HSPCB",14-12-2025 23:00,29.966942,76.875879,SO2,3,21,8
India,Haryana,Manesar,"Sector-2 IMT, Manesar - HSPCB",14-12-2025 23:00,28.360699,76.93609,PM2.5,287,413,345
India,Haryana,Manesar,"Sector-2 IMT, Manesar - HSPCB",14-12-2025 23:00,28.360699,76.93609,PM10,152,385,230
India,Haryana,Manesar,"Sector-2 IMT, Manesar - HSPCB",14-12-2025 23:00,28.360699,76.93609,CO,34,72,53
India,Haryana,Manesar,"Sector-2 IMT, Manesar - HSPCB",14-12-2025 23:00,28.360699,76.93609,OZONE,8,9,8
India,Haryana,Narnaul,"Shastri Nagar, Narnaul - HSPCB",14-12-2025 23:00,28.060249,76.113115,PM2.5,171,308,217
India,Haryana,Narnaul,"Shastri Nagar, Narnaul - HSPCB",14-12-2025 23:00,28.060249,76.113115,PM10,153,245,197
India,Haryana,Narnaul,"Shastri Nagar, Narnaul - HSPCB",14-12-2025 23:00,28.060249,76.113115,NH3,11,53,31
India,Himachal Pradesh,Baddi,"HIMUDA Complex Phase-1, Baddi - HPPCB",14-12-2025 23:00,30.943887,76.801991,OZONE,7,119,56
India,Jharkhand,Dhanbad,"Sardar Patel Nagar, Dhanbad - JSPCB",14-12-2025 23:00,23.80569,86.44268,PM10,57,214,132
India,Jharkhand,Dhanbad,"Sardar Patel Nagar, Dhanbad - JSPCB",14-12-2025 23:00,23.80569,86.44268,OZONE,2,24,13
India,Jharkhand,Jorapokhar,"Tata Stadium, Jorapokhar - JSPCB",14-12-2025 23:00,23.707909,86.41467,PM2.5,NA,NA,NA
India,Jharkhand,Jorapokhar,"Tata Stadium, Jorapokhar - JSPCB",14-12-2025 23:00,23.707909,86.41467,OZONE,8,8,8
India,Karnataka,Bengaluru,"BTM Layout, Bengaluru - CPCB",14-12-2025 23:00,12.9135218,77.5950804,PM10,81,82,81
India,Karnataka,Bengaluru,"BTM Layout, Bengaluru - CPCB",14-12-2025 23:00,12.9135218,77.5950804,SO2,13,13,13
India,Gujarat,Gandhinagar,"IIPHG Lekawada, Gandhinagar - IITM",14-12-2025 23:00,23.243639,72.68994,OZONE,3,45,20
India,Gujarat,Gandhinagar,"Sector-10, Gandhinagar - GPCB",14-12-2025 23:00,23.221714,72.654328,NO2,17,46,25
India,Gujarat,Surat,"Science Center, Surat - SMC",14-12-2025 23:00,21.170046,72.795405,PM2.5,28,121,69
India,Gujarat,Vapi,"Phase-1 GIDC, Vapi - GPCB",14-12-2025 23:00,20.362421,72.918013,NH3,5,6,5
India,Gujarat,Vatva,"Phase-4 GIDC, Vatva - GPCB",14-12-2025 23:00,22.969611,72.6435,PM10,27,148,78
India,Haryana,Charkhi Dadri,"Mini Secretariat, Charkhi Dadri - HSPCB",14-12-2025 23:00,28.593883,76.270653,NO2,9,21,15
India,Haryana,Charkhi Dadri,"Mini Secretariat, Charkhi Dadri - HSPCB",14-12-2025 23:00,28.593883,76.270653,NH3,5,8,6
India,Haryana,Charkhi Dadri,"Mini Secretariat, Charkhi Dadri - HSPCB",14-12-2025 23:00,28.593883,76.270653,CO,7,25,16
India,Haryana,Dharuhera,"Municipal Corporation Office, Dharuhera -  HSPCB",14-12-2025 23:00,28.2068,76.7997,NO2,14,51,38
India,Haryana,Faridabad,"Sector 11, Faridabad - HSPCB",14-12-2025 23:00,28.376058,77.315741,NH3,10,11,10
India,Haryana,Faridabad,"Sector 11, Faridabad - HSPCB",14-12-2025 23:00,28.376058,77.315741,SO2,4,6,5
India,Haryana,Jind,"Police Lines, Jind - HSPCB",14-12-2025 23:00,29.307814,76.337619,PM2.5,187,382,303
India,Haryana,Jind,"Police Lines, Jind - HSPCB",14-12-2025 23:00,29.307814,76.337619,NH3,1,3,2
India,Haryana,Kaithal,"Rishi Nagar, Kaithal - HSPCB",14-12-2025 23:00,29.8006,76.4155,PM2.5,103,226,157
India,Haryana,Kaithal,"Rishi Nagar, Kaithal - HSPCB",14-12-2025 23:00,29.8006,76.4155,NO2,29,33,31
India,Haryana,Kaithal,"Rishi Nagar, Kaithal - HSPCB",14-12-2025 23:00,29.8006,76.4155,NH3,5,6,6
India,Haryana,Karnal,"Sector-12, Karnal - HSPCB",14-12-2025 23:00,29.6953,77.0027,PM2.5,36,363,158
India,Haryana,Panchkula,"Sector-6, Panchkula - HSPCB ",14-12-2025 23:00,30.7057778,76.85318056,PM2.5,18,319,126
India,Haryana,Panchkula,"Sector-6, Panchkula - HSPCB ",14-12-2025 23:00,30.7057778,76.85318056,CO,21,24,22
India,Haryana,Panchkula,"Sector-6, Panchkula - HSPCB ",14-12-2025 23:00,30.7057778,76.85318056,OZONE,24,36,34
India,Haryana,Panipat,"Sector-18, Panipat - HSPCB",14-12-2025 23:00,29.432304,76.972765,NH3,2,3,2
India,Haryana,Panipat,"Sector-18, Panipat - HSPCB",14-12-2025 23:00,29.432304,76.972765,OZONE,30,30,30
India,Haryana,Bahadurgarh,"Arya Nagar, Bahadurgarh - HSPCB",14-12-2025 23:00,28.6701,76.9254,CO,45,52,48
India,Haryana,Ballabgarh,"Nathu Colony, Ballabgarh - HSPCB",14-12-2025 23:00,28.3419248,77.319699,SO2,3,8,6
India,Haryana,Ballabgarh,"Nathu Colony, Ballabgarh - HSPCB",14-12-2025 23:00,28.3419248,77.319699,CO,15,109,60
India,Haryana,Bhiwani,"H.B. Colony, Bhiwani - HSPCB",14-12-2025 23:00,28.806223,76.141105,PM10,87,113,101
India,Haryana,Rohtak,"MD University, Rohtak - HSPCB",14-12-2025 23:00,28.52123,76.37138,SO2,NA,NA,NA
India,Haryana,Sirsa,"F-Block, Sirsa - HSPCB",14-12-2025 23:00,29.5364,75.0158,PM10,49,109,79
India,Haryana,Sirsa,"F-Block, Sirsa - HSPCB",14-12-2025 23:00,29.5364,75.0158,NO2,13,31,19
India,Haryana,Sirsa,"F-Block, Sirsa - HSPCB",14-12-2025 23:00,29.5364,75.0158,SO2,9,16,13
India,Haryana,Sirsa,"F-Block, Sirsa - HSPCB",14-12-2025 23:00,29.5364,75.0158,OZONE,20,29,26
India,Haryana,Fatehabad,"Huda Sector, Fatehabad - HSPCB",14-12-2025 23:00,29.503664,75.467934,NH3,13,15,14
India,Haryana,Fatehabad,"Huda Sector, Fatehabad - HSPCB",14-12-2025 23:00,29.503664,75.467934,SO2,10,11,10
India,Haryana,Fatehabad,"Huda Sector, Fatehabad - HSPCB",14-12-2025 23:00,29.503664,75.467934,OZONE,15,18,16
India,Haryana,Gurugram,"Sector-51, Gurugram - HSPCB",14-12-2025 23:00,28.4227,77.0667,PM2.5,40,468,201
India,Madhya Pradesh,Indore,"Regional Park, Indore - IMC",14-12-2025 23:00,22.678,75.8559,OZONE,8,12,10
India,Madhya Pradesh,Jabalpur,"Govindh Bhavan Colony, Jabalpur - JMC",14-12-2025 23:00,23.163174,79.973061,NO2,20,21,20
India,Madhya Pradesh,Jabalpur,"Govindh Bhavan Colony, Jabalpur - JMC",14-12-2025 23:00,23.163174,79.973061,NH3,1,2,1
India,Madhya Pradesh,Jabalpur,"Govindh Bhavan Colony, Jabalpur - JMC",14-12-2025 23:00,23.163174,79.973061,OZONE,23,24,24
India,Madhya Pradesh,Jabalpur,"Gupteshwar, Jabalpur - JMC",14-12-2025 23:00,23.142888,79.916147,PM2.5,40,273,103
India,Madhya Pradesh,Jabalpur,"Gupteshwar, Jabalpur - JMC",14-12-2025 23:00,23.142888,79.916147,PM10,56,183,108
India,Madhya Pradesh,Jabalpur,"Gupteshwar, Jabalpur - JMC",14-12-2025 23:00,23.142888,79.916147,NO2,20,105,45
India,Madhya Pradesh,Jabalpur,"Gupteshwar, Jabalpur - JMC",14-12-2025 23:00,23.142888,79.916147,NH3,8,17,11
India,Madhya Pradesh,Jabalpur,"Marhatal, Jabalpur - MPPCB",14-12-2025 23:00,23.168606,79.932247,SO2,10,19,14
India,Madhya Pradesh,Jabalpur,"Suhagi, Jabalpur - JMC",14-12-2025 23:00,23.218135,79.95777,PM2.5,90,343,213
India,Madhya Pradesh,Jabalpur,"Suhagi, Jabalpur - JMC",14-12-2025 23:00,23.218135,79.95777,NO2,24,134,53
India,Karnataka,Bengaluru,"Shivapura_Peenya, Bengaluru - KSPCB",14-12-2025 23:00,13.0246342,77.5080115,PM10,NA,NA,NA
India,Karnataka,Bengaluru,"Shivapura_Peenya, Bengaluru - KSPCB",14-12-2025 23:00,13.0246342,77.5080115,NH3,NA,NA,NA
India,Karnataka,Bengaluru,"Shivapura_Peenya, Bengaluru - KSPCB",14-12-2025 23:00,13.0246342,77.5080115,SO2,NA,NA,NA
India,Karnataka,Chamarajanagar,"Urban, Chamarajanagar - KSPCB",14-12-2025 23:00,11.55358,76.55521,NO2,14,35,24
India,Karnataka,Chamarajanagar,"Urban, Chamarajanagar - KSPCB",14-12-2025 23:00,11.55358,76.55521,SO2,2,8,5
India,Karnataka,Chamarajanagar,"Urban, Chamarajanagar - KSPCB",14-12-2025 23:00,11.55358,76.55521,OZONE,13,30,22
India,Karnataka,Dharwad,"Kalabhavan, Dharwad - KSPCB",14-12-2025 23:00,15.459706,75.008381,OZONE,31,33,32
India,Karnataka,Hubballi,"Lingaraj Nagar, Hubballi - KSPCB",14-12-2025 23:00,15.3714823,75.1160168,PM2.5,40,64,42
India,Karnataka,Hubballi,"Lingaraj Nagar, Hubballi - KSPCB",14-12-2025 23:00,15.3714823,75.1160168,PM10,59,80,61
India,Karnataka,Hubballi,"Lingaraj Nagar, Hubballi - KSPCB",14-12-2025 23:00,15.3714823,75.1160168,NO2,9,9,9
India,Karnataka,Mysuru,"Hebbal 1st Stage, Mysuru - KSPCB",14-12-2025 23:00,12.21041,76.37376,NH3,4,5,5
India,Karnataka,Shivamogga,"Vinoba Nagara, Shivamogga - KSPCB",14-12-2025 23:00,13.94,75.555917,NH3,2,3,3
India,Karnataka,Shivamogga,"Vinoba Nagara, Shivamogga - KSPCB",14-12-2025 23:00,13.94,75.555917,SO2,3,3,3
India,Karnataka,Yadgir,"Collector Office, Yadgir - KSPCB",14-12-2025 23:00,16.7602,77.1428,NH3,1,1,1
India,Kerala,Kannur,"Thavakkara, Kannur - Kerala PCB",14-12-2025 23:00,11.875,75.3732,NO2,16,18,17
India,Kerala,Kannur,"Thavakkara, Kannur - Kerala PCB",14-12-2025 23:00,11.875,75.3732,NH3,2,2,2
India,Kerala,Kannur,"Thavakkara, Kannur - Kerala PCB",14-12-2025 23:00,11.875,75.3732,SO2,8,9,8
India,Kerala,Thiruvananthapuram,"Kariavattom, Thiruvananthapuram - Kerala PCB",14-12-2025 23:00,8.5637,76.8865,PM10,65,141,98
India,Kerala,Thiruvananthapuram,"Plammoodu, Thiruvananthapuram - Kerala PCB",14-12-2025 23:00,8.5149093,76.9435879,SO2,13,19,16
India,Kerala,Thrissur,"Corporation Ground, Thrissur - Kerala PCB",14-12-2025 23:00,10.5324,76.2159,PM10,NA,NA,NA
India,Kerala,Thrissur,"Corporation Ground, Thrissur - Kerala PCB",14-12-2025 23:00,10.5324,76.2159,SO2,NA,NA,NA
India,Kerala,Thrissur,"Corporation Ground, Thrissur - Kerala PCB",14-12-2025 23:00,10.5324,76.2159,CO,18,29,23
India,Madhya Pradesh,Bhopal,"Idgah Hills, Bhopal - MPPCB",14-12-2025 23:00,23.264759,77.381568,NH3,5,7,6
India,Madhya Pradesh,Bhopal,"Idgah Hills, Bhopal - MPPCB",14-12-2025 23:00,23.264759,77.381568,SO2,11,19,13
India,Madhya Pradesh,Bhopal,"Paryavaran Parisar, Bhopal - MPPCB",14-12-2025 23:00,23.210494,77.425409,PM2.5,48,373,162
India,Madhya Pradesh,Bhopal,"T T Nagar, Bhopal - MPPCB",14-12-2025 23:00,23.233584,77.400574,SO2,12,21,17
India,Madhya Pradesh,Damoh,"Shrivastav Colony, Damoh - MPPCB",14-12-2025 23:00,23.81748678,79.446246,PM2.5,14,42,27
India,Madhya Pradesh,Dewas,"Bhopal Chauraha, Dewas - MPPCB",14-12-2025 23:00,22.9682591,76.064118,PM2.5,22,96,52
India,Madhya Pradesh,Dewas,"Bhopal Chauraha, Dewas - MPPCB",14-12-2025 23:00,22.9682591,76.064118,NO2,7,8,7
India,Madhya Pradesh,Dewas,"Bhopal Chauraha, Dewas - MPPCB",14-12-2025 23:00,22.9682591,76.064118,SO2,46,52,50
India,Madhya Pradesh,Gwalior,"City Center, Gwalior - MPPCB",14-12-2025 23:00,26.203442,78.193251,CO,6,114,58
India,Karnataka,Koppal,"Diwator Nagar, Koppal - KSPCB",14-12-2025 23:00,15.34763,76.181767,NH3,7,8,7
India,Karnataka,Koppal,"Diwator Nagar, Koppal - KSPCB",14-12-2025 23:00,15.34763,76.181767,SO2,13,24,21
India,Karnataka,Madikeri,"Stuart Hill, Madikeri - KSPCB",14-12-2025 23:00,12.415911,75.73505,PM10,21,50,36
India,Karnataka,Madikeri,"Stuart Hill, Madikeri - KSPCB",14-12-2025 23:00,12.415911,75.73505,SO2,7,7,7
India,Karnataka,Madikeri,"Stuart Hill, Madikeri - KSPCB",14-12-2025 23:00,12.415911,75.73505,OZONE,3,6,4
India,Karnataka,Mangalore,"Kadri, Mangalore - KSPCB",14-12-2025 23:00,12.88925,74.853,NO2,3,6,5
India,Madhya Pradesh,Gwalior,"Deen Dayal Nagar, Gwalior - MPPCB",14-12-2025 23:00,26.259242,78.216432,CO,34,129,74
India,Madhya Pradesh,Gwalior,"Maharaj Bada, Gwalior - MPPCB",14-12-2025 23:00,26.200388,78.147714,PM10,129,365,197
India,Madhya Pradesh,Indore,"Airport Area, Indore - IMC",14-12-2025 23:00,22.7289,75.8076,PM2.5,21,111,49
India,Madhya Pradesh,Indore,"Airport Area, Indore - IMC",14-12-2025 23:00,22.7289,75.8076,PM10,30,131,69
India,Madhya Pradesh,Indore,"Airport Area, Indore - IMC",14-12-2025 23:00,22.7289,75.8076,CO,6,10,7
India,Karnataka,Bengaluru,"Hombegowda Nagar, Bengaluru - KSPCB",14-12-2025 23:00,12.938539,77.5901,PM10,55,112,92
India,Karnataka,Bengaluru,"Jayanagar 5th Block, Bengaluru - KSPCB",14-12-2025 23:00,12.920984,77.584908,PM2.5,50,90,69
India,Karnataka,Bengaluru,"Jayanagar 5th Block, Bengaluru - KSPCB",14-12-2025 23:00,12.920984,77.584908,NH3,1,2,1
India,Karnataka,Bengaluru,"Jayanagar 5th Block, Bengaluru - KSPCB",14-12-2025 23:00,12.920984,77.584908,SO2,1,28,9
India,Karnataka,Bengaluru,"Jayanagar 5th Block, Bengaluru - KSPCB",14-12-2025 23:00,12.920984,77.584908,CO,6,45,36
India,Karnataka,Bengaluru,"Jayanagar 5th Block, Bengaluru - KSPCB",14-12-2025 23:00,12.920984,77.584908,OZONE,6,68,23
India,Karnataka,Bengaluru,"Jigani, Bengaluru - KSPCB",14-12-2025 23:00,12.7816279,77.6299145,NH3,4,4,4
India,Karnataka,Bengaluru,"Peenya, Bengaluru - CPCB",14-12-2025 23:00,13.0270199,77.494094,SO2,5,13,9
India,Karnataka,Bengaluru,"Sanegurava Halli, Bengaluru - KSPCB",14-12-2025 23:00,12.990328,77.5431385,NO2,20,21,20
India,Karnataka,Bengaluru,"Shivapura_Peenya, Bengaluru - KSPCB",14-12-2025 23:00,13.0246342,77.5080115,PM2.5,NA,NA,NA
India,Maharashtra,Malegaon,"Mahesh Nagar, Malegaon - MPCB",14-12-2025 23:00,20.555712,74.529236,NH3,1,10,4
India,Maharashtra,Mira-Bhayandar,"Bhayandar West, Mira-Bhayandar - MPCB",14-12-2025 23:00,19.296481,72.840923,NO2,26,106,61
India,Maharashtra,Mira-Bhayandar,"Bhayandar West, Mira-Bhayandar - MPCB",14-12-2025 23:00,19.296481,72.840923,CO,22,96,42
India,Maharashtra,Mumbai,"Bandra Kurla Complex, Mumbai - MPCB",14-12-2025 23:00,19.065931,72.862131,PM2.5,53,321,161
India,Maharashtra,Mumbai,"Bandra Kurla Complex, Mumbai - MPCB",14-12-2025 23:00,19.065931,72.862131,PM10,95,317,145
India,Maharashtra,Mumbai,"Bandra Kurla Complex, Mumbai - MPCB",14-12-2025 23:00,19.065931,72.862131,NO2,29,102,63
India,Maharashtra,Mumbai,"Borivali East, Mumbai - IITM",14-12-2025 23:00,19.23241,72.86895,PM2.5,52,82,69
India,Maharashtra,Mumbai,"Borivali East, Mumbai - IITM",14-12-2025 23:00,19.23241,72.86895,PM10,61,133,98
India,Maharashtra,Mumbai,"Borivali East, Mumbai - MPCB",14-12-2025 23:00,19.2243333,72.8658113,PM10,72,128,103
India,Maharashtra,Mumbai,"Borivali East, Mumbai - MPCB",14-12-2025 23:00,19.2243333,72.8658113,NO2,NA,NA,NA
India,Madhya Pradesh,Pithampur,"Sector-2 Industrial Area, Pithampur - MPPCB",14-12-2025 23:00,22.624758,75.675238,OZONE,21,40,28
India,Madhya Pradesh,Ratlam,"Shasthri Nagar, Ratlam - IPCA Lab",14-12-2025 23:00,23.331731,75.045981,NO2,7,31,15
India,Madhya Pradesh,Sagar,"Civil Lines, Sagar - MPPCB",14-12-2025 23:00,23.838586,78.759431,CO,25,94,64
India,Madhya Pradesh,Sagar,"Deen Dayal Nagar, Sagar - MPPCB",14-12-2025 23:00,23.8640158,78.80289321,PM2.5,58,231,109
India,Madhya Pradesh,Sagar,"Deen Dayal Nagar, Sagar - MPPCB",14-12-2025 23:00,23.8640158,78.80289321,PM10,63,167,110
India,Madhya Pradesh,Satna,"Bandhavgar Colony, Satna - Birla Cement",14-12-2025 23:00,24.58434363,80.8549414,PM2.5,48,50,49
India,Madhya Pradesh,Satna,"Bandhavgar Colony, Satna - Birla Cement",14-12-2025 23:00,24.58434363,80.8549414,SO2,19,21,20
India,Maharashtra,Chandrapur,"Chauhan Colony, Chandrapur - MPCB",14-12-2025 23:00,19.9629,79.298714,PM10,77,269,144
India,Maharashtra,Chandrapur,"Chauhan Colony, Chandrapur - MPCB",14-12-2025 23:00,19.9629,79.298714,CO,72,112,101
India,Maharashtra,Chandrapur,"MIDC Khutala, Chandrapur - MPCB",14-12-2025 23:00,19.9775302,79.2337086,NH3,3,14,8
India,Maharashtra,Chandrapur,"MIDC Khutala, Chandrapur - MPCB",14-12-2025 23:00,19.9775302,79.2337086,SO2,8,9,9
India,Maharashtra,Chandrapur,"MIDC Khutala, Chandrapur - MPCB",14-12-2025 23:00,19.9775302,79.2337086,CO,35,42,40
India,Maharashtra,Dhule,"Deopur, Dhule - MPCB",14-12-2025 23:00,20.918946,74.776388,NO2,7,70,27
India,Maharashtra,Dhule,"Deopur, Dhule - MPCB",14-12-2025 23:00,20.918946,74.776388,SO2,6,15,11
India,Maharashtra,Dhule,"Deopur, Dhule - MPCB",14-12-2025 23:00,20.918946,74.776388,CO,16,73,39
India,Maharashtra,Kolhapur,"Shivaji University, Kolhapur - MPCB",14-12-2025 23:00,16.6870449,74.2505872,CO,16,90,47
India,Maharashtra,Kolhapur,"Sinchan Bhavan, Kolhapur - MPCB",14-12-2025 23:00,16.7143745,74.2426398,PM2.5,133,175,153
India,Maharashtra,Kolhapur,"Sinchan Bhavan, Kolhapur - MPCB",14-12-2025 23:00,16.7143745,74.2426398,PM10,86,105,96
India,Maharashtra,Latur,"Sawe Wadi, Latur - MPCB",14-12-2025 23:00,18.39963,76.57452,CO,20,58,41
India,Maharashtra,Mahad,"Kamble Tarf Birwadi, Mahad - MPCB",14-12-2025 23:00,18.1023399,73.4783687,PM2.5,70,125,90
India,Maharashtra,Mahad,"Kamble Tarf Birwadi, Mahad - MPCB",14-12-2025 23:00,18.1023399,73.4783687,OZONE,30,73,55
India,Madhya Pradesh,Katni,"Gole Bazar, Katni - MPPCB",14-12-2025 23:00,23.50016,80.23284,PM2.5,126,359,265
India,Madhya Pradesh,Maihar,"Sahilara, Maihar - KJS Cements",14-12-2025 23:00,24.2613009,80.7231783,PM2.5,24,123,63
India,Madhya Pradesh,Pithampur,"Sector-2 Industrial Area, Pithampur - MPPCB",14-12-2025 23:00,22.624758,75.675238,PM10,35,163,89
India,Madhya Pradesh,Pithampur,"Sector-2 Industrial Area, Pithampur - MPPCB",14-12-2025 23:00,22.624758,75.675238,NO2,18,35,27
India,Madhya Pradesh,Singrauli,"Suryakiran Bhawan NCL, Singrauli - MPPCB",14-12-2025 23:00,24.10897,82.64558,PM10,164,467,226
India,Madhya Pradesh,Singrauli,"Suryakiran Bhawan NCL, Singrauli - MPPCB",14-12-2025 23:00,24.10897,82.64558,NH3,17,21,19
India,Maharashtra,Amravati,"Shivneri Colony, Amravati - MPCB",14-12-2025 23:00,20.9402359,77.7895248,PM2.5,34,112,60
India,Maharashtra,Amravati,"Shivneri Colony, Amravati - MPCB",14-12-2025 23:00,20.9402359,77.7895248,PM10,59,146,90
India,Maharashtra,Jalgaon,"Prabhat Colony, Jalgaon - MPCB",14-12-2025 23:00,21.001264,75.565602,OZONE,3,112,47
India,Maharashtra,Jalna,"Old MIDC, Jalna - MPCB",14-12-2025 23:00,19.854616,75.905894,NH3,2,5,4
India,Maharashtra,Kalyan,"Pimpleshwar Mandir, Kalyan - MPCB",14-12-2025 23:00,19.192056,72.9585188,NO2,16,39,26
India,Maharashtra,Kalyan,"Pimpleshwar Mandir, Kalyan - MPCB",14-12-2025 23:00,19.192056,72.9585188,SO2,11,52,22
India,Maharashtra,Aurangabad,"Rachnakar Colony, Aurangabad - MPCB",14-12-2025 23:00,19.863756,75.321188,NO2,17,22,19
India,Maharashtra,Badlapur,"Katrap, Badlapur - MPCB",14-12-2025 23:00,19.16485,73.23409,SO2,8,17,12
India,Maharashtra,Badlapur,"Katrap, Badlapur - MPCB",14-12-2025 23:00,19.16485,73.23409,OZONE,15,117,58
India,Maharashtra,Aurangabad,"MIDC Chilkalthana, Aurangabad - MPCB",14-12-2025 23:00,19.87562,75.38731,NO2,17,107,55
India,Maharashtra,Aurangabad,"More Chowk Waluj, Aurangabad - MPCB",14-12-2025 23:00,19.8389439,75.244448,PM2.5,46,201,77
India,Maharashtra,Navi Mumbai,"Sector-2E Kalamboli, Navi Mumbai - MPCB",14-12-2025 23:00,19.02579,73.10297,OZONE,1,68,28
India,Maharashtra,Navi Mumbai,"Tondare-Taloja, Navi Mumbai - MPCB",14-12-2025 23:00,19.063,73.1209,OZONE,11,11,11
India,Maharashtra,Parbhani,"Masoom Colony, Parbhani - MPCB",14-12-2025 23:00,19.265594,76.761463,PM10,71,207,124
India,Maharashtra,Parbhani,"Masoom Colony, Parbhani - MPCB",14-12-2025 23:00,19.265594,76.761463,NH3,3,5,4
India,Maharashtra,Pimpri-Chinchwad,"Gavalinagar, Pimpri Chinchwad - MPCB",14-12-2025 23:00,18.63673,73.82487,PM2.5,82,340,232
India,Maharashtra,Pimpri-Chinchwad,"Gavalinagar, Pimpri Chinchwad - MPCB",14-12-2025 23:00,18.63673,73.82487,NH3,6,33,14
India,Maharashtra,Pimpri-Chinchwad,"Park Street Wakad, Pimpri Chinchwad - MPCB",14-12-2025 23:00,18.59051,73.77946,NO2,37,101,61
India,Maharashtra,Nagpur,"Mahal, Nagpur - MPCB",14-12-2025 23:00,21.14472,79.107595,PM2.5,85,268,133
India,Maharashtra,Nagpur,"Mahal, Nagpur - MPCB",14-12-2025 23:00,21.14472,79.107595,NO2,24,99,54
India,Maharashtra,Nagpur,"Opp GPO Civil Lines, Nagpur - MPCB",14-12-2025 23:00,21.152875,79.0517531,NO2,18,81,47
India,Maharashtra,Nagpur,"Ram Nagar, Nagpur - MPCB",14-12-2025 23:00,21.143383,79.048912,PM2.5,50,139,86
India,Maharashtra,Nagpur,"Ram Nagar, Nagpur - MPCB",14-12-2025 23:00,21.143383,79.048912,NH3,5,8,6
India,Maharashtra,Nagpur,"Ram Nagar, Nagpur - MPCB",14-12-2025 23:00,21.143383,79.048912,OZONE,7,63,29
India,Maharashtra,Nanded,"Sneh Nagar, Nanded - MPCB",14-12-2025 23:00,19.173852,77.296291,PM10,72,161,117
India,Maharashtra,Mumbai,"Borivali East, Mumbai - MPCB",14-12-2025 23:00,19.2243333,72.8658113,OZONE,11,14,12
India,Maharashtra,Mumbai,"Byculla, Mumbai - BMC",14-12-2025 23:00,18.9767,72.838,PM2.5,76,202,128
India,Maharashtra,Mumbai,"Byculla, Mumbai - BMC",14-12-2025 23:00,18.9767,72.838,NH3,11,54,26
India,Maharashtra,Mumbai,"Byculla, Mumbai - BMC",14-12-2025 23:00,18.9767,72.838,SO2,18,25,22
India,Maharashtra,Mumbai,"Chembur, Mumbai - MPCB",14-12-2025 23:00,19.0364585,72.8954371,PM2.5,117,284,179
India,Maharashtra,Mumbai,"Deonar, Mumbai - IITM",14-12-2025 23:00,19.04946,72.923,PM10,83,182,133
India,Maharashtra,Mumbai,"Deonar, Mumbai - IITM",14-12-2025 23:00,19.04946,72.923,SO2,7,21,11
India,Maharashtra,Mumbai,"Ghatkopar, Mumbai - BMC",14-12-2025 23:00,19.083694,72.920967,OZONE,2,232,117
India,Maharashtra,Mumbai,"Kandivali West, Mumbai - BMC",14-12-2025 23:00,19.215859,72.831718,NH3,NA,NA,NA
India,Maharashtra,Mumbai,"Kandivali West, Mumbai - BMC",14-12-2025 23:00,19.215859,72.831718,SO2,1,15,7
India,Maharashtra,Mumbai,"Kherwadi_Bandra East, Mumbai - MPCB",14-12-2025 23:00,19.0632143,72.8456324,NO2,4,96,33
India,Maharashtra,Mumbai,"Kherwadi_Bandra East, Mumbai - MPCB",14-12-2025 23:00,19.0632143,72.8456324,SO2,2,5,3
India,Maharashtra,Mumbai,"Khindipada-Bhandup West, Mumbai - IITM",14-12-2025 23:00,19.1653323,72.922099,OZONE,22,95,80
India,Maharashtra,Mumbai,"Kurla, Mumbai - MPCB",14-12-2025 23:00,19.0863,72.8888,PM2.5,68,179,108
India,Maharashtra,Mumbai,"Kurla, Mumbai - MPCB",14-12-2025 23:00,19.0863,72.8888,NH3,1,2,2
India,Maharashtra,Mumbai,"Kurla, Mumbai - MPCB",14-12-2025 23:00,19.0863,72.8888,SO2,36,37,37
India,Maharashtra,Mumbai,"Mazgaon, Mumbai - IITM",14-12-2025 23:00,18.96702,72.84214,OZONE,1,80,58
India,Maharashtra,Nashik,"Hirawadi, Nashik - MPCB",14-12-2025 23:00,20.021503,73.813844,PM2.5,77,142,96
India,Maharashtra,Nashik,"Hirawadi, Nashik - MPCB",14-12-2025 23:00,20.021503,73.813844,PM10,82,155,113
India,Maharashtra,Nashik,"MIDC Ambad, Nashik - MPCB",14-12-2025 23:00,19.95022,73.73148,SO2,11,24,16
India,Maharashtra,Nashik,"Pandav Nagari, Nashik - MPCB",14-12-2025 23:00,19.9591346,73.7788008,OZONE,3,62,18
India,Maharashtra,Navi Mumbai,"Mahape, Navi Mumbai - MPCB",14-12-2025 23:00,19.1135051,73.008978,PM10,102,296,142
India,Maharashtra,Navi Mumbai,"Mahape, Navi Mumbai - MPCB",14-12-2025 23:00,19.1135051,73.008978,NO2,33,36,35
India,Maharashtra,Navi Mumbai,"Mahape, Navi Mumbai - MPCB",14-12-2025 23:00,19.1135051,73.008978,OZONE,6,11,9
India,Maharashtra,Navi Mumbai,"Sector-2E Kalamboli, Navi Mumbai - MPCB",14-12-2025 23:00,19.02579,73.10297,NH3,6,15,11
India,Maharashtra,Mumbai,"Sewri, Mumbai - BMC",14-12-2025 23:00,19.000084,72.85673,PM10,34,85,56
India,Maharashtra,Mumbai,"Shivaji Nagar, Mumbai - BMC",14-12-2025 23:00,19.060498,72.923356,PM10,102,181,148
India,Maharashtra,Mumbai,"Siddharth Nagar-Worli, Mumbai - IITM",14-12-2025 23:00,19.000083,72.813993,PM10,80,176,131
India,Maharashtra,Mumbai,"Vile Parle West, Mumbai - MPCB",14-12-2025 23:00,19.10861,72.83622,CO,46,65,52
India,Maharashtra,Mumbai,"Worli, Mumbai - MPCB",14-12-2025 23:00,18.9936162,72.8128113,OZONE,20,21,20
India,Maharashtra,Pune,"Mhada Colony, Pune - IITM",14-12-2025 23:00,18.57304,73.927715,CO,26,159,64
India,Maharashtra,Pune,"Mhada Colony, Pune - IITM",14-12-2025 23:00,18.57304,73.927715,OZONE,15,115,51
India,Maharashtra,Pune,"Panchawati_Pashan, Pune - IITM",14-12-2025 23:00,18.536457,73.805454,PM10,72,160,117
India,Maharashtra,Pune,"Panchawati_Pashan, Pune - IITM",14-12-2025 23:00,18.536457,73.805454,OZONE,1,39,23
India,Maharashtra,Pune,"Revenue Colony-Shivajinagar, Pune - IITM",14-12-2025 23:00,18.530085,73.849598,SO2,1,20,9
India,Maharashtra,Pune,"Revenue Colony-Shivajinagar, Pune - IITM",14-12-2025 23:00,18.530085,73.849598,OZONE,3,74,27
India,Maharashtra,Pune,"Savitribai Phule Pune University, Pune - MPCB",14-12-2025 23:00,18.547056,73.826908,NH3,1,15,7
India,Odisha,Cuttack,"CDA Area, Cuttack - OSPCB",14-12-2025 23:00,20.48891,85.84768,OZONE,3,206,76
India,Odisha,Keonjhar,"Jagamohanpur, Keonjhar - OSPCB",14-12-2025 23:00,21.6439,85.599355,PM10,52,104,68
India,Odisha,Keonjhar,"Jagamohanpur, Keonjhar - OSPCB",14-12-2025 23:00,21.6439,85.599355,OZONE,16,18,17
India,Odisha,Rourkela,"Fertilizer Township, Rourkela - OSPCB",14-12-2025 23:00,22.18972222,84.86277778,PM10,101,107,103
India,Odisha,Rourkela,"Raghunathpali, Rourkela - OSPCB",14-12-2025 23:00,22.220833,84.809444,PM10,92,156,121
India,Odisha,Rourkela,"Raghunathpali, Rourkela - OSPCB",14-12-2025 23:00,22.220833,84.809444,SO2,4,6,5
India,Maharashtra,Pimpri-Chinchwad,"Park Street Wakad, Pimpri Chinchwad - MPCB",14-12-2025 23:00,18.59051,73.77946,CO,22,130,74
India,Maharashtra,Pimpri-Chinchwad,"Thergaon, Pimpri Chinchwad - MPCB",14-12-2025 23:00,18.616318,73.765797,NO2,39,138,74
India,Maharashtra,Pimpri-Chinchwad,"Thergaon, Pimpri Chinchwad - MPCB",14-12-2025 23:00,18.616318,73.765797,NH3,5,13,10
India,Maharashtra,Pune,"Bhumkar Nagar, Pune - IITM",14-12-2025 23:00,18.60577,73.749976,PM10,139,359,241
India,Maharashtra,Pune,"Bhumkar Nagar, Pune - IITM",14-12-2025 23:00,18.60577,73.749976,NO2,20,70,47
India,Maharashtra,Pune,"Dhankawadi, Pune - IITM",14-12-2025 23:00,18.459883,73.852193,PM2.5,NA,NA,NA
India,Odisha,Barbil,"Forest Office, Barbil - OSPCB",14-12-2025 23:00,22.1166054,85.3945546,OZONE,3,65,23
India,Odisha,Baripada,"Meher Colony, Baripada - OSPCB",14-12-2025 23:00,21.941841,86.728318,PM10,123,148,134
India,Odisha,Baripada,"Meher Colony, Baripada - OSPCB",14-12-2025 23:00,21.941841,86.728318,SO2,5,24,11
India,Odisha,Bhubaneswar,"Lingraj Mandir, Bhubaneswar - OSPCB",14-12-2025 23:00,20.24079,85.836784,NH3,4,8,6
India,Odisha,Bhubaneswar,"Lingraj Mandir, Bhubaneswar - OSPCB",14-12-2025 23:00,20.24079,85.836784,CO,22,115,87
India,Odisha,Bhubaneswar,"Patia, Bhubaneswar - OSPCB",14-12-2025 23:00,20.34652,85.8163,OZONE,3,179,65
India,Meghalaya,Shillong,"Lumpyngngad, Shillong - Meghalaya PCB",14-12-2025 23:00,25.5586,91.8985,SO2,5,9,7
India,Mizoram,Aizawl,"Sikulpuikawn, Aizawl - Mizoram PCB",14-12-2025 23:00,23.7176342,92.7192841,OZONE,1,3,2
India,Odisha,Angul,"Hakimapada, Angul - OSPCB",14-12-2025 23:00,20.832874,85.104082,PM2.5,140,313,231
India,Odisha,Angul,"Hakimapada, Angul - OSPCB",14-12-2025 23:00,20.832874,85.104082,PM10,127,217,164
India,Odisha,Balasore,"Kalidaspur, Balasore - OSPCB",14-12-2025 23:00,21.51161,86.89088,NO2,14,56,23
India,Odisha,Byasanagar,"Ferro Chrome Colony, Byasanagar - OSPCB",14-12-2025 23:00,20.94185,86.1151,PM2.5,NA,NA,NA
India,Odisha,Byasanagar,"Ferro Chrome Colony, Byasanagar - OSPCB",14-12-2025 23:00,20.94185,86.1151,NH3,2,3,3
India,Odisha,Byasanagar,"Ferro Chrome Colony, Byasanagar - OSPCB",14-12-2025 23:00,20.94185,86.1151,SO2,3,91,15
India,Odisha,Byasanagar,"Ferro Chrome Colony, Byasanagar - OSPCB",14-12-2025 23:00,20.94185,86.1151,OZONE,38,215,90
India,Odisha,Cuttack,"CDA Area, Cuttack - OSPCB",14-12-2025 23:00,20.48891,85.84768,SO2,6,27,13
India,Odisha,Cuttack,"CDA Area, Cuttack - OSPCB",14-12-2025 23:00,20.48891,85.84768,CO,39,138,98
India,Maharashtra,Solapur,"Ratandeep Housing Society, Solapur - MPCB",14-12-2025 23:00,17.65439,75.90649,NO2,15,162,42
India,Maharashtra,Solapur,"Ratandeep Housing Society, Solapur - MPCB",14-12-2025 23:00,17.65439,75.90649,OZONE,1,113,57
India,Maharashtra,Thane,"Kasarvadavali, Thane - MPCB",14-12-2025 23:00,19.26777,72.97182,PM2.5,32,86,57
India,Maharashtra,Thane,"Upvan Fort, Thane - MPCB",14-12-2025 23:00,19.222279,72.957979,PM2.5,39,105,66
India,Maharashtra,Ulhasnagar,"Sidhi Vinayak Nagar, Ulhasnagar - MPCB",14-12-2025 23:00,19.235581,73.159121,NH3,4,8,6
India,Meghalaya,Shillong,"JN Stadium, Shillong - Meghalaya PCB",14-12-2025 23:00,25.5803419,91.8942571,PM2.5,NA,NA,NA
India,Meghalaya,Shillong,"Lumpyngngad, Shillong - Meghalaya PCB",14-12-2025 23:00,25.5586,91.8985,PM10,1,22,9
India,Odisha,Barbil,"Forest Office, Barbil - OSPCB",14-12-2025 23:00,22.1166054,85.3945546,NO2,21,72,34
India,Punjab,Mandi Gobindgarh,"RIMT University, Mandi Gobindgarh - PPCB",14-12-2025 23:00,30.649961,76.331442,PM10,68,218,111
India,Punjab,Mandi Gobindgarh,"RIMT University, Mandi Gobindgarh - PPCB",14-12-2025 23:00,30.649961,76.331442,NO2,23,24,24
India,Punjab,Mandi Gobindgarh,"RIMT University, Mandi Gobindgarh - PPCB",14-12-2025 23:00,30.649961,76.331442,CO,12,103,54
India,Punjab,Patiala,"Model Town, Patiala - PPCB",14-12-2025 23:00,30.349388,76.366642,OZONE,11,42,26
India,Rajasthan,Ajmer,"Civil Lines,  Ajmer - RSPCB",14-12-2025 23:00,26.470859,74.646594,PM10,72,382,129
India,Rajasthan,Alwar,"Moti Doongri, Alwar - RSPCB",14-12-2025 23:00,27.554793,76.611536,NO2,25,82,66
India,Rajasthan,Alwar,"Moti Doongri, Alwar - RSPCB",14-12-2025 23:00,27.554793,76.611536,OZONE,13,52,35
India,Rajasthan,Banswara,"Rati Talai, Banswara - RSPCB",14-12-2025 23:00,23.55519,74.44001,PM2.5,35,126,61
India,Rajasthan,Banswara,"Rati Talai, Banswara - RSPCB",14-12-2025 23:00,23.55519,74.44001,PM10,46,142,83
India,Rajasthan,Banswara,"Rati Talai, Banswara - RSPCB",14-12-2025 23:00,23.55519,74.44001,NO2,18,112,39
India,Rajasthan,Banswara,"Rati Talai, Banswara - RSPCB",14-12-2025 23:00,23.55519,74.44001,NH3,6,13,8
India,Rajasthan,Jalore,"Mudtra Sili, Jalore - RSPCB",14-12-2025 23:00,25.344694,72.626208,NO2,21,146,69
India,Rajasthan,Jalore,"Mudtra Sili, Jalore - RSPCB",14-12-2025 23:00,25.344694,72.626208,NH3,4,10,7
India,Rajasthan,Jhalawar,"Rajlaxmi Nagar, Jhalawar - RSPCB",14-12-2025 23:00,24.588397,76.172782,NO2,14,41,23
India,Rajasthan,Jhalawar,"Rajlaxmi Nagar, Jhalawar - RSPCB",14-12-2025 23:00,24.588397,76.172782,NH3,4,5,4
India,Rajasthan,Jhalawar,"Rajlaxmi Nagar, Jhalawar - RSPCB",14-12-2025 23:00,24.588397,76.172782,SO2,3,19,10
India,Rajasthan,Jhalawar,"Rajlaxmi Nagar, Jhalawar - RSPCB",14-12-2025 23:00,24.588397,76.172782,CO,35,105,75
India,Rajasthan,Jhunjhunu,"Indra Nagar, Jhunjhunu - RSPCB",14-12-2025 23:00,28.108988,75.386577,NH3,4,17,13
India,Rajasthan,Jhunjhunu,"Indra Nagar, Jhunjhunu - RSPCB",14-12-2025 23:00,28.108988,75.386577,OZONE,11,142,59
India,Rajasthan,Jodhpur,"Collectorate, Jodhpur - RSPCB",14-12-2025 23:00,26.268249,73.0193853,PM2.5,51,321,128
India,Rajasthan,Jodhpur,"Collectorate, Jodhpur - RSPCB",14-12-2025 23:00,26.268249,73.0193853,NO2,7,20,13
India,Rajasthan,Jodhpur,"Collectorate, Jodhpur - RSPCB",14-12-2025 23:00,26.268249,73.0193853,CO,20,138,44
India,Rajasthan,Bundi,"New Colony, Bundi - RSPCB",14-12-2025 23:00,25.435774,75.644272,OZONE,4,136,78
India,Rajasthan,Chittorgarh,"Shastri Nagar, Chittorgarh - RSPCB",14-12-2025 23:00,24.892047,74.623527,PM2.5,57,317,160
India,Rajasthan,Churu,"Subash Chowk, Churu - RSPCB",14-12-2025 23:00,28.296139,74.961696,PM10,130,469,199
India,Rajasthan,Churu,"Subash Chowk, Churu - RSPCB",14-12-2025 23:00,28.296139,74.961696,OZONE,17,126,71
India,Rajasthan,Dausa,"Khatikan Mohalla, Dausa - RSPCB",14-12-2025 23:00,26.895552,76.334753,NH3,9,24,13
India,Rajasthan,Dholpur,"Raja Ganj, Dholpur - RSPCB",14-12-2025 23:00,26.699557,77.898881,NH3,2,11,5
India,Rajasthan,Dholpur,"Raja Ganj, Dholpur - RSPCB",14-12-2025 23:00,26.699557,77.898881,CO,28,104,81
India,Odisha,Rourkela,"Sector-2, Rourkela - OSPCB",14-12-2025 23:00,22.245,84.88111111,CO,36,54,47
India,Odisha,Suakati,"OMC Colony, Suakati - OSPCB",14-12-2025 23:00,21.606865,85.510538,CO,26,58,43
India,Odisha,Talcher,"Talcher Coalfields,Talcher - OSPCB",14-12-2025 23:00,20.9360711,85.1707021,PM2.5,118,386,306
India,Odisha,Talcher,"Talcher Coalfields,Talcher - OSPCB",14-12-2025 23:00,20.9360711,85.1707021,CO,54,114,87
India,Puducherry,Puducherry,"Jawahar Nagar, Puducherry - PPCC",14-12-2025 23:00,11.9309,79.8027,PM10,46,88,66
India,Rajasthan,Baran,"Bamboliya, Baran - RSPCB",14-12-2025 23:00,25.106006,76.469948,OZONE,4,173,105
India,Rajasthan,Bharatpur,"Krishna Nagar, Bharatpur - RSPCB",14-12-2025 23:00,27.215415,77.50873,PM10,75,181,132
India,Rajasthan,Bharatpur,"Krishna Nagar, Bharatpur - RSPCB",14-12-2025 23:00,27.215415,77.50873,NH3,17,25,20
India,Rajasthan,Bharatpur,"Krishna Nagar, Bharatpur - RSPCB",14-12-2025 23:00,27.215415,77.50873,SO2,1,4,2
India,Rajasthan,Bhilwara,"Pratap Nagar, Bhilwara - RSPCB",14-12-2025 23:00,25.339605,74.618883,PM10,48,203,117
India,Rajasthan,Bhilwara,"Pratap Nagar, Bhilwara - RSPCB",14-12-2025 23:00,25.339605,74.618883,NO2,15,76,46
India,Rajasthan,Jaipur,"Adarsh Nagar, Jaipur - RSPCB",14-12-2025 23:00,26.902909,75.836858,PM10,80,183,120
India,Rajasthan,Jaipur,"Adarsh Nagar, Jaipur - RSPCB",14-12-2025 23:00,26.902909,75.836858,NO2,20,101,54
India,Rajasthan,Jaipur,"Adarsh Nagar, Jaipur - RSPCB",14-12-2025 23:00,26.902909,75.836858,SO2,8,33,21
India,Rajasthan,Jaipur,"Mansarovar Sector-12, Jaipur - RSPCB",14-12-2025 23:00,26.843698,75.766894,CO,11,154,154
India,Rajasthan,Jaipur,"Police Commissionerate, Jaipur - RSPCB",14-12-2025 23:00,26.9164092,75.7994901,PM10,43,127,74
India,Rajasthan,Bhilwara,"Pratap Nagar, Bhilwara - RSPCB",14-12-2025 23:00,25.339605,74.618883,SO2,2,75,29
India,Rajasthan,Bhilwara,"Pratap Nagar, Bhilwara - RSPCB",14-12-2025 23:00,25.339605,74.618883,OZONE,1,47,26
India,Rajasthan,Bhiwadi,"Vasundhara Nagar_UIT, Bhiwadi - RSPCB",14-12-2025 23:00,28.207266,76.829265,NH3,3,8,6
India,Rajasthan,Bundi,"New Colony, Bundi - RSPCB",14-12-2025 23:00,25.435774,75.644272,NO2,14,44,26
India,Punjab,Jalandhar,"Civil Line, Jalandhar - PPCB",14-12-2025 23:00,31.321907,75.578914,PM10,79,158,106
India,Punjab,Jalandhar,"Civil Line, Jalandhar - PPCB",14-12-2025 23:00,31.321907,75.578914,CO,44,48,46
India,Punjab,Khanna,"Kalal Majra, Khanna - PPCB",14-12-2025 23:00,30.736056,76.209694,CO,4,40,16
India,Punjab,Khanna,"Kalal Majra, Khanna - PPCB",14-12-2025 23:00,30.736056,76.209694,OZONE,24,26,25
India,Rajasthan,Jaipur,"Sector-2 Murlipura, Jaipur - RSPCB",14-12-2025 23:00,26.960669,75.771817,CO,30,108,72
India,Rajasthan,Jaipur,"Shastri Nagar, Jaipur - RSPCB",14-12-2025 23:00,26.9502929,75.730943,NH3,10,51,22
India,Rajasthan,Jaisalmer,"Sadar Bazar, Jaisalmer - RSPCB",14-12-2025 23:00,26.912329,70.909168,CO,22,73,57
India,Rajasthan,Tonk,"Shastri Nagar, Tonk - RSPCB",14-12-2025 23:00,26.159933,75.780517,CO,29,138,97
India,Rajasthan,Udaipur,"Ashok Nagar, Udaipur - RSPCB",14-12-2025 23:00,24.5886166,73.6321397,NO2,3,75,38
India,Rajasthan,Udaipur,"Ashok Nagar, Udaipur - RSPCB",14-12-2025 23:00,24.5886166,73.6321397,OZONE,1,81,30
India,Sikkim,Gangtok,"Zero Point GICI, Gangtok - SSPCB",14-12-2025 23:00,27.33853,88.614099,PM2.5,NA,NA,NA
India,Sikkim,Gangtok,"Zero Point GICI, Gangtok - SSPCB",14-12-2025 23:00,27.33853,88.614099,NO2,NA,NA,NA
India,Sikkim,Gangtok,"Zero Point GICI, Gangtok - SSPCB",14-12-2025 23:00,27.33853,88.614099,OZONE,6,7,6
India,TamilNadu,Ariyalur,"Keelapalur, Ariyalur - TNPCB",14-12-2025 23:00,11.06825,79.07033,PM2.5,43,66,52
India,TamilNadu,Chennai,"Arumbakkam, Chennai - TNPCB",14-12-2025 23:00,13.0664,80.2112,PM2.5,66,160,105
India,TamilNadu,Chennai,"Arumbakkam, Chennai - TNPCB",14-12-2025 23:00,13.0664,80.2112,PM10,92,140,116
India,TamilNadu,Chennai,"Royapuram, Chennai - TNPCB",14-12-2025 23:00,13.1036,80.2909,PM10,22,49,33
India,TamilNadu,Chennai,"Royapuram, Chennai - TNPCB",14-12-2025 23:00,13.1036,80.2909,SO2,5,7,6
India,TamilNadu,Chennai,"Velachery Res. Area, Chennai - CPCB",14-12-2025 23:00,13.0052189,80.2398125,CO,38,48,40
India,TamilNadu,Coimbatore,"PSG College of Arts and Science, Coimbatore - TNPCB",14-12-2025 23:00,11.0328,77.0349,PM2.5,76,230,132
India,TamilNadu,Coimbatore,"PSG College of Arts and Science, Coimbatore - TNPCB",14-12-2025 23:00,11.0328,77.0349,NH3,1,1,1
India,TamilNadu,Coimbatore,"SIDCO Kurichi, Coimbatore - TNPCB",14-12-2025 23:00,10.942451,76.978996,PM2.5,55,87,68
India,TamilNadu,Coimbatore,"SIDCO Kurichi, Coimbatore - TNPCB",14-12-2025 23:00,10.942451,76.978996,NH3,1,2,2
India,TamilNadu,Chennai,"Kodungaiyur, Chennai - TNPCB",14-12-2025 23:00,13.1278,80.2642,SO2,3,14,8
India,TamilNadu,Chennai,"Manali Village, Chennai - TNPCB",14-12-2025 23:00,13.1662,80.2584,NO2,4,6,5
India,TamilNadu,Chennai,"Manali Village, Chennai - TNPCB",14-12-2025 23:00,13.1662,80.2584,NH3,1,2,2
India,TamilNadu,Chennai,"Manali Village, Chennai - TNPCB",14-12-2025 23:00,13.1662,80.2584,OZONE,16,31,19
India,TamilNadu,Chennai,"Manali, Chennai - CPCB",14-12-2025 23:00,13.164544,80.26285,CO,NA,NA,NA
India,TamilNadu,Chennai,"Perungudi, Chennai - TNPCB",14-12-2025 23:00,12.9533,80.2357,PM2.5,NA,NA,NA
India,TamilNadu,Chennai,"Perungudi, Chennai - TNPCB",14-12-2025 23:00,12.9533,80.2357,CO,32,56,43
India,TamilNadu,Chennai,"Perungudi, Chennai - TNPCB",14-12-2025 23:00,12.9533,80.2357,OZONE,5,15,10
India,TamilNadu,Nagapattinam,"Velippalayam, Nagapattinam - TNPCB",14-12-2025 23:00,10.798548,79.838212,SO2,NA,NA,NA
India,TamilNadu,Nagapattinam,"Velippalayam, Nagapattinam - TNPCB",14-12-2025 23:00,10.798548,79.838212,OZONE,NA,NA,NA
India,TamilNadu,Perundurai,"SIPCOT Industrial Park, Perundurai - TNPCB",14-12-2025 23:00,11.258242,77.552761,PM2.5,46,70,60
India,TamilNadu,Pudukottai,"SIPCOT Nathampannai, Pudukottai - TNPCB",14-12-2025 23:00,10.423417,78.784889,PM10,49,96,72
India,TamilNadu,Ramanathapuram,"Chalai Bazaar, Ramanathapuram - TNPCB",14-12-2025 23:00,9.36399,78.831977,NO2,1,4,2
India,Rajasthan,Jodhpur,"Samrat Ashok Udhyan, Jodhpur - RSPCB",14-12-2025 23:00,26.253384,72.976571,SO2,NA,NA,NA
India,Rajasthan,Jodhpur,"Samrat Ashok Udhyan, Jodhpur - RSPCB",14-12-2025 23:00,26.253384,72.976571,OZONE,1,309,126
India,Rajasthan,Karauli,"Satyawati Vihar, Karauli - RSPCB",14-12-2025 23:00,26.506177,77.025989,PM2.5,79,307,181
India,Rajasthan,Kota,"Nayapura, Kota - RSPCB",14-12-2025 23:00,25.196024,75.855668,PM2.5,52,223,115
India,Rajasthan,Kota,"Shrinath Puram, Kota - RSPCB",14-12-2025 23:00,25.14389,75.821256,SO2,11,57,16
India,TamilNadu,Coimbatore,"SIDCO Kurichi, Coimbatore - TNPCB",14-12-2025 23:00,10.942451,76.978996,OZONE,4,42,11
India,TamilNadu,Cuddalore,"Kudikadu, Cuddalore - TNPCB",14-12-2025 23:00,11.6829898,79.7532099,NO2,19,19,19
India,TamilNadu,Gummidipoondi,"Anthoni Pillai Nagar, Gummidipoondi - TNPCB",14-12-2025 23:00,13.4127,80.1081,PM2.5,82,381,213
India,TamilNadu,Gummidipoondi,"Anthoni Pillai Nagar, Gummidipoondi - TNPCB",14-12-2025 23:00,13.4127,80.1081,PM10,72,233,142
India,Rajasthan,Nagaur,"Karni Colony, Nagaur - RSPCB",14-12-2025 23:00,27.213494,73.734444,NO2,16,98,56
India,Rajasthan,Nagaur,"Karni Colony, Nagaur - RSPCB",14-12-2025 23:00,27.213494,73.734444,NH3,9,34,20
India,Rajasthan,Pali,"Indira Colony Vistar, Pali - RSPCB",14-12-2025 23:00,25.771061,73.340227,NH3,7,27,12
India,Rajasthan,Rajsamand,"Dhoinda, Rajsamand - RSPCB",14-12-2025 23:00,25.03636,73.883502,PM10,53,193,93
India,Rajasthan,Jodhpur,"Digari Kalan, Jodhpur - RSPCB",14-12-2025 23:00,26.29581,73.082283,SO2,3,23,7
India,Rajasthan,Jodhpur,"Mandor, Jodhpur - RSPCB",14-12-2025 23:00,26.358805,73.047444,PM2.5,28,190,80
India,Rajasthan,Jodhpur,"Mandor, Jodhpur - RSPCB",14-12-2025 23:00,26.358805,73.047444,NO2,9,85,33
India,Rajasthan,Sawai Madhopur,"Sahu Nagar, Sawai Madhopur - RSPCB",14-12-2025 23:00,26.031443,76.359327,NH3,7,9,8
India,Rajasthan,Sri Ganganagar,"Old City, Sri Ganganagar - RSPCB",14-12-2025 23:00,29.931624,73.864511,SO2,1,8,3
India,Uttar_Pradesh,Ghaziabad,"Indirapuram, Ghaziabad - UPPCB",14-12-2025 23:00,28.646233,77.358075,NH3,14,17,15
India,Uttar_Pradesh,Ghaziabad,"Indirapuram, Ghaziabad - UPPCB",14-12-2025 23:00,28.646233,77.358075,OZONE,11,67,31
India,Uttar_Pradesh,Ghaziabad,"Sanjay Nagar, Ghaziabad - UPPCB",14-12-2025 23:00,28.685382,77.453839,PM2.5,335,498,415
India,Uttar_Pradesh,Ghaziabad,"Sanjay Nagar, Ghaziabad - UPPCB",14-12-2025 23:00,28.685382,77.453839,NH3,12,22,17
India,Uttar_Pradesh,Ghaziabad,"Vasundhara, Ghaziabad - UPPCB",14-12-2025 23:00,28.6603346,77.3572563,NH3,21,37,29
India,Uttar_Pradesh,Ghaziabad,"Vasundhara, Ghaziabad - UPPCB",14-12-2025 23:00,28.6603346,77.3572563,SO2,13,21,16
India,Uttar_Pradesh,Ghaziabad,"Vasundhara, Ghaziabad - UPPCB",14-12-2025 23:00,28.6603346,77.3572563,OZONE,7,54,23
India,Uttar_Pradesh,Gorakhpur,"Madan Mohan Malaviya University of Technology, Gorakhpur - UPPCB",14-12-2025 23:00,26.730136,83.433859,PM2.5,36,92,53
India,Uttar_Pradesh,Gorakhpur,"Madan Mohan Malaviya University of Technology, Gorakhpur - UPPCB",14-12-2025 23:00,26.730136,83.433859,SO2,34,36,35
India,Uttar_Pradesh,Greater Noida,"Knowledge Park - III, Greater Noida - UPPCB",14-12-2025 23:00,28.47272,77.482,PM2.5,NA,NA,NA
India,Uttar_Pradesh,Greater Noida,"Knowledge Park - III, Greater Noida - UPPCB",14-12-2025 23:00,28.47272,77.482,NO2,NA,NA,NA
India,Uttar_Pradesh,Bareilly,"Civil Lines, Bareilly - UPPCB",14-12-2025 23:00,28.359581,79.414455,NH3,1,31,6
India,Uttar_Pradesh,Bareilly,"Civil Lines, Bareilly - UPPCB",14-12-2025 23:00,28.359581,79.414455,SO2,1,13,7
India,Uttar_Pradesh,Bulandshahr,"Yamunapuram, Bulandshahr - UPPCB",14-12-2025 23:00,28.406963,77.849831,PM2.5,80,401,280
India,Uttar_Pradesh,Bulandshahr,"Yamunapuram, Bulandshahr - UPPCB",14-12-2025 23:00,28.406963,77.849831,NH3,22,32,25
India,Uttar_Pradesh,Firozabad,"Nagla Bhau, Firozabad - UPPCB",14-12-2025 23:00,27.168897,78.37696,OZONE,4,6,5
India,Uttar_Pradesh,Ghaziabad,"Indirapuram, Ghaziabad - UPPCB",14-12-2025 23:00,28.646233,77.358075,PM2.5,358,500,418
India,Uttar_Pradesh,Agra,"Sector-3B Avas Vikas Colony, Agra - UPPCB",14-12-2025 23:00,27.19412,77.96237,NH3,9,10,9
India,Uttar_Pradesh,Agra,"Sector-3B Avas Vikas Colony, Agra - UPPCB",14-12-2025 23:00,27.19412,77.96237,OZONE,4,15,7
India,Uttar_Pradesh,Agra,"Shahjahan Garden, Agra - UPPCB",14-12-2025 23:00,27.169338,78.03582,CO,32,108,67
India,Uttar_Pradesh,Agra,"Shastripuram, Agra - UPPCB",14-12-2025 23:00,27.19862,77.92066,PM2.5,66,309,185
India,Uttar_Pradesh,Baghpat,"Sardar Patel Inter College, Baghpat - UPPCB",14-12-2025 23:00,28.964949,77.278761,CO,16,55,32
India,TamilNadu,Ramanathapuram,"Chalai Bazaar, Ramanathapuram - TNPCB",14-12-2025 23:00,9.36399,78.831977,OZONE,4,6,5
India,TamilNadu,Thanjavur,"Parisutham Nagar, Thanjavur - TNPCB",14-12-2025 23:00,10.7654824,79.1389968,SO2,16,17,17
India,TamilNadu,Tirunelveli,"Municipal Corporation Office, Tirunelveli - TNPCB",14-12-2025 23:00,8.728442,77.6962,SO2,5,71,12
India,TamilNadu,Virudhunagar,"Collectorate Office, Virudhunagar - TNPCB",14-12-2025 23:00,9.559382,77.948828,SO2,NA,NA,NA
India,Telangana,Hyderabad,"Bollaram Industrial Area, Hyderabad - TSPCB",14-12-2025 23:00,17.540891,78.358528,SO2,4,9,6
India,Telangana,Hyderabad,"Central University, Hyderabad - TSPCB",14-12-2025 23:00,17.460103,78.334361,SO2,9,18,13
India,Telangana,Hyderabad,"Central University, Hyderabad - TSPCB",14-12-2025 23:00,17.460103,78.334361,CO,18,64,40
India,Telangana,Hyderabad,"IITH Kandi, Hyderabad - TSPCB",14-12-2025 23:00,17.585705,78.126199,PM10,61,85,73
India,Telangana,Hyderabad,"IITH Kandi, Hyderabad - TSPCB",14-12-2025 23:00,17.585705,78.126199,OZONE,18,28,24
India,Tripura,Agartala,"Bardowali, Agartala - Tripura SPCB",14-12-2025 23:00,23.8175497,91.2726974,NO2,13,13,13
India,Uttar_Pradesh,Agra,"Manoharpur, Agra - UPPCB",14-12-2025 23:00,27.23711,78.01936,PM10,93,248,181
India,Uttar_Pradesh,Agra,"Manoharpur, Agra - UPPCB",14-12-2025 23:00,27.23711,78.01936,NO2,29,30,29
India,Uttar_Pradesh,Agra,"Manoharpur, Agra - UPPCB",14-12-2025 23:00,27.23711,78.01936,SO2,65,88,74
India,Uttar_Pradesh,Agra,"Manoharpur, Agra - UPPCB",14-12-2025 23:00,27.23711,78.01936,CO,22,28,23
India,Uttar_Pradesh,Greater Noida,"Knowledge Park - V, Greater Noida - UPPCB",14-12-2025 23:00,28.557054,77.453663,SO2,11,17,13
India,Uttar_Pradesh,Greater Noida,"Knowledge Park - V, Greater Noida - UPPCB",14-12-2025 23:00,28.557054,77.453663,CO,24,122,84
India,Uttar_Pradesh,Kanpur,"FTI Kidwai Nagar, Kanpur - UPPCB",14-12-2025 23:00,26.428282,80.327067,NO2,25,25,25
India,Uttar_Pradesh,Kanpur,"FTI Kidwai Nagar, Kanpur - UPPCB",14-12-2025 23:00,26.428282,80.327067,OZONE,13,14,14
India,Telangana,Hyderabad,"Kokapet, Hyderabad - TSPCB",14-12-2025 23:00,17.393559,78.339194,PM2.5,48,68,56
India,Telangana,Hyderabad,"Kokapet, Hyderabad - TSPCB",14-12-2025 23:00,17.393559,78.339194,CO,21,37,33
India,Telangana,Hyderabad,"Kompally Municipal Office, Hyderabad - TSPCB",14-12-2025 23:00,17.544899,78.486949,NH3,NA,NA,NA
India,Telangana,Hyderabad,"Nacharam_TSIIC IALA, Hyderabad - TSPCB",14-12-2025 23:00,17.429398,78.569354,PM2.5,NA,NA,NA
India,Telangana,Hyderabad,"Zoo Park, Hyderabad - TSPCB",14-12-2025 23:00,17.349694,78.451437,PM10,96,155,126
India,Uttarakhand,Rishikesh,"Shivaji Nagar, Rishikesh - UKPCB",14-12-2025 23:00,30.075911,78.2859547,PM2.5,43,80,58
India,Uttarakhand,Rishikesh,"Shivaji Nagar, Rishikesh - UKPCB",14-12-2025 23:00,30.075911,78.2859547,PM10,43,80,58
India,Uttarakhand,Rishikesh,"Shivaji Nagar, Rishikesh - UKPCB",14-12-2025 23:00,30.075911,78.2859547,SO2,3,3,3
India,Uttarakhand,Rishikesh,"Shivaji Nagar, Rishikesh - UKPCB",14-12-2025 23:00,30.075911,78.2859547,CO,26,44,39
India,West_Bengal,Asansol,"Asansol Court Area, Asansol - WBPCB",14-12-2025 23:00,23.685297,86.945968,PM10,53,147,109
India,West_Bengal,Asansol,"Asansol Court Area, Asansol - WBPCB",14-12-2025 23:00,23.685297,86.945968,SO2,19,42,25
India,West_Bengal,Asansol,"Asansol Court Area, Asansol - WBPCB",14-12-2025 23:00,23.685297,86.945968,CO,19,99,64
India,West_Bengal,Asansol,"Evelyn Lodge, Asansol - WBPCB",14-12-2025 23:00,23.697936,86.944395,NO2,10,64,30
India,West_Bengal,Asansol,"Mahabir Colliery, Asansol - WBPCB",14-12-2025 23:00,23.618183,87.105718,PM10,50,198,123
India,West_Bengal,Asansol,"Mahabir Colliery, Asansol - WBPCB",14-12-2025 23:00,23.618183,87.105718,NO2,12,74,34
India,Uttar_Pradesh,Varanasi,"IESD Banaras Hindu University, Varanasi - UPPCB",14-12-2025 23:00,25.262326,82.995408,PM2.5,49,324,197
India,Uttar_Pradesh,Varanasi,"Maldahiya, Varanasi - UPPCB",14-12-2025 23:00,25.32393,82.99687,PM2.5,84,346,243
India,Uttar_Pradesh,Vrindavan,"Omex Eternity, Vrindavan - UPPCB",14-12-2025 23:00,27.571409,77.655757,NH3,2,4,2
India,Uttarakhand,Dehradun,"Doon University, Dehradun - UKPCB",14-12-2025 23:00,30.269444,78.044167,PM2.5,42,206,112
India,Uttarakhand,Dehradun,"Doon University, Dehradun - UKPCB",14-12-2025 23:00,30.269444,78.044167,PM10,42,110,82
India,Uttarakhand,Kashipur,"Govt. Girls Inter College, Kashipur - UKPCB",14-12-2025 23:00,29.2124114,78.9611753,NO2,9,44,16
India,Uttarakhand,Kashipur,"Govt. Girls Inter College, Kashipur - UKPCB",14-12-2025 23:00,29.2124114,78.9611753,SO2,2,11,8
India,Uttar_Pradesh,Prayagraj,"Jhunsi, Prayagraj - UPPCB",14-12-2025 23:00,25.425602,81.917152,NH3,5,5,5
India,Uttar_Pradesh,Prayagraj,"Jhunsi, Prayagraj - UPPCB",14-12-2025 23:00,25.425602,81.917152,OZONE,16,25,19
India,Uttar_Pradesh,Prayagraj,"Nagar Nigam, Prayagraj - UPPCB",14-12-2025 23:00,25.44919916,81.82735986,SO2,66,91,80
India,Uttar_Pradesh,Prayagraj,"Nagar Nigam, Prayagraj - UPPCB",14-12-2025 23:00,25.44919916,81.82735986,CO,62,108,90
India,Uttar_Pradesh,Varanasi,"Ardhali Bazar, Varanasi - UPPCB",14-12-2025 23:00,25.3505986,82.9083074,CO,10,28,11
India,Uttar_Pradesh,Varanasi,"Bhelupur, Varanasi - UPPCB",14-12-2025 23:00,25.301778,82.996789,PM10,95,247,146
India,Uttar_Pradesh,Varanasi,"Bhelupur, Varanasi - UPPCB",14-12-2025 23:00,25.301778,82.996789,NO2,8,8,8
India,Uttar_Pradesh,Varanasi,"Bhelupur, Varanasi - UPPCB",14-12-2025 23:00,25.301778,82.996789,SO2,28,36,32
India,Uttar_Pradesh,Varanasi,"Bhelupur, Varanasi - UPPCB",14-12-2025 23:00,25.301778,82.996789,CO,35,140,61
India,Uttar_Pradesh,Lucknow,"Kukrail Picnic Spot-1, Lucknow - UPPCB",14-12-2025 23:00,26.90723,80.98579,NO2,31,33,32
India,Uttar_Pradesh,Lucknow,"Lalbagh, Lucknow - CPCB",14-12-2025 23:00,26.8458805,80.9365541,PM2.5,135,306,217
India,Uttar_Pradesh,Lucknow,"Lalbagh, Lucknow - CPCB",14-12-2025 23:00,26.8458805,80.9365541,NO2,25,31,29
India,Uttar_Pradesh,Lucknow,"Lalbagh, Lucknow - CPCB",14-12-2025 23:00,26.8458805,80.9365541,NH3,15,22,19
India,Uttar_Pradesh,Lucknow,"Lalbagh, Lucknow - CPCB",14-12-2025 23:00,26.8458805,80.9365541,CO,25,50,35
India,Uttar_Pradesh,Lucknow,"Talkatora District Industries Center, Lucknow - CPCB",14-12-2025 23:00,26.83399722,80.8917361,PM2.5,136,477,318
India,Uttar_Pradesh,Lucknow,"Talkatora District Industries Center, Lucknow - CPCB",14-12-2025 23:00,26.83399722,80.8917361,PM10,96,412,304
India,Uttar_Pradesh,Lucknow,"Talkatora District Industries Center, Lucknow - CPCB",14-12-2025 23:00,26.83399722,80.8917361,NO2,45,71,57
India,Uttar_Pradesh,Moradabad,"Eco Herbal Park, Moradabad - UPPCB",14-12-2025 23:00,28.840739,78.697531,PM2.5,75,283,144
India,Uttar_Pradesh,Moradabad,"Eco Herbal Park, Moradabad - UPPCB",14-12-2025 23:00,28.840739,78.697531,NH3,5,11,7
India,Uttar_Pradesh,Moradabad,"Eco Herbal Park, Moradabad - UPPCB",14-12-2025 23:00,28.840739,78.697531,CO,8,86,63
India,Uttar_Pradesh,Moradabad,"Employment Office, Moradabad - UPPCB",14-12-2025 23:00,28.88528,78.7388,NO2,16,16,16
India,Uttar_Pradesh,Moradabad,"Jigar Colony, Moradabad - UPPCB",14-12-2025 23:00,28.856664,78.772638,PM10,63,176,98
India,Uttar_Pradesh,Moradabad,"Jigar Colony, Moradabad - UPPCB",14-12-2025 23:00,28.856664,78.772638,NO2,23,25,25
India,Uttar_Pradesh,Moradabad,"Jigar Colony, Moradabad - UPPCB",14-12-2025 23:00,28.856664,78.772638,NH3,6,8,6
India,Uttar_Pradesh,Moradabad,"Jigar Colony, Moradabad - UPPCB",14-12-2025 23:00,28.856664,78.772638,SO2,25,50,42
India,Uttar_Pradesh,Kanpur,"NSI Kalyanpur, Kanpur - UPPCB",14-12-2025 23:00,26.509954,80.249612,OZONE,16,18,17
India,Uttar_Pradesh,Khurja,"Kalindi Kunj, Khurja - UPPCB",14-12-2025 23:00,28.2348927,77.8683002,PM2.5,109,374,279
India,Uttar_Pradesh,Lucknow,"B R Ambedkar University, Lucknow - UPPCB",14-12-2025 23:00,26.766433,80.927299,NO2,21,22,22
India,Uttar_Pradesh,Lucknow,"B R Ambedkar University, Lucknow - UPPCB",14-12-2025 23:00,26.766433,80.927299,NH3,6,21,13
India,Uttar_Pradesh,Lucknow,"B R Ambedkar University, Lucknow - UPPCB",14-12-2025 23:00,26.766433,80.927299,SO2,24,25,24
India,Uttar_Pradesh,Moradabad,"Kashiram Nagar, Moradabad - UPPCB",14-12-2025 23:00,28.849399,78.742362,SO2,14,127,81
India,Uttar_Pradesh,Moradabad,"Transport Nagar, Moradabad - UPPCB",14-12-2025 23:00,28.802625,78.753728,CO,32,48,43
India,Uttar_Pradesh,Muzaffarnagar,"New Mandi, Muzaffarnagar - UPPCB",14-12-2025 23:00,29.4723508,77.7194031,PM2.5,221,448,345
India,Uttar_Pradesh,Muzaffarnagar,"New Mandi, Muzaffarnagar - UPPCB",14-12-2025 23:00,29.4723508,77.7194031,CO,30,138,88
India,Uttar_Pradesh,Noida,"Sector - 125, Noida - UPPCB",14-12-2025 23:00,28.5447608,77.3231257,NO2,34,124,57
India,Uttar_Pradesh,Noida,"Sector - 62, Noida - IMD",14-12-2025 23:00,28.6245479,77.3577104,NO2,19,65,39
India,Uttar_Pradesh,Noida,"Sector - 62, Noida - IMD",14-12-2025 23:00,28.6245479,77.3577104,OZONE,39,163,74
India,Uttar_Pradesh,Noida,"Sector-116, Noida - UPPCB",14-12-2025 23:00,28.56923,77.393848,OZONE,6,236,70
India,Uttar_Pradesh,Meerut,"Ganga Nagar, Meerut - UPPCB",14-12-2025 23:00,28.999264,77.7590354,CO,8,117,88
India,Uttar_Pradesh,Meerut,"Pallavpuram Phase 2, Meerut - UPPCB",14-12-2025 23:00,29.06351,77.709723,NO2,26,117,54
India,Uttar_Pradesh,Moradabad,"Buddhi Vihar, Moradabad - UPPCB",14-12-2025 23:00,28.83526,78.7446,PM2.5,49,317,148
India,West_Bengal,Asansol,"Mahabir Colliery, Asansol - WBPCB",14-12-2025 23:00,23.618183,87.105718,OZONE,6,50,20
India,West_Bengal,Asansol,"Trivenidevi Bhalotia College, Asansol - WBPCB",14-12-2025 23:00,23.616515,87.119133,NO2,18,42,29
India,West_Bengal,Durgapur,"Mahishkapur Road_B-Zone, Durgapur - WBPCB",14-12-2025 23:00,23.567923,87.306843,PM2.5,39,193,95
India,West_Bengal,Durgapur,"Mahishkapur Road_B-Zone, Durgapur - WBPCB",14-12-2025 23:00,23.567923,87.306843,SO2,13,55,24
India,West_Bengal,Durgapur,"Womens College_City Center, Durgapur - WBPCB (Formerly known as Sidhu Kanhu Indoor Stadium)",14-12-2025 23:00,23.549395,87.300496,CO,22,66,37
India,West_Bengal,Durgapur,"Womens College_City Center, Durgapur - WBPCB (Formerly known as Sidhu Kanhu Indoor Stadium)",14-12-2025 23:00,23.549395,87.300496,OZONE,1,55,9
India,West_Bengal,Howrah,"Belur Math, Howrah - WBPCB",14-12-2025 23:00,22.629801,88.352017,NH3,7,13,10
India,West_Bengal,Howrah,"Belur Math, Howrah - WBPCB",14-12-2025 23:00,22.629801,88.352017,SO2,8,20,11
India,West_Bengal,Howrah,"Belur Math, Howrah - WBPCB",14-12-2025 23:00,22.629801,88.352017,CO,7,101,59
India,West_Bengal,Howrah,"Botanical Garden, Howrah - WBPCB",14-12-2025 23:00,22.554954,88.292568,SO2,11,31,15
India,West_Bengal,Howrah,"Ghusuri, Howrah - WBPCB",14-12-2025 23:00,22.611968,88.347422,SO2,10,15,13
India,West_Bengal,Howrah,"Ghusuri, Howrah - WBPCB",14-12-2025 23:00,22.611968,88.347422,OZONE,10,31,12
India,West_Bengal,Howrah,"Padmapukur, Howrah - WBPCB",14-12-2025 23:00,22.5687319,88.2797276,PM10,NA,NA,NA
India,West_Bengal,Kolkata,"Ballygunge, Kolkata - WBPCB",14-12-2025 23:00,22.5367507,88.3638022,NH3,7,13,9
India,West_Bengal,Kolkata,"Bidhannagar, Kolkata - WBPCB",14-12-2025 23:00,22.58157048,88.41002457,PM2.5,NA,NA,NA
India,West_Bengal,Kolkata,"Bidhannagar, Kolkata - WBPCB",14-12-2025 23:00,22.58157048,88.41002457,CO,NA,NA,NA
India,West_Bengal,Kolkata,"Fort William, Kolkata - WBPCB",14-12-2025 23:00,22.55664,88.342674,PM2.5,42,211,104
India,West_Bengal,Kolkata,"Fort William, Kolkata - WBPCB",14-12-2025 23:00,22.55664,88.342674,PM10,54,166,106
India,West_Bengal,Kolkata,"Jadavpur, Kolkata - WBPCB",14-12-2025 23:00,22.49929,88.36917,CO,14,95,32
India,West_Bengal,Siliguri,"Ward-32 Bapupara, Siliguri - WBPCB",14-12-2025 23:00,26.6879226,88.4152495,PM2.5,29,83,54
